Timestamp; Requests by Dispatcher; Read by Dispatcher; Read Queue;  Remaining Q1; Remaining Q2; Remaining Q3; Remaining Q4; Remaining queue expired
1083;533;100;1;Remaining Q0;Remaining Q232;Remaining Q303;Remaining Q1365;0
1090;700;232;2;Remaining Q0;Remaining Q0;Remaining Q303;Remaining Q1365;0
1093;601;303;3;Remaining Q0;Remaining Q0;Remaining Q0;Remaining Q1365;0
1096;365;365;4;Remaining Q0;Remaining Q0;Remaining Q0;Remaining Q1000;0
2047;533;112;1;Remaining Q0;Remaining Q195;Remaining Q290;Remaining Q2403;0
2050;688;195;2;Remaining Q0;Remaining Q0;Remaining Q290;Remaining Q2403;0
2052;626;290;3;Remaining Q0;Remaining Q0;Remaining Q0;Remaining Q2403;0
2054;403;403;4;Remaining Q0;Remaining Q0;Remaining Q0;Remaining Q2000;0
3055;533;83;1;Remaining Q0;Remaining Q145;Remaining Q225;Remaining Q3070;0
3058;717;145;2;Remaining Q0;Remaining Q0;Remaining Q225;Remaining Q3070;0
3060;705;225;3;Remaining Q0;Remaining Q0;Remaining Q0;Remaining Q3070;0
3062;547;547;4;Remaining Q0;Remaining Q0;Remaining Q0;Remaining Q2523;0
4065;533;22;1;Remaining Q0;Remaining Q27;Remaining Q58;Remaining Q2815;0
4067;778;27;2;Remaining Q0;Remaining Q0;Remaining Q58;Remaining Q2815;0
4071;884;58;3;Remaining Q0;Remaining Q0;Remaining Q0;Remaining Q2815;0
4072;893;893;4;Remaining Q0;Remaining Q0;Remaining Q0;Remaining Q1922;0
5079;533;70;1;Remaining Q0;Remaining Q132;Remaining Q216;Remaining Q2897;0
5081;730;132;2;Remaining Q0;Remaining Q0;Remaining Q216;Remaining Q2897;0
5083;731;216;3;Remaining Q0;Remaining Q0;Remaining Q0;Remaining Q2897;0
5084;582;582;4;Remaining Q0;Remaining Q0;Remaining Q0;Remaining Q2315;0
6082;533;30;1;Remaining Q0;Remaining Q74;Remaining Q123;Remaining Q2842;0
6084;770;106;2;Remaining Q19;Remaining Q0;Remaining Q170;Remaining Q3051;0
6085;797;170;3;Remaining Q19;Remaining Q0;Remaining Q0;Remaining Q3051;0
6088;694;694;4;Remaining Q19;Remaining Q0;Remaining Q0;Remaining Q2357;0
7098;533;41;1;Remaining Q0;Remaining Q51;Remaining Q68;Remaining Q2692;0
7100;759;51;2;Remaining Q0;Remaining Q0;Remaining Q68;Remaining Q2692;0
7102;841;68;3;Remaining Q0;Remaining Q0;Remaining Q0;Remaining Q2692;0
7105;840;840;4;Remaining Q0;Remaining Q0;Remaining Q0;Remaining Q1852;0
8104;533;29;1;Remaining Q0;Remaining Q75;Remaining Q119;Remaining Q2383;0
8106;771;75;2;Remaining Q0;Remaining Q0;Remaining Q119;Remaining Q2383;0
8108;829;119;3;Remaining Q0;Remaining Q0;Remaining Q0;Remaining Q2383;0
8110;777;777;4;Remaining Q0;Remaining Q0;Remaining Q0;Remaining Q1606;0
9107;533;43;1;Remaining Q0;Remaining Q105;Remaining Q158;Remaining Q2300;0
9110;757;105;2;Remaining Q0;Remaining Q0;Remaining Q158;Remaining Q2300;0
9114;785;158;3;Remaining Q0;Remaining Q0;Remaining Q0;Remaining Q2300;0
9117;694;694;4;Remaining Q0;Remaining Q0;Remaining Q0;Remaining Q1606;0
10108;533;44;1;Remaining Q0;Remaining Q83;Remaining Q140;Remaining Q2271;0
10110;756;83;2;Remaining Q0;Remaining Q0;Remaining Q140;Remaining Q2271;0
10114;806;140;3;Remaining Q0;Remaining Q0;Remaining Q0;Remaining Q2271;0
10117;733;733;4;Remaining Q0;Remaining Q0;Remaining Q0;Remaining Q1538;0
11108;533;72;1;Remaining Q0;Remaining Q148;Remaining Q221;Remaining Q2581;0
11112;728;148;2;Remaining Q0;Remaining Q0;Remaining Q221;Remaining Q2581;0
11114;713;221;3;Remaining Q0;Remaining Q0;Remaining Q0;Remaining Q2581;0
11116;559;559;4;Remaining Q0;Remaining Q0;Remaining Q0;Remaining Q2022;0
12112;533;13;1;Remaining Q0;Remaining Q32;Remaining Q56;Remaining Q2230;0
12114;787;32;2;Remaining Q0;Remaining Q0;Remaining Q56;Remaining Q2230;0
12116;888;56;3;Remaining Q0;Remaining Q0;Remaining Q0;Remaining Q2230;0
12118;899;899;4;Remaining Q0;Remaining Q0;Remaining Q0;Remaining Q1331;0
13128;533;60;1;Remaining Q0;Remaining Q155;Remaining Q215;Remaining Q2322;0
13130;740;155;2;Remaining Q0;Remaining Q0;Remaining Q215;Remaining Q2322;0
13132;718;215;3;Remaining Q0;Remaining Q0;Remaining Q0;Remaining Q2322;0
13134;570;570;4;Remaining Q0;Remaining Q0;Remaining Q0;Remaining Q1752;0
14130;533;32;1;Remaining Q0;Remaining Q65;Remaining Q82;Remaining Q2178;0
14133;768;65;2;Remaining Q0;Remaining Q0;Remaining Q82;Remaining Q2178;0
14135;836;199;3;Remaining Q42;Remaining Q63;Remaining Q0;Remaining Q2747;0
14137;704;704;4;Remaining Q42;Remaining Q63;Remaining Q0;Remaining Q2043;0
15144;533;87;1;Remaining Q0;Remaining Q150;Remaining Q127;Remaining Q2622;0
15146;713;150;2;Remaining Q0;Remaining Q0;Remaining Q127;Remaining Q2622;0
15148;696;127;3;Remaining Q0;Remaining Q0;Remaining Q0;Remaining Q2622;0
15150;636;636;4;Remaining Q0;Remaining Q0;Remaining Q0;Remaining Q1986;0
16157;533;19;1;Remaining Q0;Remaining Q30;Remaining Q33;Remaining Q2216;0
16160;781;130;2;Remaining Q54;Remaining Q0;Remaining Q177;Remaining Q2918;0
16162;784;177;3;Remaining Q54;Remaining Q0;Remaining Q0;Remaining Q2918;0
16164;674;674;4;Remaining Q54;Remaining Q0;Remaining Q0;Remaining Q2244;0
17168;533;102;1;Remaining Q0;Remaining Q90;Remaining Q150;Remaining Q2956;0
17172;698;184;2;Remaining Q62;Remaining Q0;Remaining Q309;Remaining Q3641;0
17174;647;309;3;Remaining Q62;Remaining Q0;Remaining Q0;Remaining Q3641;0
17175;405;405;4;Remaining Q62;Remaining Q0;Remaining Q0;Remaining Q3236;0
18181;533;116;1;Remaining Q0;Remaining Q97;Remaining Q144;Remaining Q3941;0
18184;684;97;2;Remaining Q0;Remaining Q0;Remaining Q144;Remaining Q3941;0
18186;720;146;3;Remaining Q1;Remaining Q1;Remaining Q0;Remaining Q3949;0
18188;641;641;4;Remaining Q1;Remaining Q1;Remaining Q0;Remaining Q3308;0
19180;533;38;1;Remaining Q0;Remaining Q72;Remaining Q126;Remaining Q3841;0
19183;762;72;2;Remaining Q0;Remaining Q0;Remaining Q126;Remaining Q3841;0
19185;823;126;3;Remaining Q0;Remaining Q0;Remaining Q0;Remaining Q3841;0
19187;764;764;4;Remaining Q0;Remaining Q0;Remaining Q0;Remaining Q3077;0
20184;533;29;1;Remaining Q0;Remaining Q76;Remaining Q91;Remaining Q3601;0
20186;771;76;2;Remaining Q0;Remaining Q0;Remaining Q91;Remaining Q3601;0
20188;828;91;3;Remaining Q0;Remaining Q0;Remaining Q0;Remaining Q3601;0
20189;804;804;4;Remaining Q0;Remaining Q0;Remaining Q0;Remaining Q2797;0
21199;533;106;1;Remaining Q0;Remaining Q189;Remaining Q279;Remaining Q4223;0
21201;694;189;2;Remaining Q0;Remaining Q0;Remaining Q279;Remaining Q4223;0
21206;638;423;3;Remaining Q45;Remaining Q97;Remaining Q0;Remaining Q4937;0
21208;282;282;4;Remaining Q45;Remaining Q97;Remaining Q0;Remaining Q4655;0
22209;533;77;1;Remaining Q0;Remaining Q154;Remaining Q100;Remaining Q5153;0
22211;723;154;2;Remaining Q0;Remaining Q0;Remaining Q100;Remaining Q5153;0
22212;702;100;3;Remaining Q0;Remaining Q0;Remaining Q0;Remaining Q5153;0
22215;669;669;4;Remaining Q0;Remaining Q0;Remaining Q0;Remaining Q4484;0
23219;533;54;1;Remaining Q0;Remaining Q101;Remaining Q129;Remaining Q5200;0
23221;746;117;2;Remaining Q8;Remaining Q0;Remaining Q149;Remaining Q5334;0
23223;762;149;3;Remaining Q8;Remaining Q0;Remaining Q0;Remaining Q5334;0
23225;680;680;4;Remaining Q8;Remaining Q0;Remaining Q0;Remaining Q4654;0
24231;533;72;1;Remaining Q0;Remaining Q105;Remaining Q149;Remaining Q5336;0
24234;728;105;2;Remaining Q0;Remaining Q0;Remaining Q149;Remaining Q5336;0
24236;756;308;3;Remaining Q54;Remaining Q101;Remaining Q0;Remaining Q6022;0
24239;515;515;4;Remaining Q54;Remaining Q101;Remaining Q0;Remaining Q5507;0
25232;533;94;1;Remaining Q0;Remaining Q196;Remaining Q166;Remaining Q6206;0
25236;706;196;2;Remaining Q0;Remaining Q0;Remaining Q166;Remaining Q6206;0
25239;643;166;3;Remaining Q0;Remaining Q0;Remaining Q0;Remaining Q6206;0
25242;544;544;4;Remaining Q0;Remaining Q0;Remaining Q0;Remaining Q5662;0
26238;533;71;1;Remaining Q0;Remaining Q125;Remaining Q174;Remaining Q6471;0
26240;729;125;2;Remaining Q0;Remaining Q0;Remaining Q174;Remaining Q6471;0
26243;737;174;3;Remaining Q0;Remaining Q0;Remaining Q0;Remaining Q6471;0
26245;630;630;4;Remaining Q0;Remaining Q0;Remaining Q0;Remaining Q5841;0
27246;533;37;1;Remaining Q0;Remaining Q71;Remaining Q96;Remaining Q6277;0
27249;763;71;2;Remaining Q0;Remaining Q0;Remaining Q96;Remaining Q6277;0
27251;825;96;3;Remaining Q0;Remaining Q0;Remaining Q0;Remaining Q6277;0
27254;796;796;4;Remaining Q0;Remaining Q0;Remaining Q0;Remaining Q5481;0
28246;533;68;1;Remaining Q0;Remaining Q157;Remaining Q185;Remaining Q6428;0
28249;732;157;2;Remaining Q0;Remaining Q0;Remaining Q185;Remaining Q6428;0
28251;708;185;3;Remaining Q0;Remaining Q0;Remaining Q0;Remaining Q6428;0
28254;590;590;4;Remaining Q0;Remaining Q0;Remaining Q0;Remaining Q5838;0
29255;533;77;1;Remaining Q0;Remaining Q149;Remaining Q213;Remaining Q6844;0
29258;723;149;2;Remaining Q0;Remaining Q0;Remaining Q213;Remaining Q6844;0
29263;707;213;3;Remaining Q0;Remaining Q0;Remaining Q0;Remaining Q6844;0
29266;561;561;4;Remaining Q0;Remaining Q0;Remaining Q0;Remaining Q6283;0
30261;533;51;1;Remaining Q0;Remaining Q108;Remaining Q145;Remaining Q6979;0
30263;749;108;2;Remaining Q0;Remaining Q0;Remaining Q145;Remaining Q6979;0
30266;774;145;3;Remaining Q0;Remaining Q0;Remaining Q0;Remaining Q6979;0
30269;696;696;4;Remaining Q0;Remaining Q0;Remaining Q0;Remaining Q6283;0
31274;533;41;1;Remaining Q0;Remaining Q81;Remaining Q111;Remaining Q6849;0
31278;759;81;2;Remaining Q0;Remaining Q0;Remaining Q111;Remaining Q6849;0
31279;811;111;3;Remaining Q0;Remaining Q0;Remaining Q0;Remaining Q6849;0
31281;767;767;4;Remaining Q0;Remaining Q0;Remaining Q0;Remaining Q6082;0
32276;533;58;1;Remaining Q0;Remaining Q119;Remaining Q183;Remaining Q6933;0
32279;742;119;2;Remaining Q0;Remaining Q0;Remaining Q183;Remaining Q6933;0
32281;756;183;3;Remaining Q0;Remaining Q0;Remaining Q0;Remaining Q6933;0
32283;640;640;4;Remaining Q0;Remaining Q0;Remaining Q0;Remaining Q6293;0
33284;533;11;1;Remaining Q0;Remaining Q40;Remaining Q56;Remaining Q6542;0
33287;789;40;2;Remaining Q0;Remaining Q0;Remaining Q56;Remaining Q6542;0
33288;882;56;3;Remaining Q0;Remaining Q0;Remaining Q0;Remaining Q6542;0
33290;893;893;4;Remaining Q0;Remaining Q0;Remaining Q0;Remaining Q5649;0
34290;533;35;1;Remaining Q0;Remaining Q66;Remaining Q102;Remaining Q6104;0
34293;765;66;2;Remaining Q0;Remaining Q0;Remaining Q102;Remaining Q6104;0
34295;832;102;3;Remaining Q0;Remaining Q0;Remaining Q0;Remaining Q6104;0
34297;797;797;4;Remaining Q0;Remaining Q0;Remaining Q0;Remaining Q5307;0
35295;533;72;1;Remaining Q0;Remaining Q128;Remaining Q213;Remaining Q6301;0
35297;728;128;2;Remaining Q0;Remaining Q0;Remaining Q213;Remaining Q6301;0
35299;733;213;3;Remaining Q0;Remaining Q0;Remaining Q0;Remaining Q6301;0
35302;587;587;4;Remaining Q0;Remaining Q0;Remaining Q0;Remaining Q5714;0
36303;533;97;1;Remaining Q0;Remaining Q186;Remaining Q247;Remaining Q7059;0
36305;703;186;2;Remaining Q0;Remaining Q0;Remaining Q247;Remaining Q7059;0
36306;650;247;3;Remaining Q0;Remaining Q0;Remaining Q0;Remaining Q7059;0
36308;470;470;4;Remaining Q0;Remaining Q0;Remaining Q0;Remaining Q6589;0
37309;533;71;1;Remaining Q0;Remaining Q126;Remaining Q186;Remaining Q7467;0
37312;729;126;2;Remaining Q0;Remaining Q0;Remaining Q186;Remaining Q7467;0
37315;736;186;3;Remaining Q0;Remaining Q0;Remaining Q0;Remaining Q7467;0
37318;617;617;4;Remaining Q0;Remaining Q0;Remaining Q0;Remaining Q6850;0
38321;533;82;1;Remaining Q0;Remaining Q129;Remaining Q195;Remaining Q7883;0
38323;718;129;2;Remaining Q0;Remaining Q0;Remaining Q195;Remaining Q7883;0
38325;722;195;3;Remaining Q0;Remaining Q0;Remaining Q0;Remaining Q7883;0
38327;594;594;4;Remaining Q0;Remaining Q0;Remaining Q0;Remaining Q7289;0
39326;533;69;1;Remaining Q0;Remaining Q151;Remaining Q238;Remaining Q8388;0
39329;731;151;2;Remaining Q0;Remaining Q0;Remaining Q238;Remaining Q8388;0
39331;713;238;3;Remaining Q0;Remaining Q0;Remaining Q0;Remaining Q8388;0
39334;542;542;4;Remaining Q0;Remaining Q0;Remaining Q0;Remaining Q7846;0
40335;533;35;1;Remaining Q0;Remaining Q68;Remaining Q98;Remaining Q8360;0
40337;765;68;2;Remaining Q0;Remaining Q0;Remaining Q98;Remaining Q8360;0
40339;830;98;3;Remaining Q0;Remaining Q0;Remaining Q0;Remaining Q8360;0
40341;799;799;4;Remaining Q0;Remaining Q0;Remaining Q0;Remaining Q7561;0
41345;533;16;1;Remaining Q0;Remaining Q52;Remaining Q69;Remaining Q7878;0
41347;784;52;2;Remaining Q0;Remaining Q0;Remaining Q69;Remaining Q7878;0
41349;865;69;3;Remaining Q0;Remaining Q0;Remaining Q0;Remaining Q7878;0
41351;863;863;4;Remaining Q0;Remaining Q0;Remaining Q0;Remaining Q7015;0
42353;533;76;1;Remaining Q0;Remaining Q125;Remaining Q221;Remaining Q7955;0
42354;724;125;2;Remaining Q0;Remaining Q0;Remaining Q221;Remaining Q7955;0
42356;732;221;3;Remaining Q0;Remaining Q0;Remaining Q0;Remaining Q7955;0
42358;578;578;4;Remaining Q0;Remaining Q0;Remaining Q0;Remaining Q7377;0
43361;533;85;1;Remaining Q0;Remaining Q161;Remaining Q272;Remaining Q8692;0
43364;715;161;2;Remaining Q0;Remaining Q0;Remaining Q272;Remaining Q8692;0
43366;687;272;3;Remaining Q0;Remaining Q0;Remaining Q0;Remaining Q8692;0
43369;482;482;4;Remaining Q0;Remaining Q0;Remaining Q0;Remaining Q8210;0
44377;533;46;1;Remaining Q0;Remaining Q91;Remaining Q124;Remaining Q8807;0
44379;754;91;2;Remaining Q0;Remaining Q0;Remaining Q124;Remaining Q8807;0
44382;796;124;3;Remaining Q0;Remaining Q0;Remaining Q0;Remaining Q8807;0
44384;739;739;4;Remaining Q0;Remaining Q0;Remaining Q0;Remaining Q8068;0
45392;533;37;1;Remaining Q0;Remaining Q108;Remaining Q141;Remaining Q8730;0
45393;763;108;2;Remaining Q0;Remaining Q0;Remaining Q141;Remaining Q8730;0
45395;788;141;3;Remaining Q0;Remaining Q0;Remaining Q0;Remaining Q8730;0
45397;714;714;4;Remaining Q0;Remaining Q0;Remaining Q0;Remaining Q8016;0
46402;533;18;1;Remaining Q0;Remaining Q32;Remaining Q45;Remaining Q8255;0
46403;782;32;2;Remaining Q0;Remaining Q0;Remaining Q45;Remaining Q8255;0
46404;883;45;3;Remaining Q0;Remaining Q0;Remaining Q0;Remaining Q8255;0
46405;905;905;4;Remaining Q0;Remaining Q0;Remaining Q0;Remaining Q7350;0
47402;533;91;1;Remaining Q0;Remaining Q173;Remaining Q277;Remaining Q8603;0
47404;709;173;2;Remaining Q0;Remaining Q0;Remaining Q277;Remaining Q8603;0
47405;669;277;3;Remaining Q0;Remaining Q0;Remaining Q0;Remaining Q8603;0
47407;459;459;4;Remaining Q0;Remaining Q0;Remaining Q0;Remaining Q8144;0
48415;533;92;1;Remaining Q0;Remaining Q197;Remaining Q292;Remaining Q9563;0
48417;708;197;2;Remaining Q0;Remaining Q0;Remaining Q292;Remaining Q9563;0
48419;644;292;3;Remaining Q0;Remaining Q0;Remaining Q0;Remaining Q9563;0
48421;419;419;4;Remaining Q0;Remaining Q0;Remaining Q0;Remaining Q9144;0
49426;533;92;1;Remaining Q0;Remaining Q167;Remaining Q248;Remaining Q10384;0
49427;708;167;2;Remaining Q0;Remaining Q0;Remaining Q248;Remaining Q10384;0
49429;674;248;3;Remaining Q0;Remaining Q0;Remaining Q0;Remaining Q10384;0
49431;493;493;4;Remaining Q0;Remaining Q0;Remaining Q0;Remaining Q9891;0
50439;533;111;1;Remaining Q0;Remaining Q199;Remaining Q306;Remaining Q11275;0
50441;689;199;2;Remaining Q0;Remaining Q0;Remaining Q306;Remaining Q11275;0
50443;623;306;3;Remaining Q0;Remaining Q0;Remaining Q0;Remaining Q11275;0
50444;384;384;4;Remaining Q0;Remaining Q0;Remaining Q0;Remaining Q10891;0
51440;533;35;1;Remaining Q0;Remaining Q85;Remaining Q151;Remaining Q11538;0
51441;765;85;2;Remaining Q0;Remaining Q0;Remaining Q151;Remaining Q11538;0
51443;813;151;3;Remaining Q0;Remaining Q0;Remaining Q0;Remaining Q11538;0
51445;729;729;4;Remaining Q0;Remaining Q0;Remaining Q0;Remaining Q10809;0
52445;533;37;1;Remaining Q0;Remaining Q79;Remaining Q127;Remaining Q11427;0
52447;763;79;2;Remaining Q0;Remaining Q0;Remaining Q127;Remaining Q11427;0
52450;757;757;4;Remaining Q0;Remaining Q0;Remaining Q0;Remaining Q10670;0
52448;817;127;3;Remaining Q0;Remaining Q0;Remaining Q0;Remaining Q11427;0
53456;533;97;1;Remaining Q0;Remaining Q236;Remaining Q317;Remaining Q12020;0
53458;703;236;2;Remaining Q0;Remaining Q0;Remaining Q317;Remaining Q12020;0
53459;600;317;3;Remaining Q0;Remaining Q0;Remaining Q0;Remaining Q12020;0
53462;350;350;4;Remaining Q0;Remaining Q0;Remaining Q0;Remaining Q11670;0
54470;533;86;1;Remaining Q0;Remaining Q172;Remaining Q251;Remaining Q12823;0
54473;714;172;2;Remaining Q0;Remaining Q0;Remaining Q251;Remaining Q12823;0
54475;675;251;3;Remaining Q0;Remaining Q0;Remaining Q0;Remaining Q12823;0
54477;491;491;4;Remaining Q0;Remaining Q0;Remaining Q0;Remaining Q12332;0
55474;533;75;1;Remaining Q0;Remaining Q156;Remaining Q228;Remaining Q13428;0
55477;725;156;2;Remaining Q0;Remaining Q0;Remaining Q228;Remaining Q13428;0
55480;702;228;3;Remaining Q0;Remaining Q0;Remaining Q0;Remaining Q13428;0
55483;541;541;4;Remaining Q0;Remaining Q0;Remaining Q0;Remaining Q12887;0
56488;533;50;1;Remaining Q0;Remaining Q98;Remaining Q131;Remaining Q13608;0
56490;750;98;2;Remaining Q0;Remaining Q0;Remaining Q131;Remaining Q13608;0
56491;785;131;3;Remaining Q0;Remaining Q0;Remaining Q0;Remaining Q13608;0
56492;721;721;4;Remaining Q0;Remaining Q0;Remaining Q0;Remaining Q12887;0
57490;533;63;1;Remaining Q0;Remaining Q129;Remaining Q183;Remaining Q13787;0
57493;737;129;2;Remaining Q0;Remaining Q0;Remaining Q183;Remaining Q13787;0
57494;741;183;3;Remaining Q0;Remaining Q0;Remaining Q0;Remaining Q13787;0
57496;625;625;4;Remaining Q0;Remaining Q0;Remaining Q0;Remaining Q13162;0
58496;533;34;1;Remaining Q0;Remaining Q65;Remaining Q103;Remaining Q13648;0
58500;766;65;2;Remaining Q0;Remaining Q0;Remaining Q103;Remaining Q13648;0
58501;834;103;3;Remaining Q0;Remaining Q0;Remaining Q0;Remaining Q13648;0
58502;798;798;4;Remaining Q0;Remaining Q0;Remaining Q0;Remaining Q12850;0
59502;533;84;1;Remaining Q0;Remaining Q198;Remaining Q285;Remaining Q14157;0
59504;716;198;2;Remaining Q0;Remaining Q0;Remaining Q285;Remaining Q14157;0
59505;651;285;3;Remaining Q0;Remaining Q0;Remaining Q0;Remaining Q14157;0
59507;433;433;4;Remaining Q0;Remaining Q0;Remaining Q0;Remaining Q13724;0
60505;533;72;1;Remaining Q0;Remaining Q161;Remaining Q229;Remaining Q14811;0
60506;728;161;2;Remaining Q0;Remaining Q0;Remaining Q229;Remaining Q14811;0
60509;700;229;3;Remaining Q0;Remaining Q0;Remaining Q0;Remaining Q14811;0
60511;538;538;4;Remaining Q0;Remaining Q0;Remaining Q0;Remaining Q14273;0
61516;533;37;1;Remaining Q0;Remaining Q96;Remaining Q105;Remaining Q14845;0
61519;763;96;2;Remaining Q0;Remaining Q0;Remaining Q105;Remaining Q14845;0
61521;800;105;3;Remaining Q0;Remaining Q0;Remaining Q0;Remaining Q14845;0
61523;762;762;4;Remaining Q0;Remaining Q0;Remaining Q0;Remaining Q14083;0
62527;533;75;1;Remaining Q0;Remaining Q119;Remaining Q202;Remaining Q15029;0
62530;725;119;2;Remaining Q0;Remaining Q0;Remaining Q202;Remaining Q15029;0
62532;739;202;3;Remaining Q0;Remaining Q0;Remaining Q0;Remaining Q15029;0
62534;604;604;4;Remaining Q0;Remaining Q0;Remaining Q0;Remaining Q14425;0
63539;533;52;1;Remaining Q0;Remaining Q77;Remaining Q135;Remaining Q15067;0
63542;748;77;2;Remaining Q0;Remaining Q0;Remaining Q135;Remaining Q15067;0
63546;804;135;3;Remaining Q0;Remaining Q0;Remaining Q0;Remaining Q15067;0
63551;736;736;4;Remaining Q0;Remaining Q0;Remaining Q0;Remaining Q14331;0
64549;533;70;1;Remaining Q0;Remaining Q160;Remaining Q239;Remaining Q15327;0
64551;730;160;2;Remaining Q0;Remaining Q0;Remaining Q239;Remaining Q15327;0
64552;703;239;3;Remaining Q0;Remaining Q0;Remaining Q0;Remaining Q15327;0
64554;531;531;4;Remaining Q0;Remaining Q0;Remaining Q0;Remaining Q14796;0
65554;533;102;1;Remaining Q0;Remaining Q192;Remaining Q317;Remaining Q16185;0
65557;698;192;2;Remaining Q0;Remaining Q0;Remaining Q317;Remaining Q16185;0
65558;639;317;3;Remaining Q0;Remaining Q0;Remaining Q0;Remaining Q16185;0
65559;389;389;4;Remaining Q0;Remaining Q0;Remaining Q0;Remaining Q15796;0
66562;533;93;1;Remaining Q0;Remaining Q186;Remaining Q253;Remaining Q16938;0
66565;707;186;2;Remaining Q0;Remaining Q0;Remaining Q253;Remaining Q16938;0
66567;654;253;3;Remaining Q0;Remaining Q0;Remaining Q0;Remaining Q16938;0
66569;468;468;4;Remaining Q0;Remaining Q0;Remaining Q0;Remaining Q16470;0
67567;533;53;1;Remaining Q0;Remaining Q137;Remaining Q220;Remaining Q17470;0
67571;747;137;2;Remaining Q0;Remaining Q0;Remaining Q220;Remaining Q17470;0
67573;743;220;3;Remaining Q0;Remaining Q0;Remaining Q0;Remaining Q17470;0
67575;590;590;4;Remaining Q0;Remaining Q0;Remaining Q0;Remaining Q16880;0
68570;533;94;1;Remaining Q0;Remaining Q199;Remaining Q269;Remaining Q18192;0
68571;706;199;2;Remaining Q0;Remaining Q0;Remaining Q269;Remaining Q18192;0
68573;640;269;3;Remaining Q0;Remaining Q0;Remaining Q0;Remaining Q18192;0
68575;438;438;4;Remaining Q0;Remaining Q0;Remaining Q0;Remaining Q17754;0
69587;533;73;1;Remaining Q0;Remaining Q151;Remaining Q245;Remaining Q18359;411
69590;727;151;2;Remaining Q0;Remaining Q0;Remaining Q245;Remaining Q18359;411
69592;709;245;3;Remaining Q0;Remaining Q0;Remaining Q0;Remaining Q18359;411
69594;531;531;4;Remaining Q0;Remaining Q0;Remaining Q0;Remaining Q17828;411
70583;533;53;1;Remaining Q0;Remaining Q102;Remaining Q151;Remaining Q18479;411
70584;747;102;2;Remaining Q0;Remaining Q0;Remaining Q151;Remaining Q18479;411
70587;778;151;3;Remaining Q0;Remaining Q0;Remaining Q0;Remaining Q18479;411
70589;694;694;4;Remaining Q0;Remaining Q0;Remaining Q0;Remaining Q17785;411
71595;533;64;1;Remaining Q0;Remaining Q115;Remaining Q180;Remaining Q18625;430
71597;736;115;2;Remaining Q0;Remaining Q0;Remaining Q180;Remaining Q18625;430
71599;754;180;3;Remaining Q0;Remaining Q0;Remaining Q0;Remaining Q18625;430
71601;641;641;4;Remaining Q0;Remaining Q0;Remaining Q0;Remaining Q17984;430
72630;533;66;1;Remaining Q0;Remaining Q150;Remaining Q223;Remaining Q18545;957
72632;734;150;2;Remaining Q0;Remaining Q0;Remaining Q223;Remaining Q18545;957
72634;717;223;3;Remaining Q0;Remaining Q0;Remaining Q0;Remaining Q18545;957
72636;561;561;4;Remaining Q0;Remaining Q0;Remaining Q0;Remaining Q17984;957
73639;533;27;1;Remaining Q0;Remaining Q64;Remaining Q115;Remaining Q17701;1731
73641;773;64;2;Remaining Q0;Remaining Q0;Remaining Q115;Remaining Q17701;1731
73643;842;115;3;Remaining Q0;Remaining Q0;Remaining Q0;Remaining Q17701;1731
73645;794;794;4;Remaining Q0;Remaining Q0;Remaining Q0;Remaining Q16907;1731
74622;533;81;1;Remaining Q0;Remaining Q151;Remaining Q231;Remaining Q17915;1731
74624;719;151;2;Remaining Q0;Remaining Q0;Remaining Q231;Remaining Q17915;1731
74627;701;231;3;Remaining Q0;Remaining Q0;Remaining Q0;Remaining Q17915;1731
74628;537;537;4;Remaining Q0;Remaining Q0;Remaining Q0;Remaining Q17378;1731
75634;533;113;1;Remaining Q0;Remaining Q195;Remaining Q301;Remaining Q18769;1731
75637;687;195;2;Remaining Q0;Remaining Q0;Remaining Q301;Remaining Q18769;1731
75638;625;301;3;Remaining Q0;Remaining Q0;Remaining Q0;Remaining Q18769;1731
75640;391;391;4;Remaining Q0;Remaining Q0;Remaining Q0;Remaining Q18378;1731
76660;700;221;2;Remaining Q0;Remaining Q0;Remaining Q284;Remaining Q19489;2015
76658;533;100;1;Remaining Q0;Remaining Q221;Remaining Q284;Remaining Q19489;2015
76662;612;284;3;Remaining Q0;Remaining Q0;Remaining Q0;Remaining Q19489;2015
76663;395;395;4;Remaining Q0;Remaining Q0;Remaining Q0;Remaining Q19094;2015
77695;533;93;1;Remaining Q0;Remaining Q190;Remaining Q287;Remaining Q19722;2817
77697;707;190;2;Remaining Q0;Remaining Q0;Remaining Q287;Remaining Q19722;2817
77699;650;287;3;Remaining Q0;Remaining Q0;Remaining Q0;Remaining Q19722;2817
77702;430;430;4;Remaining Q0;Remaining Q0;Remaining Q0;Remaining Q19292;2817
78669;533;63;1;Remaining Q0;Remaining Q131;Remaining Q203;Remaining Q20133;2817
78671;737;131;2;Remaining Q0;Remaining Q0;Remaining Q203;Remaining Q20133;2817
78673;739;203;3;Remaining Q0;Remaining Q0;Remaining Q0;Remaining Q20133;2817
78675;603;603;4;Remaining Q0;Remaining Q0;Remaining Q0;Remaining Q19530;2817
79679;533;0;1;Remaining Q0;Remaining Q0;Remaining Q0;Remaining Q18863;3484
79683;800;0;2;Remaining Q0;Remaining Q0;Remaining Q0;Remaining Q18863;3484
79685;933;0;3;Remaining Q0;Remaining Q0;Remaining Q0;Remaining Q18863;3484
79687;1000;1000;4;Remaining Q0;Remaining Q0;Remaining Q0;Remaining Q17863;3484
80679;533;0;1;Remaining Q0;Remaining Q0;Remaining Q0;Remaining Q17863;3484
80681;800;0;2;Remaining Q0;Remaining Q0;Remaining Q0;Remaining Q17863;3484
80685;1000;1000;4;Remaining Q0;Remaining Q0;Remaining Q0;Remaining Q16863;3484
80683;933;0;3;Remaining Q0;Remaining Q0;Remaining Q0;Remaining Q17863;3484
81688;533;0;1;Remaining Q0;Remaining Q0;Remaining Q0;Remaining Q16863;3484
81690;800;0;2;Remaining Q0;Remaining Q0;Remaining Q0;Remaining Q16863;3484
81691;933;0;3;Remaining Q0;Remaining Q0;Remaining Q0;Remaining Q16863;3484
81692;1000;1000;4;Remaining Q0;Remaining Q0;Remaining Q0;Remaining Q15863;3484
82699;533;0;1;Remaining Q0;Remaining Q0;Remaining Q0;Remaining Q15863;3484
82701;800;0;2;Remaining Q0;Remaining Q0;Remaining Q0;Remaining Q15863;3484
82703;933;0;3;Remaining Q0;Remaining Q0;Remaining Q0;Remaining Q15863;3484
82706;1000;1000;4;Remaining Q0;Remaining Q0;Remaining Q0;Remaining Q14863;3484
83705;533;0;1;Remaining Q0;Remaining Q0;Remaining Q0;Remaining Q14863;3484
83707;800;0;2;Remaining Q0;Remaining Q0;Remaining Q0;Remaining Q14863;3484
83708;933;0;3;Remaining Q0;Remaining Q0;Remaining Q0;Remaining Q14863;3484
83709;1000;1000;4;Remaining Q0;Remaining Q0;Remaining Q0;Remaining Q13863;3484
84710;533;0;1;Remaining Q0;Remaining Q0;Remaining Q0;Remaining Q13863;3484
84712;800;0;2;Remaining Q0;Remaining Q0;Remaining Q0;Remaining Q13863;3484
84714;933;0;3;Remaining Q0;Remaining Q0;Remaining Q0;Remaining Q13863;3484
84716;1000;1000;4;Remaining Q0;Remaining Q0;Remaining Q0;Remaining Q12863;3484
85718;533;0;1;Remaining Q0;Remaining Q0;Remaining Q0;Remaining Q12863;3484
85719;800;0;2;Remaining Q0;Remaining Q0;Remaining Q0;Remaining Q12863;3484
85720;933;0;3;Remaining Q0;Remaining Q0;Remaining Q0;Remaining Q12863;3484
85721;1000;1000;4;Remaining Q0;Remaining Q0;Remaining Q0;Remaining Q11863;3484
86723;533;0;1;Remaining Q0;Remaining Q0;Remaining Q0;Remaining Q11863;3484
86725;800;0;2;Remaining Q0;Remaining Q0;Remaining Q0;Remaining Q11863;3484
86727;933;0;3;Remaining Q0;Remaining Q0;Remaining Q0;Remaining Q11863;3484
86729;1000;1000;4;Remaining Q0;Remaining Q0;Remaining Q0;Remaining Q10863;3484
87726;533;0;1;Remaining Q0;Remaining Q0;Remaining Q0;Remaining Q10863;3484
87727;800;0;2;Remaining Q0;Remaining Q0;Remaining Q0;Remaining Q10863;3484
87728;933;0;3;Remaining Q0;Remaining Q0;Remaining Q0;Remaining Q10863;3484
87730;1000;1000;4;Remaining Q0;Remaining Q0;Remaining Q0;Remaining Q9863;3484
88731;533;0;1;Remaining Q0;Remaining Q0;Remaining Q0;Remaining Q9836;3511
88735;933;0;3;Remaining Q0;Remaining Q0;Remaining Q0;Remaining Q9836;3511
88733;800;0;2;Remaining Q0;Remaining Q0;Remaining Q0;Remaining Q9836;3511
88737;1000;1000;4;Remaining Q0;Remaining Q0;Remaining Q0;Remaining Q8836;3511
89739;533;0;1;Remaining Q0;Remaining Q0;Remaining Q0;Remaining Q8791;3556
89741;800;0;2;Remaining Q0;Remaining Q0;Remaining Q0;Remaining Q8791;3556
89742;933;0;3;Remaining Q0;Remaining Q0;Remaining Q0;Remaining Q8791;3556
89743;1000;1000;4;Remaining Q0;Remaining Q0;Remaining Q0;Remaining Q7791;3556
90748;533;0;1;Remaining Q0;Remaining Q0;Remaining Q0;Remaining Q7791;3556
90749;800;0;2;Remaining Q0;Remaining Q0;Remaining Q0;Remaining Q7791;3556
90751;933;0;3;Remaining Q0;Remaining Q0;Remaining Q0;Remaining Q7791;3556
90753;1000;1000;4;Remaining Q0;Remaining Q0;Remaining Q0;Remaining Q6791;3556
91748;533;0;1;Remaining Q0;Remaining Q0;Remaining Q0;Remaining Q6791;3556
91750;800;0;2;Remaining Q0;Remaining Q0;Remaining Q0;Remaining Q6791;3556
91751;933;0;3;Remaining Q0;Remaining Q0;Remaining Q0;Remaining Q6791;3556
91752;1000;1000;4;Remaining Q0;Remaining Q0;Remaining Q0;Remaining Q5791;3556
92748;533;0;1;Remaining Q0;Remaining Q0;Remaining Q0;Remaining Q5791;3556
92750;800;0;2;Remaining Q0;Remaining Q0;Remaining Q0;Remaining Q5791;3556
92753;933;0;3;Remaining Q0;Remaining Q0;Remaining Q0;Remaining Q5791;3556
92754;1000;1000;4;Remaining Q0;Remaining Q0;Remaining Q0;Remaining Q4791;3556
93752;533;0;1;Remaining Q0;Remaining Q0;Remaining Q0;Remaining Q4791;3556
93754;800;0;2;Remaining Q0;Remaining Q0;Remaining Q0;Remaining Q4791;3556
93755;933;0;3;Remaining Q0;Remaining Q0;Remaining Q0;Remaining Q4791;3556
93756;1000;1000;4;Remaining Q0;Remaining Q0;Remaining Q0;Remaining Q3791;3556
94762;533;0;1;Remaining Q0;Remaining Q0;Remaining Q0;Remaining Q3791;3556
94763;800;0;2;Remaining Q0;Remaining Q0;Remaining Q0;Remaining Q3791;3556
94765;933;0;3;Remaining Q0;Remaining Q0;Remaining Q0;Remaining Q3791;3556
94766;1000;1000;4;Remaining Q0;Remaining Q0;Remaining Q0;Remaining Q2791;3556
95777;533;0;1;Remaining Q0;Remaining Q0;Remaining Q0;Remaining Q2791;3556
95779;800;0;2;Remaining Q0;Remaining Q0;Remaining Q0;Remaining Q2791;3556
95781;1000;1000;4;Remaining Q0;Remaining Q0;Remaining Q0;Remaining Q1791;3556
95780;933;0;3;Remaining Q0;Remaining Q0;Remaining Q0;Remaining Q2791;3556
96792;533;0;1;Remaining Q0;Remaining Q0;Remaining Q0;Remaining Q560;4787
96794;800;0;2;Remaining Q0;Remaining Q0;Remaining Q0;Remaining Q560;4787
96796;933;0;3;Remaining Q0;Remaining Q0;Remaining Q0;Remaining Q560;4787
96799;1000;560;4;Remaining Q0;Remaining Q0;Remaining Q0;Remaining Q0;4787
96802;440;440;0;Remaining Q0;Remaining Q0;Remaining Q0;Remaining Q0;4347
97801;533;0;1;Remaining Q0;Remaining Q0;Remaining Q0;Remaining Q0;4347
97803;800;0;2;Remaining Q0;Remaining Q0;Remaining Q0;Remaining Q0;4347
97804;933;0;3;Remaining Q0;Remaining Q0;Remaining Q0;Remaining Q0;4347
97806;1000;0;4;Remaining Q0;Remaining Q0;Remaining Q0;Remaining Q0;4347
97807;1000;1000;0;Remaining Q0;Remaining Q0;Remaining Q0;Remaining Q0;3347
98805;533;0;1;Remaining Q0;Remaining Q0;Remaining Q0;Remaining Q0;3347
98806;800;0;2;Remaining Q0;Remaining Q0;Remaining Q0;Remaining Q0;3347
98807;933;0;3;Remaining Q0;Remaining Q0;Remaining Q0;Remaining Q0;3347
98810;1000;1000;0;Remaining Q0;Remaining Q0;Remaining Q0;Remaining Q0;2347
98809;1000;0;4;Remaining Q0;Remaining Q0;Remaining Q0;Remaining Q0;3347
99812;533;0;1;Remaining Q0;Remaining Q0;Remaining Q0;Remaining Q0;2347
99814;800;0;2;Remaining Q0;Remaining Q0;Remaining Q0;Remaining Q0;2347
99815;933;0;3;Remaining Q0;Remaining Q0;Remaining Q0;Remaining Q0;2347
99817;1000;0;4;Remaining Q0;Remaining Q0;Remaining Q0;Remaining Q0;2347
99818;1000;1000;0;Remaining Q0;Remaining Q0;Remaining Q0;Remaining Q0;1347
100812;533;0;1;Remaining Q0;Remaining Q0;Remaining Q0;Remaining Q0;1347
100813;800;0;2;Remaining Q0;Remaining Q0;Remaining Q0;Remaining Q0;1347
100816;933;0;3;Remaining Q0;Remaining Q0;Remaining Q0;Remaining Q0;1347
100817;1000;0;4;Remaining Q0;Remaining Q0;Remaining Q0;Remaining Q0;1347
100819;1000;1000;0;Remaining Q0;Remaining Q0;Remaining Q0;Remaining Q0;347
101825;533;0;1;Remaining Q0;Remaining Q0;Remaining Q0;Remaining Q0;347
101826;800;0;2;Remaining Q0;Remaining Q0;Remaining Q0;Remaining Q0;347
101827;933;0;3;Remaining Q0;Remaining Q0;Remaining Q0;Remaining Q0;347
101828;1000;0;4;Remaining Q0;Remaining Q0;Remaining Q0;Remaining Q0;347
101830;1000;347;0;Remaining Q0;Remaining Q0;Remaining Q0;Remaining Q0;0
102831;533;0;1;Remaining Q0;Remaining Q0;Remaining Q0;Remaining Q0;0
102833;933;0;3;Remaining Q0;Remaining Q0;Remaining Q0;Remaining Q0;0
102832;800;0;2;Remaining Q0;Remaining Q0;Remaining Q0;Remaining Q0;0
102834;1000;0;4;Remaining Q0;Remaining Q0;Remaining Q0;Remaining Q0;0
102836;1000;0;0;Remaining Q0;Remaining Q0;Remaining Q0;Remaining Q0;0
103847;533;0;1;Remaining Q0;Remaining Q0;Remaining Q0;Remaining Q0;0
103848;800;0;2;Remaining Q0;Remaining Q0;Remaining Q0;Remaining Q0;0
103850;933;0;3;Remaining Q0;Remaining Q0;Remaining Q0;Remaining Q0;0
103852;1000;0;4;Remaining Q0;Remaining Q0;Remaining Q0;Remaining Q0;0
103853;1000;0;0;Remaining Q0;Remaining Q0;Remaining Q0;Remaining Q0;0
104858;533;0;1;Remaining Q0;Remaining Q0;Remaining Q0;Remaining Q0;0
104859;800;0;2;Remaining Q0;Remaining Q0;Remaining Q0;Remaining Q0;0
104861;933;0;3;Remaining Q0;Remaining Q0;Remaining Q0;Remaining Q0;0
104862;1000;0;4;Remaining Q0;Remaining Q0;Remaining Q0;Remaining Q0;0
104864;1000;0;0;Remaining Q0;Remaining Q0;Remaining Q0;Remaining Q0;0
105871;533;0;1;Remaining Q0;Remaining Q0;Remaining Q0;Remaining Q0;0
105872;800;0;2;Remaining Q0;Remaining Q0;Remaining Q0;Remaining Q0;0
105873;933;0;3;Remaining Q0;Remaining Q0;Remaining Q0;Remaining Q0;0
105874;1000;0;4;Remaining Q0;Remaining Q0;Remaining Q0;Remaining Q0;0
105876;1000;0;0;Remaining Q0;Remaining Q0;Remaining Q0;Remaining Q0;0
106887;533;0;1;Remaining Q0;Remaining Q0;Remaining Q0;Remaining Q0;0
106889;800;0;2;Remaining Q0;Remaining Q0;Remaining Q0;Remaining Q0;0
106891;933;0;3;Remaining Q0;Remaining Q0;Remaining Q0;Remaining Q0;0
106891;1000;0;4;Remaining Q0;Remaining Q0;Remaining Q0;Remaining Q0;0
106894;1000;0;0;Remaining Q0;Remaining Q0;Remaining Q0;Remaining Q0;0
107891;533;0;1;Remaining Q0;Remaining Q0;Remaining Q0;Remaining Q0;0
107893;800;0;2;Remaining Q0;Remaining Q0;Remaining Q0;Remaining Q0;0
107894;933;0;3;Remaining Q0;Remaining Q0;Remaining Q0;Remaining Q0;0
107895;1000;0;4;Remaining Q0;Remaining Q0;Remaining Q0;Remaining Q0;0
107896;1000;0;0;Remaining Q0;Remaining Q0;Remaining Q0;Remaining Q0;0
108904;533;0;1;Remaining Q0;Remaining Q0;Remaining Q0;Remaining Q0;0
108906;800;0;2;Remaining Q0;Remaining Q0;Remaining Q0;Remaining Q0;0
108908;933;0;3;Remaining Q0;Remaining Q0;Remaining Q0;Remaining Q0;0
108909;1000;0;4;Remaining Q0;Remaining Q0;Remaining Q0;Remaining Q0;0
108911;1000;0;0;Remaining Q0;Remaining Q0;Remaining Q0;Remaining Q0;0
109905;533;0;1;Remaining Q0;Remaining Q0;Remaining Q0;Remaining Q0;0
109907;800;0;2;Remaining Q0;Remaining Q0;Remaining Q0;Remaining Q0;0
109909;933;0;3;Remaining Q0;Remaining Q0;Remaining Q0;Remaining Q0;0
109910;1000;0;4;Remaining Q0;Remaining Q0;Remaining Q0;Remaining Q0;0
109912;1000;0;0;Remaining Q0;Remaining Q0;Remaining Q0;Remaining Q0;0
110915;533;0;1;Remaining Q0;Remaining Q0;Remaining Q0;Remaining Q0;0
110917;800;0;2;Remaining Q0;Remaining Q0;Remaining Q0;Remaining Q0;0
110918;933;0;3;Remaining Q0;Remaining Q0;Remaining Q0;Remaining Q0;0
110919;1000;0;4;Remaining Q0;Remaining Q0;Remaining Q0;Remaining Q0;0
110921;1000;0;0;Remaining Q0;Remaining Q0;Remaining Q0;Remaining Q0;0
111929;533;0;1;Remaining Q0;Remaining Q0;Remaining Q0;Remaining Q0;0
111931;800;0;2;Remaining Q0;Remaining Q0;Remaining Q0;Remaining Q0;0
111932;933;0;3;Remaining Q0;Remaining Q0;Remaining Q0;Remaining Q0;0
111934;1000;0;4;Remaining Q0;Remaining Q0;Remaining Q0;Remaining Q0;0
111935;1000;0;0;Remaining Q0;Remaining Q0;Remaining Q0;Remaining Q0;0
112942;533;0;1;Remaining Q0;Remaining Q0;Remaining Q0;Remaining Q0;0
112943;800;0;2;Remaining Q0;Remaining Q0;Remaining Q0;Remaining Q0;0
112945;933;0;3;Remaining Q0;Remaining Q0;Remaining Q0;Remaining Q0;0
112946;1000;0;4;Remaining Q0;Remaining Q0;Remaining Q0;Remaining Q0;0
112948;1000;0;0;Remaining Q0;Remaining Q0;Remaining Q0;Remaining Q0;0
113953;533;0;1;Remaining Q0;Remaining Q0;Remaining Q0;Remaining Q0;0
113954;800;0;2;Remaining Q0;Remaining Q0;Remaining Q0;Remaining Q0;0
113956;933;0;3;Remaining Q0;Remaining Q0;Remaining Q0;Remaining Q0;0
113957;1000;0;4;Remaining Q0;Remaining Q0;Remaining Q0;Remaining Q0;0
113959;1000;0;0;Remaining Q0;Remaining Q0;Remaining Q0;Remaining Q0;0
114968;533;0;1;Remaining Q0;Remaining Q0;Remaining Q0;Remaining Q0;0
114969;800;0;2;Remaining Q0;Remaining Q0;Remaining Q0;Remaining Q0;0
114971;933;0;3;Remaining Q0;Remaining Q0;Remaining Q0;Remaining Q0;0
114973;1000;0;4;Remaining Q0;Remaining Q0;Remaining Q0;Remaining Q0;0
114974;1000;0;0;Remaining Q0;Remaining Q0;Remaining Q0;Remaining Q0;0
115983;533;0;1;Remaining Q0;Remaining Q0;Remaining Q0;Remaining Q0;0
115984;800;0;2;Remaining Q0;Remaining Q0;Remaining Q0;Remaining Q0;0
115985;933;0;3;Remaining Q0;Remaining Q0;Remaining Q0;Remaining Q0;0
115986;1000;0;4;Remaining Q0;Remaining Q0;Remaining Q0;Remaining Q0;0
115988;1000;0;0;Remaining Q0;Remaining Q0;Remaining Q0;Remaining Q0;0
116986;533;0;1;Remaining Q0;Remaining Q0;Remaining Q0;Remaining Q0;0
116988;800;0;2;Remaining Q0;Remaining Q0;Remaining Q0;Remaining Q0;0
116989;933;0;3;Remaining Q0;Remaining Q0;Remaining Q0;Remaining Q0;0
116991;1000;0;4;Remaining Q0;Remaining Q0;Remaining Q0;Remaining Q0;0
116992;1000;0;0;Remaining Q0;Remaining Q0;Remaining Q0;Remaining Q0;0
117987;533;0;1;Remaining Q0;Remaining Q0;Remaining Q0;Remaining Q0;0
117989;800;0;2;Remaining Q0;Remaining Q0;Remaining Q0;Remaining Q0;0
117990;933;0;3;Remaining Q0;Remaining Q0;Remaining Q0;Remaining Q0;0
117991;1000;0;4;Remaining Q0;Remaining Q0;Remaining Q0;Remaining Q0;0
117992;1000;0;0;Remaining Q0;Remaining Q0;Remaining Q0;Remaining Q0;0
118994;533;0;1;Remaining Q0;Remaining Q0;Remaining Q0;Remaining Q0;0
118996;800;0;2;Remaining Q0;Remaining Q0;Remaining Q0;Remaining Q0;0
118997;933;0;3;Remaining Q0;Remaining Q0;Remaining Q0;Remaining Q0;0
118999;1000;0;4;Remaining Q0;Remaining Q0;Remaining Q0;Remaining Q0;0
119000;1000;0;0;Remaining Q0;Remaining Q0;Remaining Q0;Remaining Q0;0
120003;533;0;1;Remaining Q0;Remaining Q0;Remaining Q0;Remaining Q0;0
120005;800;0;2;Remaining Q0;Remaining Q0;Remaining Q0;Remaining Q0;0
120007;933;0;3;Remaining Q0;Remaining Q0;Remaining Q0;Remaining Q0;0
120009;1000;0;4;Remaining Q0;Remaining Q0;Remaining Q0;Remaining Q0;0
120010;1000;0;0;Remaining Q0;Remaining Q0;Remaining Q0;Remaining Q0;0
121009;533;0;1;Remaining Q0;Remaining Q0;Remaining Q0;Remaining Q0;0
121011;800;0;2;Remaining Q0;Remaining Q0;Remaining Q0;Remaining Q0;0
121012;933;0;3;Remaining Q0;Remaining Q0;Remaining Q0;Remaining Q0;0
121014;1000;0;4;Remaining Q0;Remaining Q0;Remaining Q0;Remaining Q0;0
121015;1000;0;0;Remaining Q0;Remaining Q0;Remaining Q0;Remaining Q0;0
122019;533;0;1;Remaining Q0;Remaining Q0;Remaining Q0;Remaining Q0;0
122021;800;0;2;Remaining Q0;Remaining Q0;Remaining Q0;Remaining Q0;0
122023;933;0;3;Remaining Q0;Remaining Q0;Remaining Q0;Remaining Q0;0
122025;1000;0;4;Remaining Q0;Remaining Q0;Remaining Q0;Remaining Q0;0
122026;1000;0;0;Remaining Q0;Remaining Q0;Remaining Q0;Remaining Q0;0
123025;533;0;1;Remaining Q0;Remaining Q0;Remaining Q0;Remaining Q0;0
123026;800;0;2;Remaining Q0;Remaining Q0;Remaining Q0;Remaining Q0;0
123027;933;0;3;Remaining Q0;Remaining Q0;Remaining Q0;Remaining Q0;0
123029;1000;0;4;Remaining Q0;Remaining Q0;Remaining Q0;Remaining Q0;0
123030;1000;0;0;Remaining Q0;Remaining Q0;Remaining Q0;Remaining Q0;0
124034;533;0;1;Remaining Q0;Remaining Q0;Remaining Q0;Remaining Q0;0
124036;800;0;2;Remaining Q0;Remaining Q0;Remaining Q0;Remaining Q0;0
124038;933;0;3;Remaining Q0;Remaining Q0;Remaining Q0;Remaining Q0;0
124039;1000;0;4;Remaining Q0;Remaining Q0;Remaining Q0;Remaining Q0;0
124041;1000;0;0;Remaining Q0;Remaining Q0;Remaining Q0;Remaining Q0;0
125046;533;0;1;Remaining Q0;Remaining Q0;Remaining Q0;Remaining Q0;0
125047;800;0;2;Remaining Q0;Remaining Q0;Remaining Q0;Remaining Q0;0
125048;933;0;3;Remaining Q0;Remaining Q0;Remaining Q0;Remaining Q0;0
125049;1000;0;4;Remaining Q0;Remaining Q0;Remaining Q0;Remaining Q0;0
125051;1000;0;0;Remaining Q0;Remaining Q0;Remaining Q0;Remaining Q0;0
126061;533;0;1;Remaining Q0;Remaining Q0;Remaining Q0;Remaining Q0;0
126062;800;0;2;Remaining Q0;Remaining Q0;Remaining Q0;Remaining Q0;0
126063;933;0;3;Remaining Q0;Remaining Q0;Remaining Q0;Remaining Q0;0
126065;1000;0;4;Remaining Q0;Remaining Q0;Remaining Q0;Remaining Q0;0
126066;1000;0;0;Remaining Q0;Remaining Q0;Remaining Q0;Remaining Q0;0
127067;533;0;1;Remaining Q0;Remaining Q0;Remaining Q0;Remaining Q0;0
127069;800;0;2;Remaining Q0;Remaining Q0;Remaining Q0;Remaining Q0;0
127070;933;0;3;Remaining Q0;Remaining Q0;Remaining Q0;Remaining Q0;0
127072;1000;0;4;Remaining Q0;Remaining Q0;Remaining Q0;Remaining Q0;0
127073;1000;0;0;Remaining Q0;Remaining Q0;Remaining Q0;Remaining Q0;0
128080;533;0;1;Remaining Q0;Remaining Q0;Remaining Q0;Remaining Q0;0
128082;800;0;2;Remaining Q0;Remaining Q0;Remaining Q0;Remaining Q0;0
128084;933;0;3;Remaining Q0;Remaining Q0;Remaining Q0;Remaining Q0;0
128085;1000;0;4;Remaining Q0;Remaining Q0;Remaining Q0;Remaining Q0;0
128086;1000;0;0;Remaining Q0;Remaining Q0;Remaining Q0;Remaining Q0;0
129085;533;0;1;Remaining Q0;Remaining Q0;Remaining Q0;Remaining Q0;0
129087;800;0;2;Remaining Q0;Remaining Q0;Remaining Q0;Remaining Q0;0
129088;933;0;3;Remaining Q0;Remaining Q0;Remaining Q0;Remaining Q0;0
129089;1000;0;4;Remaining Q0;Remaining Q0;Remaining Q0;Remaining Q0;0
129091;1000;0;0;Remaining Q0;Remaining Q0;Remaining Q0;Remaining Q0;0
130095;533;0;1;Remaining Q0;Remaining Q0;Remaining Q0;Remaining Q0;0
130098;800;0;2;Remaining Q0;Remaining Q0;Remaining Q0;Remaining Q0;0
130099;933;0;3;Remaining Q0;Remaining Q0;Remaining Q0;Remaining Q0;0
130101;1000;0;4;Remaining Q0;Remaining Q0;Remaining Q0;Remaining Q0;0
130102;1000;0;0;Remaining Q0;Remaining Q0;Remaining Q0;Remaining Q0;0
131097;533;0;1;Remaining Q0;Remaining Q0;Remaining Q0;Remaining Q0;0
131099;800;0;2;Remaining Q0;Remaining Q0;Remaining Q0;Remaining Q0;0
131101;933;0;3;Remaining Q0;Remaining Q0;Remaining Q0;Remaining Q0;0
131103;1000;0;4;Remaining Q0;Remaining Q0;Remaining Q0;Remaining Q0;0
131104;1000;0;0;Remaining Q0;Remaining Q0;Remaining Q0;Remaining Q0;0
132097;533;0;1;Remaining Q0;Remaining Q0;Remaining Q0;Remaining Q0;0
132099;800;0;2;Remaining Q0;Remaining Q0;Remaining Q0;Remaining Q0;0
132101;933;0;3;Remaining Q0;Remaining Q0;Remaining Q0;Remaining Q0;0
132103;1000;0;4;Remaining Q0;Remaining Q0;Remaining Q0;Remaining Q0;0
132105;1000;0;0;Remaining Q0;Remaining Q0;Remaining Q0;Remaining Q0;0
133108;533;0;1;Remaining Q0;Remaining Q0;Remaining Q0;Remaining Q0;0
133109;800;0;2;Remaining Q0;Remaining Q0;Remaining Q0;Remaining Q0;0
133110;933;0;3;Remaining Q0;Remaining Q0;Remaining Q0;Remaining Q0;0
133111;1000;0;4;Remaining Q0;Remaining Q0;Remaining Q0;Remaining Q0;0
133113;1000;0;0;Remaining Q0;Remaining Q0;Remaining Q0;Remaining Q0;0
134109;533;0;1;Remaining Q0;Remaining Q0;Remaining Q0;Remaining Q0;0
134110;800;0;2;Remaining Q0;Remaining Q0;Remaining Q0;Remaining Q0;0
134111;933;0;3;Remaining Q0;Remaining Q0;Remaining Q0;Remaining Q0;0
134112;1000;0;4;Remaining Q0;Remaining Q0;Remaining Q0;Remaining Q0;0
134114;1000;0;0;Remaining Q0;Remaining Q0;Remaining Q0;Remaining Q0;0
135110;533;0;1;Remaining Q0;Remaining Q0;Remaining Q0;Remaining Q0;0
135112;800;0;2;Remaining Q0;Remaining Q0;Remaining Q0;Remaining Q0;0
135113;933;0;3;Remaining Q0;Remaining Q0;Remaining Q0;Remaining Q0;0
135115;1000;0;4;Remaining Q0;Remaining Q0;Remaining Q0;Remaining Q0;0
135116;1000;0;0;Remaining Q0;Remaining Q0;Remaining Q0;Remaining Q0;0
136122;533;0;1;Remaining Q0;Remaining Q0;Remaining Q0;Remaining Q0;0
136123;800;0;2;Remaining Q0;Remaining Q0;Remaining Q0;Remaining Q0;0
136125;933;0;3;Remaining Q0;Remaining Q0;Remaining Q0;Remaining Q0;0
136127;1000;0;4;Remaining Q0;Remaining Q0;Remaining Q0;Remaining Q0;0
136128;1000;0;0;Remaining Q0;Remaining Q0;Remaining Q0;Remaining Q0;0
137123;533;0;1;Remaining Q0;Remaining Q0;Remaining Q0;Remaining Q0;0
137124;800;0;2;Remaining Q0;Remaining Q0;Remaining Q0;Remaining Q0;0
137125;933;0;3;Remaining Q0;Remaining Q0;Remaining Q0;Remaining Q0;0
137127;1000;0;4;Remaining Q0;Remaining Q0;Remaining Q0;Remaining Q0;0
137129;1000;0;0;Remaining Q0;Remaining Q0;Remaining Q0;Remaining Q0;0
138137;533;0;1;Remaining Q0;Remaining Q0;Remaining Q0;Remaining Q0;0
138138;800;0;2;Remaining Q0;Remaining Q0;Remaining Q0;Remaining Q0;0
138139;933;0;3;Remaining Q0;Remaining Q0;Remaining Q0;Remaining Q0;0
138140;1000;0;4;Remaining Q0;Remaining Q0;Remaining Q0;Remaining Q0;0
138141;1000;0;0;Remaining Q0;Remaining Q0;Remaining Q0;Remaining Q0;0
139149;533;0;1;Remaining Q0;Remaining Q0;Remaining Q0;Remaining Q0;0
139150;800;0;2;Remaining Q0;Remaining Q0;Remaining Q0;Remaining Q0;0
139152;933;0;3;Remaining Q0;Remaining Q0;Remaining Q0;Remaining Q0;0
139153;1000;0;4;Remaining Q0;Remaining Q0;Remaining Q0;Remaining Q0;0
139154;1000;0;0;Remaining Q0;Remaining Q0;Remaining Q0;Remaining Q0;0
140150;533;0;1;Remaining Q0;Remaining Q0;Remaining Q0;Remaining Q0;0
140151;800;0;2;Remaining Q0;Remaining Q0;Remaining Q0;Remaining Q0;0
140153;933;0;3;Remaining Q0;Remaining Q0;Remaining Q0;Remaining Q0;0
140156;1000;0;4;Remaining Q0;Remaining Q0;Remaining Q0;Remaining Q0;0
140157;1000;0;0;Remaining Q0;Remaining Q0;Remaining Q0;Remaining Q0;0
141164;533;0;1;Remaining Q0;Remaining Q0;Remaining Q0;Remaining Q0;0
141165;800;0;2;Remaining Q0;Remaining Q0;Remaining Q0;Remaining Q0;0
141167;933;0;3;Remaining Q0;Remaining Q0;Remaining Q0;Remaining Q0;0
141168;1000;0;4;Remaining Q0;Remaining Q0;Remaining Q0;Remaining Q0;0
141170;1000;0;0;Remaining Q0;Remaining Q0;Remaining Q0;Remaining Q0;0
142175;533;0;1;Remaining Q0;Remaining Q0;Remaining Q0;Remaining Q0;0
142176;800;0;2;Remaining Q0;Remaining Q0;Remaining Q0;Remaining Q0;0
142177;933;0;3;Remaining Q0;Remaining Q0;Remaining Q0;Remaining Q0;0
142179;1000;0;4;Remaining Q0;Remaining Q0;Remaining Q0;Remaining Q0;0
142180;1000;0;0;Remaining Q0;Remaining Q0;Remaining Q0;Remaining Q0;0
143185;533;0;1;Remaining Q0;Remaining Q0;Remaining Q0;Remaining Q0;0
143187;800;0;2;Remaining Q0;Remaining Q0;Remaining Q0;Remaining Q0;0
143188;933;0;3;Remaining Q0;Remaining Q0;Remaining Q0;Remaining Q0;0
143189;1000;0;4;Remaining Q0;Remaining Q0;Remaining Q0;Remaining Q0;0
143191;1000;0;0;Remaining Q0;Remaining Q0;Remaining Q0;Remaining Q0;0
144196;533;0;1;Remaining Q0;Remaining Q0;Remaining Q0;Remaining Q0;0
144198;800;0;2;Remaining Q0;Remaining Q0;Remaining Q0;Remaining Q0;0
144200;933;0;3;Remaining Q0;Remaining Q0;Remaining Q0;Remaining Q0;0
144202;1000;0;4;Remaining Q0;Remaining Q0;Remaining Q0;Remaining Q0;0
144203;1000;0;0;Remaining Q0;Remaining Q0;Remaining Q0;Remaining Q0;0
145206;533;0;1;Remaining Q0;Remaining Q0;Remaining Q0;Remaining Q0;0
145207;800;0;2;Remaining Q0;Remaining Q0;Remaining Q0;Remaining Q0;0
145208;933;0;3;Remaining Q0;Remaining Q0;Remaining Q0;Remaining Q0;0
145210;1000;0;4;Remaining Q0;Remaining Q0;Remaining Q0;Remaining Q0;0
145211;1000;0;0;Remaining Q0;Remaining Q0;Remaining Q0;Remaining Q0;0
146213;533;0;1;Remaining Q0;Remaining Q0;Remaining Q0;Remaining Q0;0
146215;800;0;2;Remaining Q0;Remaining Q0;Remaining Q0;Remaining Q0;0
146216;933;0;3;Remaining Q0;Remaining Q0;Remaining Q0;Remaining Q0;0
146217;1000;0;4;Remaining Q0;Remaining Q0;Remaining Q0;Remaining Q0;0
146219;1000;0;0;Remaining Q0;Remaining Q0;Remaining Q0;Remaining Q0;0
147228;533;0;1;Remaining Q0;Remaining Q0;Remaining Q0;Remaining Q0;0
147229;800;0;2;Remaining Q0;Remaining Q0;Remaining Q0;Remaining Q0;0
147231;933;0;3;Remaining Q0;Remaining Q0;Remaining Q0;Remaining Q0;0
147233;1000;0;4;Remaining Q0;Remaining Q0;Remaining Q0;Remaining Q0;0
147235;1000;0;0;Remaining Q0;Remaining Q0;Remaining Q0;Remaining Q0;0
148228;533;0;1;Remaining Q0;Remaining Q0;Remaining Q0;Remaining Q0;0
148230;800;0;2;Remaining Q0;Remaining Q0;Remaining Q0;Remaining Q0;0
148231;933;0;3;Remaining Q0;Remaining Q0;Remaining Q0;Remaining Q0;0
148232;1000;0;4;Remaining Q0;Remaining Q0;Remaining Q0;Remaining Q0;0
148234;1000;0;0;Remaining Q0;Remaining Q0;Remaining Q0;Remaining Q0;0
149230;533;0;1;Remaining Q0;Remaining Q0;Remaining Q0;Remaining Q0;0
149233;800;0;2;Remaining Q0;Remaining Q0;Remaining Q0;Remaining Q0;0
149234;933;0;3;Remaining Q0;Remaining Q0;Remaining Q0;Remaining Q0;0
149235;1000;0;4;Remaining Q0;Remaining Q0;Remaining Q0;Remaining Q0;0
149238;1000;0;0;Remaining Q0;Remaining Q0;Remaining Q0;Remaining Q0;0
150235;533;0;1;Remaining Q0;Remaining Q0;Remaining Q0;Remaining Q0;0
150237;800;0;2;Remaining Q0;Remaining Q0;Remaining Q0;Remaining Q0;0
150239;933;0;3;Remaining Q0;Remaining Q0;Remaining Q0;Remaining Q0;0
150240;1000;0;4;Remaining Q0;Remaining Q0;Remaining Q0;Remaining Q0;0
150242;1000;0;0;Remaining Q0;Remaining Q0;Remaining Q0;Remaining Q0;0
151246;533;0;1;Remaining Q0;Remaining Q0;Remaining Q0;Remaining Q0;0
151248;800;0;2;Remaining Q0;Remaining Q0;Remaining Q0;Remaining Q0;0
151249;933;0;3;Remaining Q0;Remaining Q0;Remaining Q0;Remaining Q0;0
151250;1000;0;4;Remaining Q0;Remaining Q0;Remaining Q0;Remaining Q0;0
151251;1000;0;0;Remaining Q0;Remaining Q0;Remaining Q0;Remaining Q0;0
152250;533;0;1;Remaining Q0;Remaining Q0;Remaining Q0;Remaining Q0;0
152251;800;0;2;Remaining Q0;Remaining Q0;Remaining Q0;Remaining Q0;0
152253;933;0;3;Remaining Q0;Remaining Q0;Remaining Q0;Remaining Q0;0
152254;1000;0;4;Remaining Q0;Remaining Q0;Remaining Q0;Remaining Q0;0
152256;1000;0;0;Remaining Q0;Remaining Q0;Remaining Q0;Remaining Q0;0
153257;533;0;1;Remaining Q0;Remaining Q0;Remaining Q0;Remaining Q0;0
153258;800;0;2;Remaining Q0;Remaining Q0;Remaining Q0;Remaining Q0;0
153260;933;0;3;Remaining Q0;Remaining Q0;Remaining Q0;Remaining Q0;0
153261;1000;0;4;Remaining Q0;Remaining Q0;Remaining Q0;Remaining Q0;0
153262;1000;0;0;Remaining Q0;Remaining Q0;Remaining Q0;Remaining Q0;0
154267;533;0;1;Remaining Q0;Remaining Q0;Remaining Q0;Remaining Q0;0
154268;800;0;2;Remaining Q0;Remaining Q0;Remaining Q0;Remaining Q0;0
154270;933;0;3;Remaining Q0;Remaining Q0;Remaining Q0;Remaining Q0;0
154271;1000;0;4;Remaining Q0;Remaining Q0;Remaining Q0;Remaining Q0;0
154273;1000;0;0;Remaining Q0;Remaining Q0;Remaining Q0;Remaining Q0;0
155270;533;0;1;Remaining Q0;Remaining Q0;Remaining Q0;Remaining Q0;0
155271;800;0;2;Remaining Q0;Remaining Q0;Remaining Q0;Remaining Q0;0
155272;933;0;3;Remaining Q0;Remaining Q0;Remaining Q0;Remaining Q0;0
155275;1000;0;4;Remaining Q0;Remaining Q0;Remaining Q0;Remaining Q0;0
155277;1000;0;0;Remaining Q0;Remaining Q0;Remaining Q0;Remaining Q0;0
156280;533;0;1;Remaining Q0;Remaining Q0;Remaining Q0;Remaining Q0;0
156281;800;0;2;Remaining Q0;Remaining Q0;Remaining Q0;Remaining Q0;0
156283;933;0;3;Remaining Q0;Remaining Q0;Remaining Q0;Remaining Q0;0
156285;1000;0;4;Remaining Q0;Remaining Q0;Remaining Q0;Remaining Q0;0
156287;1000;0;0;Remaining Q0;Remaining Q0;Remaining Q0;Remaining Q0;0
157289;533;0;1;Remaining Q0;Remaining Q0;Remaining Q0;Remaining Q0;0
157290;800;0;2;Remaining Q0;Remaining Q0;Remaining Q0;Remaining Q0;0
157292;933;0;3;Remaining Q0;Remaining Q0;Remaining Q0;Remaining Q0;0
157293;1000;0;4;Remaining Q0;Remaining Q0;Remaining Q0;Remaining Q0;0
157295;1000;0;0;Remaining Q0;Remaining Q0;Remaining Q0;Remaining Q0;0
158300;533;0;1;Remaining Q0;Remaining Q0;Remaining Q0;Remaining Q0;0
158301;800;0;2;Remaining Q0;Remaining Q0;Remaining Q0;Remaining Q0;0
158302;933;0;3;Remaining Q0;Remaining Q0;Remaining Q0;Remaining Q0;0
158304;1000;0;4;Remaining Q0;Remaining Q0;Remaining Q0;Remaining Q0;0
158305;1000;0;0;Remaining Q0;Remaining Q0;Remaining Q0;Remaining Q0;0
159300;533;0;1;Remaining Q0;Remaining Q0;Remaining Q0;Remaining Q0;0
159302;800;0;2;Remaining Q0;Remaining Q0;Remaining Q0;Remaining Q0;0
159303;933;0;3;Remaining Q0;Remaining Q0;Remaining Q0;Remaining Q0;0
159304;1000;0;4;Remaining Q0;Remaining Q0;Remaining Q0;Remaining Q0;0
159305;1000;0;0;Remaining Q0;Remaining Q0;Remaining Q0;Remaining Q0;0
160303;533;0;1;Remaining Q0;Remaining Q0;Remaining Q0;Remaining Q0;0
160304;800;0;2;Remaining Q0;Remaining Q0;Remaining Q0;Remaining Q0;0
160305;933;0;3;Remaining Q0;Remaining Q0;Remaining Q0;Remaining Q0;0
160306;1000;0;4;Remaining Q0;Remaining Q0;Remaining Q0;Remaining Q0;0
160307;1000;0;0;Remaining Q0;Remaining Q0;Remaining Q0;Remaining Q0;0
161307;533;0;1;Remaining Q0;Remaining Q0;Remaining Q0;Remaining Q0;0
161308;800;0;2;Remaining Q0;Remaining Q0;Remaining Q0;Remaining Q0;0
161309;933;0;3;Remaining Q0;Remaining Q0;Remaining Q0;Remaining Q0;0
161311;1000;0;4;Remaining Q0;Remaining Q0;Remaining Q0;Remaining Q0;0
161314;1000;0;0;Remaining Q0;Remaining Q0;Remaining Q0;Remaining Q0;0
162311;533;0;1;Remaining Q0;Remaining Q0;Remaining Q0;Remaining Q0;0
162313;800;0;2;Remaining Q0;Remaining Q0;Remaining Q0;Remaining Q0;0
162314;933;0;3;Remaining Q0;Remaining Q0;Remaining Q0;Remaining Q0;0
162315;1000;0;4;Remaining Q0;Remaining Q0;Remaining Q0;Remaining Q0;0
162317;1000;0;0;Remaining Q0;Remaining Q0;Remaining Q0;Remaining Q0;0
163327;533;0;1;Remaining Q0;Remaining Q0;Remaining Q0;Remaining Q0;0
163328;800;0;2;Remaining Q0;Remaining Q0;Remaining Q0;Remaining Q0;0
163329;933;0;3;Remaining Q0;Remaining Q0;Remaining Q0;Remaining Q0;0
163331;1000;0;4;Remaining Q0;Remaining Q0;Remaining Q0;Remaining Q0;0
163332;1000;0;0;Remaining Q0;Remaining Q0;Remaining Q0;Remaining Q0;0
164338;533;0;1;Remaining Q0;Remaining Q0;Remaining Q0;Remaining Q0;0
164340;800;0;2;Remaining Q0;Remaining Q0;Remaining Q0;Remaining Q0;0
164341;933;0;3;Remaining Q0;Remaining Q0;Remaining Q0;Remaining Q0;0
164342;1000;0;4;Remaining Q0;Remaining Q0;Remaining Q0;Remaining Q0;0
164343;1000;0;0;Remaining Q0;Remaining Q0;Remaining Q0;Remaining Q0;0
165349;533;0;1;Remaining Q0;Remaining Q0;Remaining Q0;Remaining Q0;0
165350;800;0;2;Remaining Q0;Remaining Q0;Remaining Q0;Remaining Q0;0
165352;933;0;3;Remaining Q0;Remaining Q0;Remaining Q0;Remaining Q0;0
165353;1000;0;4;Remaining Q0;Remaining Q0;Remaining Q0;Remaining Q0;0
165355;1000;0;0;Remaining Q0;Remaining Q0;Remaining Q0;Remaining Q0;0
166363;533;0;1;Remaining Q0;Remaining Q0;Remaining Q0;Remaining Q0;0
166365;800;0;2;Remaining Q0;Remaining Q0;Remaining Q0;Remaining Q0;0
166366;933;0;3;Remaining Q0;Remaining Q0;Remaining Q0;Remaining Q0;0
166367;1000;0;4;Remaining Q0;Remaining Q0;Remaining Q0;Remaining Q0;0
166368;1000;0;0;Remaining Q0;Remaining Q0;Remaining Q0;Remaining Q0;0
167378;533;0;1;Remaining Q0;Remaining Q0;Remaining Q0;Remaining Q0;0
167379;800;0;2;Remaining Q0;Remaining Q0;Remaining Q0;Remaining Q0;0
167381;933;0;3;Remaining Q0;Remaining Q0;Remaining Q0;Remaining Q0;0
167382;1000;0;4;Remaining Q0;Remaining Q0;Remaining Q0;Remaining Q0;0
167384;1000;0;0;Remaining Q0;Remaining Q0;Remaining Q0;Remaining Q0;0
168389;533;0;1;Remaining Q0;Remaining Q0;Remaining Q0;Remaining Q0;0
168390;800;0;2;Remaining Q0;Remaining Q0;Remaining Q0;Remaining Q0;0
168392;933;0;3;Remaining Q0;Remaining Q0;Remaining Q0;Remaining Q0;0
168392;1000;0;4;Remaining Q0;Remaining Q0;Remaining Q0;Remaining Q0;0
168394;1000;0;0;Remaining Q0;Remaining Q0;Remaining Q0;Remaining Q0;0
169402;533;0;1;Remaining Q0;Remaining Q0;Remaining Q0;Remaining Q0;0
169403;800;0;2;Remaining Q0;Remaining Q0;Remaining Q0;Remaining Q0;0
169404;933;0;3;Remaining Q0;Remaining Q0;Remaining Q0;Remaining Q0;0
169406;1000;0;4;Remaining Q0;Remaining Q0;Remaining Q0;Remaining Q0;0
169407;1000;0;0;Remaining Q0;Remaining Q0;Remaining Q0;Remaining Q0;0
170415;533;0;1;Remaining Q0;Remaining Q0;Remaining Q0;Remaining Q0;0
170416;800;0;2;Remaining Q0;Remaining Q0;Remaining Q0;Remaining Q0;0
170417;933;0;3;Remaining Q0;Remaining Q0;Remaining Q0;Remaining Q0;0
170418;1000;0;4;Remaining Q0;Remaining Q0;Remaining Q0;Remaining Q0;0
170421;1000;0;0;Remaining Q0;Remaining Q0;Remaining Q0;Remaining Q0;0
171416;533;0;1;Remaining Q0;Remaining Q0;Remaining Q0;Remaining Q0;0
171417;800;0;2;Remaining Q0;Remaining Q0;Remaining Q0;Remaining Q0;0
171419;933;0;3;Remaining Q0;Remaining Q0;Remaining Q0;Remaining Q0;0
171421;1000;0;4;Remaining Q0;Remaining Q0;Remaining Q0;Remaining Q0;0
171423;1000;0;0;Remaining Q0;Remaining Q0;Remaining Q0;Remaining Q0;0
172428;533;0;1;Remaining Q0;Remaining Q0;Remaining Q0;Remaining Q0;0
172430;800;0;2;Remaining Q0;Remaining Q0;Remaining Q0;Remaining Q0;0
172431;933;0;3;Remaining Q0;Remaining Q0;Remaining Q0;Remaining Q0;0
172433;1000;0;4;Remaining Q0;Remaining Q0;Remaining Q0;Remaining Q0;0
172434;1000;0;0;Remaining Q0;Remaining Q0;Remaining Q0;Remaining Q0;0
173439;533;0;1;Remaining Q0;Remaining Q0;Remaining Q0;Remaining Q0;0
173441;800;0;2;Remaining Q0;Remaining Q0;Remaining Q0;Remaining Q0;0
173442;933;0;3;Remaining Q0;Remaining Q0;Remaining Q0;Remaining Q0;0
173444;1000;0;4;Remaining Q0;Remaining Q0;Remaining Q0;Remaining Q0;0
173446;1000;0;0;Remaining Q0;Remaining Q0;Remaining Q0;Remaining Q0;0
174452;533;0;1;Remaining Q0;Remaining Q0;Remaining Q0;Remaining Q0;0
174455;800;0;2;Remaining Q0;Remaining Q0;Remaining Q0;Remaining Q0;0
174456;933;0;3;Remaining Q0;Remaining Q0;Remaining Q0;Remaining Q0;0
174458;1000;0;4;Remaining Q0;Remaining Q0;Remaining Q0;Remaining Q0;0
174459;1000;0;0;Remaining Q0;Remaining Q0;Remaining Q0;Remaining Q0;0
175466;533;0;1;Remaining Q0;Remaining Q0;Remaining Q0;Remaining Q0;0
175467;800;0;2;Remaining Q0;Remaining Q0;Remaining Q0;Remaining Q0;0
175468;933;0;3;Remaining Q0;Remaining Q0;Remaining Q0;Remaining Q0;0
175470;1000;0;4;Remaining Q0;Remaining Q0;Remaining Q0;Remaining Q0;0
175472;1000;0;0;Remaining Q0;Remaining Q0;Remaining Q0;Remaining Q0;0
176467;533;0;1;Remaining Q0;Remaining Q0;Remaining Q0;Remaining Q0;0
176469;800;0;2;Remaining Q0;Remaining Q0;Remaining Q0;Remaining Q0;0
176470;933;0;3;Remaining Q0;Remaining Q0;Remaining Q0;Remaining Q0;0
176471;1000;0;4;Remaining Q0;Remaining Q0;Remaining Q0;Remaining Q0;0
176473;1000;0;0;Remaining Q0;Remaining Q0;Remaining Q0;Remaining Q0;0
177471;533;0;1;Remaining Q0;Remaining Q0;Remaining Q0;Remaining Q0;0
177473;800;0;2;Remaining Q0;Remaining Q0;Remaining Q0;Remaining Q0;0
177474;933;0;3;Remaining Q0;Remaining Q0;Remaining Q0;Remaining Q0;0
177476;1000;0;4;Remaining Q0;Remaining Q0;Remaining Q0;Remaining Q0;0
177477;1000;0;0;Remaining Q0;Remaining Q0;Remaining Q0;Remaining Q0;0
178481;533;0;1;Remaining Q0;Remaining Q0;Remaining Q0;Remaining Q0;0
178483;800;0;2;Remaining Q0;Remaining Q0;Remaining Q0;Remaining Q0;0
178484;933;0;3;Remaining Q0;Remaining Q0;Remaining Q0;Remaining Q0;0
178485;1000;0;4;Remaining Q0;Remaining Q0;Remaining Q0;Remaining Q0;0
178487;1000;0;0;Remaining Q0;Remaining Q0;Remaining Q0;Remaining Q0;0
179487;533;0;1;Remaining Q0;Remaining Q0;Remaining Q0;Remaining Q0;0
179488;800;0;2;Remaining Q0;Remaining Q0;Remaining Q0;Remaining Q0;0
179491;933;0;3;Remaining Q0;Remaining Q0;Remaining Q0;Remaining Q0;0
179493;1000;0;4;Remaining Q0;Remaining Q0;Remaining Q0;Remaining Q0;0
179494;1000;0;0;Remaining Q0;Remaining Q0;Remaining Q0;Remaining Q0;0
180488;533;0;1;Remaining Q0;Remaining Q0;Remaining Q0;Remaining Q0;0
180490;800;0;2;Remaining Q0;Remaining Q0;Remaining Q0;Remaining Q0;0
180492;933;0;3;Remaining Q0;Remaining Q0;Remaining Q0;Remaining Q0;0
180494;1000;0;4;Remaining Q0;Remaining Q0;Remaining Q0;Remaining Q0;0
180495;1000;0;0;Remaining Q0;Remaining Q0;Remaining Q0;Remaining Q0;0
181498;533;0;1;Remaining Q0;Remaining Q0;Remaining Q0;Remaining Q0;0
181500;800;0;2;Remaining Q0;Remaining Q0;Remaining Q0;Remaining Q0;0
181501;933;0;3;Remaining Q0;Remaining Q0;Remaining Q0;Remaining Q0;0
181503;1000;0;4;Remaining Q0;Remaining Q0;Remaining Q0;Remaining Q0;0
181504;1000;0;0;Remaining Q0;Remaining Q0;Remaining Q0;Remaining Q0;0
182509;533;0;1;Remaining Q0;Remaining Q0;Remaining Q0;Remaining Q0;0
182510;800;0;2;Remaining Q0;Remaining Q0;Remaining Q0;Remaining Q0;0
182511;933;0;3;Remaining Q0;Remaining Q0;Remaining Q0;Remaining Q0;0
182512;1000;0;4;Remaining Q0;Remaining Q0;Remaining Q0;Remaining Q0;0
182514;1000;0;0;Remaining Q0;Remaining Q0;Remaining Q0;Remaining Q0;0
183518;533;0;1;Remaining Q0;Remaining Q0;Remaining Q0;Remaining Q0;0
183520;800;0;2;Remaining Q0;Remaining Q0;Remaining Q0;Remaining Q0;0
183521;933;0;3;Remaining Q0;Remaining Q0;Remaining Q0;Remaining Q0;0
183523;1000;0;4;Remaining Q0;Remaining Q0;Remaining Q0;Remaining Q0;0
183525;1000;0;0;Remaining Q0;Remaining Q0;Remaining Q0;Remaining Q0;0
184530;533;0;1;Remaining Q0;Remaining Q0;Remaining Q0;Remaining Q0;0
184532;800;0;2;Remaining Q0;Remaining Q0;Remaining Q0;Remaining Q0;0
184533;933;0;3;Remaining Q0;Remaining Q0;Remaining Q0;Remaining Q0;0
184534;1000;0;4;Remaining Q0;Remaining Q0;Remaining Q0;Remaining Q0;0
184536;1000;0;0;Remaining Q0;Remaining Q0;Remaining Q0;Remaining Q0;0
185542;533;0;1;Remaining Q0;Remaining Q0;Remaining Q0;Remaining Q0;0
185544;800;0;2;Remaining Q0;Remaining Q0;Remaining Q0;Remaining Q0;0
185545;933;0;3;Remaining Q0;Remaining Q0;Remaining Q0;Remaining Q0;0
185546;1000;0;4;Remaining Q0;Remaining Q0;Remaining Q0;Remaining Q0;0
185548;1000;0;0;Remaining Q0;Remaining Q0;Remaining Q0;Remaining Q0;0
186544;533;0;1;Remaining Q0;Remaining Q0;Remaining Q0;Remaining Q0;0
186546;800;0;2;Remaining Q0;Remaining Q0;Remaining Q0;Remaining Q0;0
186547;933;0;3;Remaining Q0;Remaining Q0;Remaining Q0;Remaining Q0;0
186548;1000;0;4;Remaining Q0;Remaining Q0;Remaining Q0;Remaining Q0;0
186550;1000;0;0;Remaining Q0;Remaining Q0;Remaining Q0;Remaining Q0;0
187553;533;0;1;Remaining Q0;Remaining Q0;Remaining Q0;Remaining Q0;0
187554;800;0;2;Remaining Q0;Remaining Q0;Remaining Q0;Remaining Q0;0
187555;933;0;3;Remaining Q0;Remaining Q0;Remaining Q0;Remaining Q0;0
187556;1000;0;4;Remaining Q0;Remaining Q0;Remaining Q0;Remaining Q0;0
187557;1000;0;0;Remaining Q0;Remaining Q0;Remaining Q0;Remaining Q0;0
188555;533;0;1;Remaining Q0;Remaining Q0;Remaining Q0;Remaining Q0;0
188557;800;0;2;Remaining Q0;Remaining Q0;Remaining Q0;Remaining Q0;0
188558;933;0;3;Remaining Q0;Remaining Q0;Remaining Q0;Remaining Q0;0
188560;1000;0;4;Remaining Q0;Remaining Q0;Remaining Q0;Remaining Q0;0
188562;1000;0;0;Remaining Q0;Remaining Q0;Remaining Q0;Remaining Q0;0
189563;533;0;1;Remaining Q0;Remaining Q0;Remaining Q0;Remaining Q0;0
189565;800;0;2;Remaining Q0;Remaining Q0;Remaining Q0;Remaining Q0;0
189567;933;0;3;Remaining Q0;Remaining Q0;Remaining Q0;Remaining Q0;0
189568;1000;0;4;Remaining Q0;Remaining Q0;Remaining Q0;Remaining Q0;0
189570;1000;0;0;Remaining Q0;Remaining Q0;Remaining Q0;Remaining Q0;0
190574;533;0;1;Remaining Q0;Remaining Q0;Remaining Q0;Remaining Q0;0
190577;800;0;2;Remaining Q0;Remaining Q0;Remaining Q0;Remaining Q0;0
190578;933;0;3;Remaining Q0;Remaining Q0;Remaining Q0;Remaining Q0;0
190581;1000;0;0;Remaining Q0;Remaining Q0;Remaining Q0;Remaining Q0;0
190580;1000;0;4;Remaining Q0;Remaining Q0;Remaining Q0;Remaining Q0;0
191585;533;0;1;Remaining Q0;Remaining Q0;Remaining Q0;Remaining Q0;0
191587;800;0;2;Remaining Q0;Remaining Q0;Remaining Q0;Remaining Q0;0
191588;933;0;3;Remaining Q0;Remaining Q0;Remaining Q0;Remaining Q0;0
191589;1000;0;4;Remaining Q0;Remaining Q0;Remaining Q0;Remaining Q0;0
191591;1000;0;0;Remaining Q0;Remaining Q0;Remaining Q0;Remaining Q0;0
192599;533;0;1;Remaining Q0;Remaining Q0;Remaining Q0;Remaining Q0;0
192602;800;0;2;Remaining Q0;Remaining Q0;Remaining Q0;Remaining Q0;0
192603;933;0;3;Remaining Q0;Remaining Q0;Remaining Q0;Remaining Q0;0
192605;1000;0;4;Remaining Q0;Remaining Q0;Remaining Q0;Remaining Q0;0
192606;1000;0;0;Remaining Q0;Remaining Q0;Remaining Q0;Remaining Q0;0
193609;533;0;1;Remaining Q0;Remaining Q0;Remaining Q0;Remaining Q0;0
193611;800;0;2;Remaining Q0;Remaining Q0;Remaining Q0;Remaining Q0;0
193612;933;0;3;Remaining Q0;Remaining Q0;Remaining Q0;Remaining Q0;0
193613;1000;0;4;Remaining Q0;Remaining Q0;Remaining Q0;Remaining Q0;0
193615;1000;0;0;Remaining Q0;Remaining Q0;Remaining Q0;Remaining Q0;0
194624;533;0;1;Remaining Q0;Remaining Q0;Remaining Q0;Remaining Q0;0
194625;800;0;2;Remaining Q0;Remaining Q0;Remaining Q0;Remaining Q0;0
194626;933;0;3;Remaining Q0;Remaining Q0;Remaining Q0;Remaining Q0;0
194627;1000;0;4;Remaining Q0;Remaining Q0;Remaining Q0;Remaining Q0;0
194629;1000;0;0;Remaining Q0;Remaining Q0;Remaining Q0;Remaining Q0;0
195634;533;0;1;Remaining Q0;Remaining Q0;Remaining Q0;Remaining Q0;0
195636;800;0;2;Remaining Q0;Remaining Q0;Remaining Q0;Remaining Q0;0
195637;933;0;3;Remaining Q0;Remaining Q0;Remaining Q0;Remaining Q0;0
195638;1000;0;4;Remaining Q0;Remaining Q0;Remaining Q0;Remaining Q0;0
195639;1000;0;0;Remaining Q0;Remaining Q0;Remaining Q0;Remaining Q0;0
196645;533;0;1;Remaining Q0;Remaining Q0;Remaining Q0;Remaining Q0;0
196647;800;0;2;Remaining Q0;Remaining Q0;Remaining Q0;Remaining Q0;0
196648;933;0;3;Remaining Q0;Remaining Q0;Remaining Q0;Remaining Q0;0
196649;1000;0;4;Remaining Q0;Remaining Q0;Remaining Q0;Remaining Q0;0
196651;1000;0;0;Remaining Q0;Remaining Q0;Remaining Q0;Remaining Q0;0
197661;533;0;1;Remaining Q0;Remaining Q0;Remaining Q0;Remaining Q0;0
197662;800;0;2;Remaining Q0;Remaining Q0;Remaining Q0;Remaining Q0;0
197663;933;0;3;Remaining Q0;Remaining Q0;Remaining Q0;Remaining Q0;0
197664;1000;0;4;Remaining Q0;Remaining Q0;Remaining Q0;Remaining Q0;0
197666;1000;0;0;Remaining Q0;Remaining Q0;Remaining Q0;Remaining Q0;0
198675;533;0;1;Remaining Q0;Remaining Q0;Remaining Q0;Remaining Q0;0
198676;800;0;2;Remaining Q0;Remaining Q0;Remaining Q0;Remaining Q0;0
198677;933;0;3;Remaining Q0;Remaining Q0;Remaining Q0;Remaining Q0;0
198678;1000;0;4;Remaining Q0;Remaining Q0;Remaining Q0;Remaining Q0;0
198679;1000;0;0;Remaining Q0;Remaining Q0;Remaining Q0;Remaining Q0;0
199689;533;0;1;Remaining Q0;Remaining Q0;Remaining Q0;Remaining Q0;0
199691;800;0;2;Remaining Q0;Remaining Q0;Remaining Q0;Remaining Q0;0
199692;933;0;3;Remaining Q0;Remaining Q0;Remaining Q0;Remaining Q0;0
199694;1000;0;4;Remaining Q0;Remaining Q0;Remaining Q0;Remaining Q0;0
199695;1000;0;0;Remaining Q0;Remaining Q0;Remaining Q0;Remaining Q0;0
200703;533;0;1;Remaining Q0;Remaining Q0;Remaining Q0;Remaining Q0;0
200705;800;0;2;Remaining Q0;Remaining Q0;Remaining Q0;Remaining Q0;0
200706;933;0;3;Remaining Q0;Remaining Q0;Remaining Q0;Remaining Q0;0
200708;1000;0;4;Remaining Q0;Remaining Q0;Remaining Q0;Remaining Q0;0
200710;1000;0;0;Remaining Q0;Remaining Q0;Remaining Q0;Remaining Q0;0
201707;533;0;1;Remaining Q0;Remaining Q0;Remaining Q0;Remaining Q0;0
201709;800;0;2;Remaining Q0;Remaining Q0;Remaining Q0;Remaining Q0;0
201710;933;0;3;Remaining Q0;Remaining Q0;Remaining Q0;Remaining Q0;0
201712;1000;0;4;Remaining Q0;Remaining Q0;Remaining Q0;Remaining Q0;0
201713;1000;0;0;Remaining Q0;Remaining Q0;Remaining Q0;Remaining Q0;0
202708;533;0;1;Remaining Q0;Remaining Q0;Remaining Q0;Remaining Q0;0
202709;800;0;2;Remaining Q0;Remaining Q0;Remaining Q0;Remaining Q0;0
202710;933;0;3;Remaining Q0;Remaining Q0;Remaining Q0;Remaining Q0;0
202711;1000;0;4;Remaining Q0;Remaining Q0;Remaining Q0;Remaining Q0;0
202713;1000;0;0;Remaining Q0;Remaining Q0;Remaining Q0;Remaining Q0;0
203720;533;0;1;Remaining Q0;Remaining Q0;Remaining Q0;Remaining Q0;0
203721;800;0;2;Remaining Q0;Remaining Q0;Remaining Q0;Remaining Q0;0
203722;933;0;3;Remaining Q0;Remaining Q0;Remaining Q0;Remaining Q0;0
203723;1000;0;4;Remaining Q0;Remaining Q0;Remaining Q0;Remaining Q0;0
203724;1000;0;0;Remaining Q0;Remaining Q0;Remaining Q0;Remaining Q0;0
204734;533;0;1;Remaining Q0;Remaining Q0;Remaining Q0;Remaining Q0;0
204736;800;0;2;Remaining Q0;Remaining Q0;Remaining Q0;Remaining Q0;0
204738;933;0;3;Remaining Q0;Remaining Q0;Remaining Q0;Remaining Q0;0
204739;1000;0;4;Remaining Q0;Remaining Q0;Remaining Q0;Remaining Q0;0
204741;1000;0;0;Remaining Q0;Remaining Q0;Remaining Q0;Remaining Q0;0
205735;533;0;1;Remaining Q0;Remaining Q0;Remaining Q0;Remaining Q0;0
205736;800;0;2;Remaining Q0;Remaining Q0;Remaining Q0;Remaining Q0;0
205737;933;0;3;Remaining Q0;Remaining Q0;Remaining Q0;Remaining Q0;0
205738;1000;0;4;Remaining Q0;Remaining Q0;Remaining Q0;Remaining Q0;0
205739;1000;0;0;Remaining Q0;Remaining Q0;Remaining Q0;Remaining Q0;0
206741;533;0;1;Remaining Q0;Remaining Q0;Remaining Q0;Remaining Q0;0
206742;800;0;2;Remaining Q0;Remaining Q0;Remaining Q0;Remaining Q0;0
206744;933;0;3;Remaining Q0;Remaining Q0;Remaining Q0;Remaining Q0;0
206745;1000;0;4;Remaining Q0;Remaining Q0;Remaining Q0;Remaining Q0;0
206746;1000;0;0;Remaining Q0;Remaining Q0;Remaining Q0;Remaining Q0;0
207749;533;0;1;Remaining Q0;Remaining Q0;Remaining Q0;Remaining Q0;0
207750;800;0;2;Remaining Q0;Remaining Q0;Remaining Q0;Remaining Q0;0
207752;933;0;3;Remaining Q0;Remaining Q0;Remaining Q0;Remaining Q0;0
207753;1000;0;4;Remaining Q0;Remaining Q0;Remaining Q0;Remaining Q0;0
207755;1000;0;0;Remaining Q0;Remaining Q0;Remaining Q0;Remaining Q0;0
208753;533;0;1;Remaining Q0;Remaining Q0;Remaining Q0;Remaining Q0;0
208755;800;0;2;Remaining Q0;Remaining Q0;Remaining Q0;Remaining Q0;0
208757;933;0;3;Remaining Q0;Remaining Q0;Remaining Q0;Remaining Q0;0
208759;1000;0;4;Remaining Q0;Remaining Q0;Remaining Q0;Remaining Q0;0
208760;1000;0;0;Remaining Q0;Remaining Q0;Remaining Q0;Remaining Q0;0
209762;533;0;1;Remaining Q0;Remaining Q0;Remaining Q0;Remaining Q0;0
209763;800;0;2;Remaining Q0;Remaining Q0;Remaining Q0;Remaining Q0;0
209766;1000;0;4;Remaining Q0;Remaining Q0;Remaining Q0;Remaining Q0;0
209765;933;0;3;Remaining Q0;Remaining Q0;Remaining Q0;Remaining Q0;0
209767;1000;0;0;Remaining Q0;Remaining Q0;Remaining Q0;Remaining Q0;0
210771;533;0;1;Remaining Q0;Remaining Q0;Remaining Q0;Remaining Q0;0
210772;800;0;2;Remaining Q0;Remaining Q0;Remaining Q0;Remaining Q0;0
210773;933;0;3;Remaining Q0;Remaining Q0;Remaining Q0;Remaining Q0;0
210775;1000;0;4;Remaining Q0;Remaining Q0;Remaining Q0;Remaining Q0;0
210776;1000;0;0;Remaining Q0;Remaining Q0;Remaining Q0;Remaining Q0;0
211771;533;0;1;Remaining Q0;Remaining Q0;Remaining Q0;Remaining Q0;0
211773;800;0;2;Remaining Q0;Remaining Q0;Remaining Q0;Remaining Q0;0
211775;933;0;3;Remaining Q0;Remaining Q0;Remaining Q0;Remaining Q0;0
211776;1000;0;4;Remaining Q0;Remaining Q0;Remaining Q0;Remaining Q0;0
211778;1000;0;0;Remaining Q0;Remaining Q0;Remaining Q0;Remaining Q0;0
212772;533;0;1;Remaining Q0;Remaining Q0;Remaining Q0;Remaining Q0;0
212773;800;0;2;Remaining Q0;Remaining Q0;Remaining Q0;Remaining Q0;0
212774;933;0;3;Remaining Q0;Remaining Q0;Remaining Q0;Remaining Q0;0
212775;1000;0;4;Remaining Q0;Remaining Q0;Remaining Q0;Remaining Q0;0
212776;1000;0;0;Remaining Q0;Remaining Q0;Remaining Q0;Remaining Q0;0
213782;533;0;1;Remaining Q0;Remaining Q0;Remaining Q0;Remaining Q0;0
213784;800;0;2;Remaining Q0;Remaining Q0;Remaining Q0;Remaining Q0;0
213785;933;0;3;Remaining Q0;Remaining Q0;Remaining Q0;Remaining Q0;0
213786;1000;0;4;Remaining Q0;Remaining Q0;Remaining Q0;Remaining Q0;0
213788;1000;0;0;Remaining Q0;Remaining Q0;Remaining Q0;Remaining Q0;0
214797;533;0;1;Remaining Q0;Remaining Q0;Remaining Q0;Remaining Q0;0
214798;800;0;2;Remaining Q0;Remaining Q0;Remaining Q0;Remaining Q0;0
214800;933;0;3;Remaining Q0;Remaining Q0;Remaining Q0;Remaining Q0;0
214802;1000;0;4;Remaining Q0;Remaining Q0;Remaining Q0;Remaining Q0;0
214803;1000;0;0;Remaining Q0;Remaining Q0;Remaining Q0;Remaining Q0;0
215804;533;0;1;Remaining Q0;Remaining Q0;Remaining Q0;Remaining Q0;0
215806;800;0;2;Remaining Q0;Remaining Q0;Remaining Q0;Remaining Q0;0
215807;933;0;3;Remaining Q0;Remaining Q0;Remaining Q0;Remaining Q0;0
215808;1000;0;4;Remaining Q0;Remaining Q0;Remaining Q0;Remaining Q0;0
215809;1000;0;0;Remaining Q0;Remaining Q0;Remaining Q0;Remaining Q0;0
216813;533;0;1;Remaining Q0;Remaining Q0;Remaining Q0;Remaining Q0;0
216815;800;0;2;Remaining Q0;Remaining Q0;Remaining Q0;Remaining Q0;0
216816;933;0;3;Remaining Q0;Remaining Q0;Remaining Q0;Remaining Q0;0
216818;1000;0;4;Remaining Q0;Remaining Q0;Remaining Q0;Remaining Q0;0
216820;1000;0;0;Remaining Q0;Remaining Q0;Remaining Q0;Remaining Q0;0
217825;533;0;1;Remaining Q0;Remaining Q0;Remaining Q0;Remaining Q0;0
217826;800;0;2;Remaining Q0;Remaining Q0;Remaining Q0;Remaining Q0;0
217827;933;0;3;Remaining Q0;Remaining Q0;Remaining Q0;Remaining Q0;0
217829;1000;0;0;Remaining Q0;Remaining Q0;Remaining Q0;Remaining Q0;0
217828;1000;0;4;Remaining Q0;Remaining Q0;Remaining Q0;Remaining Q0;0
218833;533;0;1;Remaining Q0;Remaining Q0;Remaining Q0;Remaining Q0;0
218834;800;0;2;Remaining Q0;Remaining Q0;Remaining Q0;Remaining Q0;0
218835;933;0;3;Remaining Q0;Remaining Q0;Remaining Q0;Remaining Q0;0
218836;1000;0;4;Remaining Q0;Remaining Q0;Remaining Q0;Remaining Q0;0
218838;1000;0;0;Remaining Q0;Remaining Q0;Remaining Q0;Remaining Q0;0
219840;533;0;1;Remaining Q0;Remaining Q0;Remaining Q0;Remaining Q0;0
219842;800;0;2;Remaining Q0;Remaining Q0;Remaining Q0;Remaining Q0;0
219842;933;0;3;Remaining Q0;Remaining Q0;Remaining Q0;Remaining Q0;0
219843;1000;0;4;Remaining Q0;Remaining Q0;Remaining Q0;Remaining Q0;0
219844;1000;0;0;Remaining Q0;Remaining Q0;Remaining Q0;Remaining Q0;0
220847;533;0;1;Remaining Q0;Remaining Q0;Remaining Q0;Remaining Q0;0
220848;800;0;2;Remaining Q0;Remaining Q0;Remaining Q0;Remaining Q0;0
220850;1000;0;4;Remaining Q0;Remaining Q0;Remaining Q0;Remaining Q0;0
220849;933;0;3;Remaining Q0;Remaining Q0;Remaining Q0;Remaining Q0;0
220851;1000;0;0;Remaining Q0;Remaining Q0;Remaining Q0;Remaining Q0;0
221857;533;0;1;Remaining Q0;Remaining Q0;Remaining Q0;Remaining Q0;0
221859;800;0;2;Remaining Q0;Remaining Q0;Remaining Q0;Remaining Q0;0
221860;933;0;3;Remaining Q0;Remaining Q0;Remaining Q0;Remaining Q0;0
221861;1000;0;4;Remaining Q0;Remaining Q0;Remaining Q0;Remaining Q0;0
221863;1000;0;0;Remaining Q0;Remaining Q0;Remaining Q0;Remaining Q0;0
222869;533;0;1;Remaining Q0;Remaining Q0;Remaining Q0;Remaining Q0;0
222870;800;0;2;Remaining Q0;Remaining Q0;Remaining Q0;Remaining Q0;0
222871;933;0;3;Remaining Q0;Remaining Q0;Remaining Q0;Remaining Q0;0
222872;1000;0;4;Remaining Q0;Remaining Q0;Remaining Q0;Remaining Q0;0
222873;1000;0;0;Remaining Q0;Remaining Q0;Remaining Q0;Remaining Q0;0
223884;533;0;1;Remaining Q0;Remaining Q0;Remaining Q0;Remaining Q0;0
223886;800;0;2;Remaining Q0;Remaining Q0;Remaining Q0;Remaining Q0;0
223888;933;0;3;Remaining Q0;Remaining Q0;Remaining Q0;Remaining Q0;0
223889;1000;0;4;Remaining Q0;Remaining Q0;Remaining Q0;Remaining Q0;0
223890;1000;0;0;Remaining Q0;Remaining Q0;Remaining Q0;Remaining Q0;0
224891;533;0;1;Remaining Q0;Remaining Q0;Remaining Q0;Remaining Q0;0
224892;800;0;2;Remaining Q0;Remaining Q0;Remaining Q0;Remaining Q0;0
224893;933;0;3;Remaining Q0;Remaining Q0;Remaining Q0;Remaining Q0;0
224894;1000;0;4;Remaining Q0;Remaining Q0;Remaining Q0;Remaining Q0;0
224895;1000;0;0;Remaining Q0;Remaining Q0;Remaining Q0;Remaining Q0;0
225897;533;0;1;Remaining Q0;Remaining Q0;Remaining Q0;Remaining Q0;0
225898;800;0;2;Remaining Q0;Remaining Q0;Remaining Q0;Remaining Q0;0
225901;1000;0;4;Remaining Q0;Remaining Q0;Remaining Q0;Remaining Q0;0
225899;933;0;3;Remaining Q0;Remaining Q0;Remaining Q0;Remaining Q0;0
225903;1000;0;0;Remaining Q0;Remaining Q0;Remaining Q0;Remaining Q0;0
226900;533;0;1;Remaining Q0;Remaining Q0;Remaining Q0;Remaining Q0;0
226901;800;0;2;Remaining Q0;Remaining Q0;Remaining Q0;Remaining Q0;0
226904;1000;0;4;Remaining Q0;Remaining Q0;Remaining Q0;Remaining Q0;0
226902;933;0;3;Remaining Q0;Remaining Q0;Remaining Q0;Remaining Q0;0
226905;1000;0;0;Remaining Q0;Remaining Q0;Remaining Q0;Remaining Q0;0
227908;533;0;1;Remaining Q0;Remaining Q0;Remaining Q0;Remaining Q0;0
227912;800;0;2;Remaining Q0;Remaining Q0;Remaining Q0;Remaining Q0;0
227914;933;0;3;Remaining Q0;Remaining Q0;Remaining Q0;Remaining Q0;0
227916;1000;0;4;Remaining Q0;Remaining Q0;Remaining Q0;Remaining Q0;0
227918;1000;0;0;Remaining Q0;Remaining Q0;Remaining Q0;Remaining Q0;0
228919;533;0;1;Remaining Q0;Remaining Q0;Remaining Q0;Remaining Q0;0
228920;800;0;2;Remaining Q0;Remaining Q0;Remaining Q0;Remaining Q0;0
228921;933;0;3;Remaining Q0;Remaining Q0;Remaining Q0;Remaining Q0;0
228923;1000;0;4;Remaining Q0;Remaining Q0;Remaining Q0;Remaining Q0;0
228925;1000;0;0;Remaining Q0;Remaining Q0;Remaining Q0;Remaining Q0;0
229933;533;0;1;Remaining Q0;Remaining Q0;Remaining Q0;Remaining Q0;0
229934;800;0;2;Remaining Q0;Remaining Q0;Remaining Q0;Remaining Q0;0
229936;933;0;3;Remaining Q0;Remaining Q0;Remaining Q0;Remaining Q0;0
229937;1000;0;4;Remaining Q0;Remaining Q0;Remaining Q0;Remaining Q0;0
229939;1000;0;0;Remaining Q0;Remaining Q0;Remaining Q0;Remaining Q0;0
230948;533;0;1;Remaining Q0;Remaining Q0;Remaining Q0;Remaining Q0;0
230951;800;0;2;Remaining Q0;Remaining Q0;Remaining Q0;Remaining Q0;0
230953;933;0;3;Remaining Q0;Remaining Q0;Remaining Q0;Remaining Q0;0
230954;1000;0;4;Remaining Q0;Remaining Q0;Remaining Q0;Remaining Q0;0
230956;1000;0;0;Remaining Q0;Remaining Q0;Remaining Q0;Remaining Q0;0
231956;533;0;1;Remaining Q0;Remaining Q0;Remaining Q0;Remaining Q0;0
231957;800;0;2;Remaining Q0;Remaining Q0;Remaining Q0;Remaining Q0;0
231958;933;0;3;Remaining Q0;Remaining Q0;Remaining Q0;Remaining Q0;0
231959;1000;0;4;Remaining Q0;Remaining Q0;Remaining Q0;Remaining Q0;0
231961;1000;0;0;Remaining Q0;Remaining Q0;Remaining Q0;Remaining Q0;0
232968;533;0;1;Remaining Q0;Remaining Q0;Remaining Q0;Remaining Q0;0
232969;800;0;2;Remaining Q0;Remaining Q0;Remaining Q0;Remaining Q0;0
232970;933;0;3;Remaining Q0;Remaining Q0;Remaining Q0;Remaining Q0;0
232972;1000;0;4;Remaining Q0;Remaining Q0;Remaining Q0;Remaining Q0;0
232974;1000;0;0;Remaining Q0;Remaining Q0;Remaining Q0;Remaining Q0;0
233979;533;0;1;Remaining Q0;Remaining Q0;Remaining Q0;Remaining Q0;0
233981;800;0;2;Remaining Q0;Remaining Q0;Remaining Q0;Remaining Q0;0
233982;933;0;3;Remaining Q0;Remaining Q0;Remaining Q0;Remaining Q0;0
233983;1000;0;4;Remaining Q0;Remaining Q0;Remaining Q0;Remaining Q0;0
233984;1000;0;0;Remaining Q0;Remaining Q0;Remaining Q0;Remaining Q0;0
234993;533;0;1;Remaining Q0;Remaining Q0;Remaining Q0;Remaining Q0;0
234994;800;0;2;Remaining Q0;Remaining Q0;Remaining Q0;Remaining Q0;0
234995;933;0;3;Remaining Q0;Remaining Q0;Remaining Q0;Remaining Q0;0
234996;1000;0;4;Remaining Q0;Remaining Q0;Remaining Q0;Remaining Q0;0
234997;1000;0;0;Remaining Q0;Remaining Q0;Remaining Q0;Remaining Q0;0
235999;533;0;1;Remaining Q0;Remaining Q0;Remaining Q0;Remaining Q0;0
236000;800;0;2;Remaining Q0;Remaining Q0;Remaining Q0;Remaining Q0;0
236001;933;0;3;Remaining Q0;Remaining Q0;Remaining Q0;Remaining Q0;0
236002;1000;0;4;Remaining Q0;Remaining Q0;Remaining Q0;Remaining Q0;0
236003;1000;0;0;Remaining Q0;Remaining Q0;Remaining Q0;Remaining Q0;0
237006;533;0;1;Remaining Q0;Remaining Q0;Remaining Q0;Remaining Q0;0
237007;800;0;2;Remaining Q0;Remaining Q0;Remaining Q0;Remaining Q0;0
237008;933;0;3;Remaining Q0;Remaining Q0;Remaining Q0;Remaining Q0;0
237009;1000;0;4;Remaining Q0;Remaining Q0;Remaining Q0;Remaining Q0;0
237011;1000;0;0;Remaining Q0;Remaining Q0;Remaining Q0;Remaining Q0;0
238009;533;0;1;Remaining Q0;Remaining Q0;Remaining Q0;Remaining Q0;0
238010;800;0;2;Remaining Q0;Remaining Q0;Remaining Q0;Remaining Q0;0
238011;933;0;3;Remaining Q0;Remaining Q0;Remaining Q0;Remaining Q0;0
238012;1000;0;4;Remaining Q0;Remaining Q0;Remaining Q0;Remaining Q0;0
238013;1000;0;0;Remaining Q0;Remaining Q0;Remaining Q0;Remaining Q0;0
239022;533;0;1;Remaining Q0;Remaining Q0;Remaining Q0;Remaining Q0;0
239023;800;0;2;Remaining Q0;Remaining Q0;Remaining Q0;Remaining Q0;0
239025;1000;0;4;Remaining Q0;Remaining Q0;Remaining Q0;Remaining Q0;0
239024;933;0;3;Remaining Q0;Remaining Q0;Remaining Q0;Remaining Q0;0
239027;1000;0;0;Remaining Q0;Remaining Q0;Remaining Q0;Remaining Q0;0
240031;533;0;1;Remaining Q0;Remaining Q0;Remaining Q0;Remaining Q0;0
240032;800;0;2;Remaining Q0;Remaining Q0;Remaining Q0;Remaining Q0;0
240034;933;0;3;Remaining Q0;Remaining Q0;Remaining Q0;Remaining Q0;0
240035;1000;0;4;Remaining Q0;Remaining Q0;Remaining Q0;Remaining Q0;0
240037;1000;0;0;Remaining Q0;Remaining Q0;Remaining Q0;Remaining Q0;0
241043;533;0;1;Remaining Q0;Remaining Q0;Remaining Q0;Remaining Q0;0
241044;800;0;2;Remaining Q0;Remaining Q0;Remaining Q0;Remaining Q0;0
241045;933;0;3;Remaining Q0;Remaining Q0;Remaining Q0;Remaining Q0;0
241048;1000;0;4;Remaining Q0;Remaining Q0;Remaining Q0;Remaining Q0;0
241049;1000;0;0;Remaining Q0;Remaining Q0;Remaining Q0;Remaining Q0;0
242051;533;0;1;Remaining Q0;Remaining Q0;Remaining Q0;Remaining Q0;0
242053;800;0;2;Remaining Q0;Remaining Q0;Remaining Q0;Remaining Q0;0
242054;933;0;3;Remaining Q0;Remaining Q0;Remaining Q0;Remaining Q0;0
242055;1000;0;4;Remaining Q0;Remaining Q0;Remaining Q0;Remaining Q0;0
242057;1000;0;0;Remaining Q0;Remaining Q0;Remaining Q0;Remaining Q0;0
243060;533;0;1;Remaining Q0;Remaining Q0;Remaining Q0;Remaining Q0;0
243062;800;0;2;Remaining Q0;Remaining Q0;Remaining Q0;Remaining Q0;0
243063;933;0;3;Remaining Q0;Remaining Q0;Remaining Q0;Remaining Q0;0
243065;1000;0;4;Remaining Q0;Remaining Q0;Remaining Q0;Remaining Q0;0
243066;1000;0;0;Remaining Q0;Remaining Q0;Remaining Q0;Remaining Q0;0
244071;533;0;1;Remaining Q0;Remaining Q0;Remaining Q0;Remaining Q0;0
244072;800;0;2;Remaining Q0;Remaining Q0;Remaining Q0;Remaining Q0;0
244075;1000;0;4;Remaining Q0;Remaining Q0;Remaining Q0;Remaining Q0;0
244073;933;0;3;Remaining Q0;Remaining Q0;Remaining Q0;Remaining Q0;0
244076;1000;0;0;Remaining Q0;Remaining Q0;Remaining Q0;Remaining Q0;0
245078;533;0;1;Remaining Q0;Remaining Q0;Remaining Q0;Remaining Q0;0
245079;800;0;2;Remaining Q0;Remaining Q0;Remaining Q0;Remaining Q0;0
245081;933;0;3;Remaining Q0;Remaining Q0;Remaining Q0;Remaining Q0;0
245082;1000;0;4;Remaining Q0;Remaining Q0;Remaining Q0;Remaining Q0;0
245083;1000;0;0;Remaining Q0;Remaining Q0;Remaining Q0;Remaining Q0;0
246087;533;0;1;Remaining Q0;Remaining Q0;Remaining Q0;Remaining Q0;0
246089;800;0;2;Remaining Q0;Remaining Q0;Remaining Q0;Remaining Q0;0
246090;933;0;3;Remaining Q0;Remaining Q0;Remaining Q0;Remaining Q0;0
246091;1000;0;4;Remaining Q0;Remaining Q0;Remaining Q0;Remaining Q0;0
246092;1000;0;0;Remaining Q0;Remaining Q0;Remaining Q0;Remaining Q0;0
247094;533;0;1;Remaining Q0;Remaining Q0;Remaining Q0;Remaining Q0;0
247095;800;0;2;Remaining Q0;Remaining Q0;Remaining Q0;Remaining Q0;0
247096;933;0;3;Remaining Q0;Remaining Q0;Remaining Q0;Remaining Q0;0
247098;1000;0;4;Remaining Q0;Remaining Q0;Remaining Q0;Remaining Q0;0
247099;1000;0;0;Remaining Q0;Remaining Q0;Remaining Q0;Remaining Q0;0
248103;533;0;1;Remaining Q0;Remaining Q0;Remaining Q0;Remaining Q0;0
248105;800;0;2;Remaining Q0;Remaining Q0;Remaining Q0;Remaining Q0;0
248106;933;0;3;Remaining Q0;Remaining Q0;Remaining Q0;Remaining Q0;0
248108;1000;0;4;Remaining Q0;Remaining Q0;Remaining Q0;Remaining Q0;0
248109;1000;0;0;Remaining Q0;Remaining Q0;Remaining Q0;Remaining Q0;0
249113;533;0;1;Remaining Q0;Remaining Q0;Remaining Q0;Remaining Q0;0
249115;800;0;2;Remaining Q0;Remaining Q0;Remaining Q0;Remaining Q0;0
249116;933;0;3;Remaining Q0;Remaining Q0;Remaining Q0;Remaining Q0;0
249118;1000;0;4;Remaining Q0;Remaining Q0;Remaining Q0;Remaining Q0;0
249119;1000;0;0;Remaining Q0;Remaining Q0;Remaining Q0;Remaining Q0;0
250117;533;0;1;Remaining Q0;Remaining Q0;Remaining Q0;Remaining Q0;0
250119;800;0;2;Remaining Q0;Remaining Q0;Remaining Q0;Remaining Q0;0
250120;933;0;3;Remaining Q0;Remaining Q0;Remaining Q0;Remaining Q0;0
250121;1000;0;4;Remaining Q0;Remaining Q0;Remaining Q0;Remaining Q0;0
250122;1000;0;0;Remaining Q0;Remaining Q0;Remaining Q0;Remaining Q0;0
251123;533;0;1;Remaining Q0;Remaining Q0;Remaining Q0;Remaining Q0;0
251125;800;0;2;Remaining Q0;Remaining Q0;Remaining Q0;Remaining Q0;0
251126;933;0;3;Remaining Q0;Remaining Q0;Remaining Q0;Remaining Q0;0
251127;1000;0;4;Remaining Q0;Remaining Q0;Remaining Q0;Remaining Q0;0
251128;1000;0;0;Remaining Q0;Remaining Q0;Remaining Q0;Remaining Q0;0
252126;533;0;1;Remaining Q0;Remaining Q0;Remaining Q0;Remaining Q0;0
252127;800;0;2;Remaining Q0;Remaining Q0;Remaining Q0;Remaining Q0;0
252128;933;0;3;Remaining Q0;Remaining Q0;Remaining Q0;Remaining Q0;0
252132;1000;0;4;Remaining Q0;Remaining Q0;Remaining Q0;Remaining Q0;0
252134;1000;0;0;Remaining Q0;Remaining Q0;Remaining Q0;Remaining Q0;0
253138;533;0;1;Remaining Q0;Remaining Q0;Remaining Q0;Remaining Q0;0
253140;800;0;2;Remaining Q0;Remaining Q0;Remaining Q0;Remaining Q0;0
253142;1000;0;4;Remaining Q0;Remaining Q0;Remaining Q0;Remaining Q0;0
253141;933;0;3;Remaining Q0;Remaining Q0;Remaining Q0;Remaining Q0;0
253144;1000;0;0;Remaining Q0;Remaining Q0;Remaining Q0;Remaining Q0;0
254143;533;0;1;Remaining Q0;Remaining Q0;Remaining Q0;Remaining Q0;0
254144;800;0;2;Remaining Q0;Remaining Q0;Remaining Q0;Remaining Q0;0
254147;933;0;3;Remaining Q0;Remaining Q0;Remaining Q0;Remaining Q0;0
254150;1000;0;4;Remaining Q0;Remaining Q0;Remaining Q0;Remaining Q0;0
254151;1000;0;0;Remaining Q0;Remaining Q0;Remaining Q0;Remaining Q0;0
255148;533;0;1;Remaining Q0;Remaining Q0;Remaining Q0;Remaining Q0;0
255149;800;0;2;Remaining Q0;Remaining Q0;Remaining Q0;Remaining Q0;0
255151;933;0;3;Remaining Q0;Remaining Q0;Remaining Q0;Remaining Q0;0
255152;1000;0;4;Remaining Q0;Remaining Q0;Remaining Q0;Remaining Q0;0
255154;1000;0;0;Remaining Q0;Remaining Q0;Remaining Q0;Remaining Q0;0
256159;533;0;1;Remaining Q0;Remaining Q0;Remaining Q0;Remaining Q0;0
256161;800;0;2;Remaining Q0;Remaining Q0;Remaining Q0;Remaining Q0;0
256162;933;0;3;Remaining Q0;Remaining Q0;Remaining Q0;Remaining Q0;0
256163;1000;0;4;Remaining Q0;Remaining Q0;Remaining Q0;Remaining Q0;0
256164;1000;0;0;Remaining Q0;Remaining Q0;Remaining Q0;Remaining Q0;0
257173;533;0;1;Remaining Q0;Remaining Q0;Remaining Q0;Remaining Q0;0
257174;800;0;2;Remaining Q0;Remaining Q0;Remaining Q0;Remaining Q0;0
257175;933;0;3;Remaining Q0;Remaining Q0;Remaining Q0;Remaining Q0;0
257177;1000;0;4;Remaining Q0;Remaining Q0;Remaining Q0;Remaining Q0;0
257178;1000;0;0;Remaining Q0;Remaining Q0;Remaining Q0;Remaining Q0;0
258180;533;0;1;Remaining Q0;Remaining Q0;Remaining Q0;Remaining Q0;0
258182;800;0;2;Remaining Q0;Remaining Q0;Remaining Q0;Remaining Q0;0
258184;933;0;3;Remaining Q0;Remaining Q0;Remaining Q0;Remaining Q0;0
258186;1000;0;4;Remaining Q0;Remaining Q0;Remaining Q0;Remaining Q0;0
258187;1000;0;0;Remaining Q0;Remaining Q0;Remaining Q0;Remaining Q0;0
259188;533;0;1;Remaining Q0;Remaining Q0;Remaining Q0;Remaining Q0;0
259189;800;0;2;Remaining Q0;Remaining Q0;Remaining Q0;Remaining Q0;0
259191;933;0;3;Remaining Q0;Remaining Q0;Remaining Q0;Remaining Q0;0
259192;1000;0;4;Remaining Q0;Remaining Q0;Remaining Q0;Remaining Q0;0
259193;1000;0;0;Remaining Q0;Remaining Q0;Remaining Q0;Remaining Q0;0
260198;533;0;1;Remaining Q0;Remaining Q0;Remaining Q0;Remaining Q0;0
260200;800;0;2;Remaining Q0;Remaining Q0;Remaining Q0;Remaining Q0;0
260202;933;0;3;Remaining Q0;Remaining Q0;Remaining Q0;Remaining Q0;0
260203;1000;0;4;Remaining Q0;Remaining Q0;Remaining Q0;Remaining Q0;0
260205;1000;0;0;Remaining Q0;Remaining Q0;Remaining Q0;Remaining Q0;0
261198;533;0;1;Remaining Q0;Remaining Q0;Remaining Q0;Remaining Q0;0
261199;800;0;2;Remaining Q0;Remaining Q0;Remaining Q0;Remaining Q0;0
261200;933;0;3;Remaining Q0;Remaining Q0;Remaining Q0;Remaining Q0;0
261202;1000;0;4;Remaining Q0;Remaining Q0;Remaining Q0;Remaining Q0;0
261203;1000;0;0;Remaining Q0;Remaining Q0;Remaining Q0;Remaining Q0;0
262200;533;0;1;Remaining Q0;Remaining Q0;Remaining Q0;Remaining Q0;0
262201;800;0;2;Remaining Q0;Remaining Q0;Remaining Q0;Remaining Q0;0
262202;933;0;3;Remaining Q0;Remaining Q0;Remaining Q0;Remaining Q0;0
262204;1000;0;4;Remaining Q0;Remaining Q0;Remaining Q0;Remaining Q0;0
262204;1000;0;0;Remaining Q0;Remaining Q0;Remaining Q0;Remaining Q0;0
263205;533;0;1;Remaining Q0;Remaining Q0;Remaining Q0;Remaining Q0;0
263207;800;0;2;Remaining Q0;Remaining Q0;Remaining Q0;Remaining Q0;0
263208;933;0;3;Remaining Q0;Remaining Q0;Remaining Q0;Remaining Q0;0
263210;1000;0;4;Remaining Q0;Remaining Q0;Remaining Q0;Remaining Q0;0
263212;1000;0;0;Remaining Q0;Remaining Q0;Remaining Q0;Remaining Q0;0
264218;533;0;1;Remaining Q0;Remaining Q0;Remaining Q0;Remaining Q0;0
264219;800;0;2;Remaining Q0;Remaining Q0;Remaining Q0;Remaining Q0;0
264220;933;0;3;Remaining Q0;Remaining Q0;Remaining Q0;Remaining Q0;0
264221;1000;0;4;Remaining Q0;Remaining Q0;Remaining Q0;Remaining Q0;0
264223;1000;0;0;Remaining Q0;Remaining Q0;Remaining Q0;Remaining Q0;0
265232;533;0;1;Remaining Q0;Remaining Q0;Remaining Q0;Remaining Q0;0
265234;800;0;2;Remaining Q0;Remaining Q0;Remaining Q0;Remaining Q0;0
265235;933;0;3;Remaining Q0;Remaining Q0;Remaining Q0;Remaining Q0;0
265236;1000;0;4;Remaining Q0;Remaining Q0;Remaining Q0;Remaining Q0;0
265238;1000;0;0;Remaining Q0;Remaining Q0;Remaining Q0;Remaining Q0;0
266247;533;0;1;Remaining Q0;Remaining Q0;Remaining Q0;Remaining Q0;0
266248;800;0;2;Remaining Q0;Remaining Q0;Remaining Q0;Remaining Q0;0
266249;933;0;3;Remaining Q0;Remaining Q0;Remaining Q0;Remaining Q0;0
266250;1000;0;4;Remaining Q0;Remaining Q0;Remaining Q0;Remaining Q0;0
266251;1000;0;0;Remaining Q0;Remaining Q0;Remaining Q0;Remaining Q0;0
267248;533;0;1;Remaining Q0;Remaining Q0;Remaining Q0;Remaining Q0;0
267249;800;0;2;Remaining Q0;Remaining Q0;Remaining Q0;Remaining Q0;0
267250;933;0;3;Remaining Q0;Remaining Q0;Remaining Q0;Remaining Q0;0
267251;1000;0;4;Remaining Q0;Remaining Q0;Remaining Q0;Remaining Q0;0
267252;1000;0;0;Remaining Q0;Remaining Q0;Remaining Q0;Remaining Q0;0
268261;533;0;1;Remaining Q0;Remaining Q0;Remaining Q0;Remaining Q0;0
268262;800;0;2;Remaining Q0;Remaining Q0;Remaining Q0;Remaining Q0;0
268263;933;0;3;Remaining Q0;Remaining Q0;Remaining Q0;Remaining Q0;0
268265;1000;0;4;Remaining Q0;Remaining Q0;Remaining Q0;Remaining Q0;0
268266;1000;0;0;Remaining Q0;Remaining Q0;Remaining Q0;Remaining Q0;0
269271;533;0;1;Remaining Q0;Remaining Q0;Remaining Q0;Remaining Q0;0
269272;800;0;2;Remaining Q0;Remaining Q0;Remaining Q0;Remaining Q0;0
269274;933;0;3;Remaining Q0;Remaining Q0;Remaining Q0;Remaining Q0;0
269275;1000;0;4;Remaining Q0;Remaining Q0;Remaining Q0;Remaining Q0;0
269276;1000;0;0;Remaining Q0;Remaining Q0;Remaining Q0;Remaining Q0;0
270272;533;0;1;Remaining Q0;Remaining Q0;Remaining Q0;Remaining Q0;0
270274;800;0;2;Remaining Q0;Remaining Q0;Remaining Q0;Remaining Q0;0
270275;933;0;3;Remaining Q0;Remaining Q0;Remaining Q0;Remaining Q0;0
270276;1000;0;4;Remaining Q0;Remaining Q0;Remaining Q0;Remaining Q0;0
270277;1000;0;0;Remaining Q0;Remaining Q0;Remaining Q0;Remaining Q0;0
271277;533;0;1;Remaining Q0;Remaining Q0;Remaining Q0;Remaining Q0;0
271278;800;0;2;Remaining Q0;Remaining Q0;Remaining Q0;Remaining Q0;0
271279;933;0;3;Remaining Q0;Remaining Q0;Remaining Q0;Remaining Q0;0
271281;1000;0;4;Remaining Q0;Remaining Q0;Remaining Q0;Remaining Q0;0
271282;1000;0;0;Remaining Q0;Remaining Q0;Remaining Q0;Remaining Q0;0
272282;533;0;1;Remaining Q0;Remaining Q0;Remaining Q0;Remaining Q0;0
272284;800;0;2;Remaining Q0;Remaining Q0;Remaining Q0;Remaining Q0;0
272285;933;0;3;Remaining Q0;Remaining Q0;Remaining Q0;Remaining Q0;0
272286;1000;0;4;Remaining Q0;Remaining Q0;Remaining Q0;Remaining Q0;0
272287;1000;0;0;Remaining Q0;Remaining Q0;Remaining Q0;Remaining Q0;0
273293;533;0;1;Remaining Q0;Remaining Q0;Remaining Q0;Remaining Q0;0
273294;800;0;2;Remaining Q0;Remaining Q0;Remaining Q0;Remaining Q0;0
273295;933;0;3;Remaining Q0;Remaining Q0;Remaining Q0;Remaining Q0;0
273296;1000;0;4;Remaining Q0;Remaining Q0;Remaining Q0;Remaining Q0;0
273297;1000;0;0;Remaining Q0;Remaining Q0;Remaining Q0;Remaining Q0;0
274305;533;0;1;Remaining Q0;Remaining Q0;Remaining Q0;Remaining Q0;0
274306;800;0;2;Remaining Q0;Remaining Q0;Remaining Q0;Remaining Q0;0
274308;1000;0;4;Remaining Q0;Remaining Q0;Remaining Q0;Remaining Q0;0
274307;933;0;3;Remaining Q0;Remaining Q0;Remaining Q0;Remaining Q0;0
274309;1000;0;0;Remaining Q0;Remaining Q0;Remaining Q0;Remaining Q0;0
275311;533;0;1;Remaining Q0;Remaining Q0;Remaining Q0;Remaining Q0;0
275313;800;0;2;Remaining Q0;Remaining Q0;Remaining Q0;Remaining Q0;0
275315;933;0;3;Remaining Q0;Remaining Q0;Remaining Q0;Remaining Q0;0
275316;1000;0;4;Remaining Q0;Remaining Q0;Remaining Q0;Remaining Q0;0
275317;1000;0;0;Remaining Q0;Remaining Q0;Remaining Q0;Remaining Q0;0
276323;533;0;1;Remaining Q0;Remaining Q0;Remaining Q0;Remaining Q0;0
276324;800;0;2;Remaining Q0;Remaining Q0;Remaining Q0;Remaining Q0;0
276326;933;0;3;Remaining Q0;Remaining Q0;Remaining Q0;Remaining Q0;0
276328;1000;0;0;Remaining Q0;Remaining Q0;Remaining Q0;Remaining Q0;0
276327;1000;0;4;Remaining Q0;Remaining Q0;Remaining Q0;Remaining Q0;0
277331;533;0;1;Remaining Q0;Remaining Q0;Remaining Q0;Remaining Q0;0
277332;800;0;2;Remaining Q0;Remaining Q0;Remaining Q0;Remaining Q0;0
277334;933;0;3;Remaining Q0;Remaining Q0;Remaining Q0;Remaining Q0;0
277335;1000;0;4;Remaining Q0;Remaining Q0;Remaining Q0;Remaining Q0;0
277336;1000;0;0;Remaining Q0;Remaining Q0;Remaining Q0;Remaining Q0;0
278340;533;0;1;Remaining Q0;Remaining Q0;Remaining Q0;Remaining Q0;0
278342;800;0;2;Remaining Q0;Remaining Q0;Remaining Q0;Remaining Q0;0
278343;933;0;3;Remaining Q0;Remaining Q0;Remaining Q0;Remaining Q0;0
278345;1000;0;4;Remaining Q0;Remaining Q0;Remaining Q0;Remaining Q0;0
278346;1000;0;0;Remaining Q0;Remaining Q0;Remaining Q0;Remaining Q0;0
279350;533;0;1;Remaining Q0;Remaining Q0;Remaining Q0;Remaining Q0;0
279352;800;0;2;Remaining Q0;Remaining Q0;Remaining Q0;Remaining Q0;0
279354;1000;0;4;Remaining Q0;Remaining Q0;Remaining Q0;Remaining Q0;0
279353;933;0;3;Remaining Q0;Remaining Q0;Remaining Q0;Remaining Q0;0
279355;1000;0;0;Remaining Q0;Remaining Q0;Remaining Q0;Remaining Q0;0
280355;533;0;1;Remaining Q0;Remaining Q0;Remaining Q0;Remaining Q0;0
280357;800;0;2;Remaining Q0;Remaining Q0;Remaining Q0;Remaining Q0;0
280358;933;0;3;Remaining Q0;Remaining Q0;Remaining Q0;Remaining Q0;0
280360;1000;0;4;Remaining Q0;Remaining Q0;Remaining Q0;Remaining Q0;0
280362;1000;0;0;Remaining Q0;Remaining Q0;Remaining Q0;Remaining Q0;0
281363;533;0;1;Remaining Q0;Remaining Q0;Remaining Q0;Remaining Q0;0
281366;800;0;2;Remaining Q0;Remaining Q0;Remaining Q0;Remaining Q0;0
281367;933;0;3;Remaining Q0;Remaining Q0;Remaining Q0;Remaining Q0;0
281368;1000;0;4;Remaining Q0;Remaining Q0;Remaining Q0;Remaining Q0;0
281369;1000;0;0;Remaining Q0;Remaining Q0;Remaining Q0;Remaining Q0;0
282369;533;0;1;Remaining Q0;Remaining Q0;Remaining Q0;Remaining Q0;0
282371;800;0;2;Remaining Q0;Remaining Q0;Remaining Q0;Remaining Q0;0
282372;933;0;3;Remaining Q0;Remaining Q0;Remaining Q0;Remaining Q0;0
282373;1000;0;4;Remaining Q0;Remaining Q0;Remaining Q0;Remaining Q0;0
282375;1000;0;0;Remaining Q0;Remaining Q0;Remaining Q0;Remaining Q0;0
283374;533;0;1;Remaining Q0;Remaining Q0;Remaining Q0;Remaining Q0;0
283376;800;0;2;Remaining Q0;Remaining Q0;Remaining Q0;Remaining Q0;0
283377;933;0;3;Remaining Q0;Remaining Q0;Remaining Q0;Remaining Q0;0
283378;1000;0;4;Remaining Q0;Remaining Q0;Remaining Q0;Remaining Q0;0
283380;1000;0;0;Remaining Q0;Remaining Q0;Remaining Q0;Remaining Q0;0
284383;533;0;1;Remaining Q0;Remaining Q0;Remaining Q0;Remaining Q0;0
284384;800;0;2;Remaining Q0;Remaining Q0;Remaining Q0;Remaining Q0;0
284385;933;0;3;Remaining Q0;Remaining Q0;Remaining Q0;Remaining Q0;0
284387;1000;0;4;Remaining Q0;Remaining Q0;Remaining Q0;Remaining Q0;0
284388;1000;0;0;Remaining Q0;Remaining Q0;Remaining Q0;Remaining Q0;0
285383;533;0;1;Remaining Q0;Remaining Q0;Remaining Q0;Remaining Q0;0
285385;800;0;2;Remaining Q0;Remaining Q0;Remaining Q0;Remaining Q0;0
285387;933;0;3;Remaining Q0;Remaining Q0;Remaining Q0;Remaining Q0;0
285388;1000;0;4;Remaining Q0;Remaining Q0;Remaining Q0;Remaining Q0;0
285390;1000;0;0;Remaining Q0;Remaining Q0;Remaining Q0;Remaining Q0;0
286384;533;0;1;Remaining Q0;Remaining Q0;Remaining Q0;Remaining Q0;0
286386;800;0;2;Remaining Q0;Remaining Q0;Remaining Q0;Remaining Q0;0
286388;933;0;3;Remaining Q0;Remaining Q0;Remaining Q0;Remaining Q0;0
286389;1000;0;4;Remaining Q0;Remaining Q0;Remaining Q0;Remaining Q0;0
286391;1000;0;0;Remaining Q0;Remaining Q0;Remaining Q0;Remaining Q0;0
287388;533;0;1;Remaining Q0;Remaining Q0;Remaining Q0;Remaining Q0;0
287390;800;0;2;Remaining Q0;Remaining Q0;Remaining Q0;Remaining Q0;0
287392;933;0;3;Remaining Q0;Remaining Q0;Remaining Q0;Remaining Q0;0
287393;1000;0;4;Remaining Q0;Remaining Q0;Remaining Q0;Remaining Q0;0
287395;1000;0;0;Remaining Q0;Remaining Q0;Remaining Q0;Remaining Q0;0
288402;533;0;1;Remaining Q0;Remaining Q0;Remaining Q0;Remaining Q0;0
288404;800;0;2;Remaining Q0;Remaining Q0;Remaining Q0;Remaining Q0;0
288406;933;0;3;Remaining Q0;Remaining Q0;Remaining Q0;Remaining Q0;0
288407;1000;0;4;Remaining Q0;Remaining Q0;Remaining Q0;Remaining Q0;0
288408;1000;0;0;Remaining Q0;Remaining Q0;Remaining Q0;Remaining Q0;0
289407;533;0;1;Remaining Q0;Remaining Q0;Remaining Q0;Remaining Q0;0
289409;800;0;2;Remaining Q0;Remaining Q0;Remaining Q0;Remaining Q0;0
289411;933;0;3;Remaining Q0;Remaining Q0;Remaining Q0;Remaining Q0;0
289413;1000;0;4;Remaining Q0;Remaining Q0;Remaining Q0;Remaining Q0;0
289414;1000;0;0;Remaining Q0;Remaining Q0;Remaining Q0;Remaining Q0;0
290416;533;0;1;Remaining Q0;Remaining Q0;Remaining Q0;Remaining Q0;0
290418;800;0;2;Remaining Q0;Remaining Q0;Remaining Q0;Remaining Q0;0
290420;933;0;3;Remaining Q0;Remaining Q0;Remaining Q0;Remaining Q0;0
290423;1000;0;4;Remaining Q0;Remaining Q0;Remaining Q0;Remaining Q0;0
290424;1000;0;0;Remaining Q0;Remaining Q0;Remaining Q0;Remaining Q0;0
291425;533;0;1;Remaining Q0;Remaining Q0;Remaining Q0;Remaining Q0;0
291428;800;0;2;Remaining Q0;Remaining Q0;Remaining Q0;Remaining Q0;0
291429;933;0;3;Remaining Q0;Remaining Q0;Remaining Q0;Remaining Q0;0
291431;1000;0;4;Remaining Q0;Remaining Q0;Remaining Q0;Remaining Q0;0
291432;1000;0;0;Remaining Q0;Remaining Q0;Remaining Q0;Remaining Q0;0
292435;533;0;1;Remaining Q0;Remaining Q0;Remaining Q0;Remaining Q0;0
292437;800;0;2;Remaining Q0;Remaining Q0;Remaining Q0;Remaining Q0;0
292439;933;0;3;Remaining Q0;Remaining Q0;Remaining Q0;Remaining Q0;0
292440;1000;0;4;Remaining Q0;Remaining Q0;Remaining Q0;Remaining Q0;0
292442;1000;0;0;Remaining Q0;Remaining Q0;Remaining Q0;Remaining Q0;0
293438;533;0;1;Remaining Q0;Remaining Q0;Remaining Q0;Remaining Q0;0
293440;800;0;2;Remaining Q0;Remaining Q0;Remaining Q0;Remaining Q0;0
293442;933;0;3;Remaining Q0;Remaining Q0;Remaining Q0;Remaining Q0;0
293444;1000;0;4;Remaining Q0;Remaining Q0;Remaining Q0;Remaining Q0;0
293445;1000;0;0;Remaining Q0;Remaining Q0;Remaining Q0;Remaining Q0;0
294443;533;0;1;Remaining Q0;Remaining Q0;Remaining Q0;Remaining Q0;0
294445;800;0;2;Remaining Q0;Remaining Q0;Remaining Q0;Remaining Q0;0
294447;933;0;3;Remaining Q0;Remaining Q0;Remaining Q0;Remaining Q0;0
294448;1000;0;4;Remaining Q0;Remaining Q0;Remaining Q0;Remaining Q0;0
294450;1000;0;0;Remaining Q0;Remaining Q0;Remaining Q0;Remaining Q0;0
295451;533;0;1;Remaining Q0;Remaining Q0;Remaining Q0;Remaining Q0;0
295453;800;0;2;Remaining Q0;Remaining Q0;Remaining Q0;Remaining Q0;0
295454;933;0;3;Remaining Q0;Remaining Q0;Remaining Q0;Remaining Q0;0
295456;1000;0;4;Remaining Q0;Remaining Q0;Remaining Q0;Remaining Q0;0
295457;1000;0;0;Remaining Q0;Remaining Q0;Remaining Q0;Remaining Q0;0
296456;533;0;1;Remaining Q0;Remaining Q0;Remaining Q0;Remaining Q0;0
296460;800;0;2;Remaining Q0;Remaining Q0;Remaining Q0;Remaining Q0;0
296461;933;0;3;Remaining Q0;Remaining Q0;Remaining Q0;Remaining Q0;0
296463;1000;0;4;Remaining Q0;Remaining Q0;Remaining Q0;Remaining Q0;0
296465;1000;0;0;Remaining Q0;Remaining Q0;Remaining Q0;Remaining Q0;0
297462;533;0;1;Remaining Q0;Remaining Q0;Remaining Q0;Remaining Q0;0
297464;800;0;2;Remaining Q0;Remaining Q0;Remaining Q0;Remaining Q0;0
297466;933;0;3;Remaining Q0;Remaining Q0;Remaining Q0;Remaining Q0;0
297467;1000;0;4;Remaining Q0;Remaining Q0;Remaining Q0;Remaining Q0;0
297468;1000;0;0;Remaining Q0;Remaining Q0;Remaining Q0;Remaining Q0;0
298470;533;0;1;Remaining Q0;Remaining Q0;Remaining Q0;Remaining Q0;0
298472;800;0;2;Remaining Q0;Remaining Q0;Remaining Q0;Remaining Q0;0
298474;933;0;3;Remaining Q0;Remaining Q0;Remaining Q0;Remaining Q0;0
298476;1000;0;4;Remaining Q0;Remaining Q0;Remaining Q0;Remaining Q0;0
298478;1000;0;0;Remaining Q0;Remaining Q0;Remaining Q0;Remaining Q0;0
299473;533;0;1;Remaining Q0;Remaining Q0;Remaining Q0;Remaining Q0;0
299475;800;0;2;Remaining Q0;Remaining Q0;Remaining Q0;Remaining Q0;0
299477;933;0;3;Remaining Q0;Remaining Q0;Remaining Q0;Remaining Q0;0
299479;1000;0;4;Remaining Q0;Remaining Q0;Remaining Q0;Remaining Q0;0
299482;1000;0;0;Remaining Q0;Remaining Q0;Remaining Q0;Remaining Q0;0
