Timestamp; P1 ; PowerPriority1; msgPerPriority1; Real reads (remaining)1; Real receibed1; P2 ; PowerPriority2; msgPerPriority2; Real reads (remaining)2; Real receibed2; P3 ; PowerPriority3; msgPerPriority3; Real reads (remaining)3; Real receibed3; P4 ; PowerPriority4; msgPerPriority4; Real reads (remaining)4; Real receibed4;  Expired; Request; Read; Remaining final
1089;1;1;533;533;100;2;0.5;267;700;232;3;0.25;133;601;303;4;0.125;67;365;365;0;0;0;0
2046;1;1;533;533;112;2;0.5;267;688;195;3;0.25;133;626;290;4;0.125;67;403;403;0;0;0;0
3054;1;1;533;533;83;2;0.5;267;717;145;3;0.25;133;705;225;4;0.125;67;547;547;0;0;0;0
4064;1;1;533;533;22;2;0.5;267;778;27;3;0.25;133;884;58;4;0.125;67;893;893;0;0;0;0
5076;1;1;533;533;70;2;0.5;267;730;132;3;0.25;133;731;216;4;0.125;67;582;582;0;0;0;0
6079;1;1;533;533;30;2;0.5;267;770;106;3;0.25;133;797;170;4;0.125;67;694;694;0;0;0;0
7096;1;1;533;533;41;2;0.5;267;759;51;3;0.25;133;841;68;4;0.125;67;840;840;0;0;0;0
8102;1;1;533;533;29;2;0.5;267;771;75;3;0.25;133;829;119;4;0.125;67;777;777;0;0;0;0
9110;1;1;533;533;43;2;0.5;267;757;105;3;0.25;133;785;158;4;0.125;67;694;694;0;0;0;0
10109;1;1;533;533;44;2;0.5;267;756;83;3;0.25;133;806;140;4;0.125;67;733;733;0;0;0;0
11108;1;1;533;533;72;2;0.5;267;728;148;3;0.25;133;713;221;4;0.125;67;559;559;0;0;0;0
12111;1;1;533;533;13;2;0.5;267;787;32;3;0.25;133;888;56;4;0.125;67;899;899;0;0;0;0
13125;1;1;533;533;60;2;0.5;267;740;155;3;0.25;133;718;215;4;0.125;67;570;570;0;0;0;0
14128;1;1;533;533;32;2;0.5;267;768;65;3;0.25;133;836;199;4;0.125;67;704;704;0;0;0;0
15141;1;1;533;533;87;2;0.5;267;713;150;3;0.25;133;696;127;4;0.125;67;636;636;0;0;0;0
16156;1;1;533;533;19;2;0.5;267;781;130;3;0.25;133;784;177;4;0.125;67;674;674;0;0;0;0
17166;1;1;533;533;102;2;0.5;267;698;184;3;0.25;133;647;309;4;0.125;67;405;405;0;0;0;0
18179;1;1;533;533;116;2;0.5;267;684;97;3;0.25;133;720;146;4;0.125;67;641;641;0;0;0;0
19178;1;1;533;533;38;2;0.5;267;762;72;3;0.25;133;823;126;4;0.125;67;764;764;0;0;0;0
20181;1;1;533;533;29;2;0.5;267;771;76;3;0.25;133;828;91;4;0.125;67;804;804;0;0;0;0
21199;1;1;533;533;106;2;0.5;267;694;189;3;0.25;133;638;423;4;0.125;67;282;282;0;0;0;0
22206;1;1;533;533;77;2;0.5;267;723;154;3;0.25;133;702;100;4;0.125;67;669;669;0;0;0;0
23217;1;1;533;533;54;2;0.5;267;746;117;3;0.25;133;762;149;4;0.125;67;680;680;0;0;0;0
24231;1;1;533;533;72;2;0.5;267;728;105;3;0.25;133;756;308;4;0.125;67;515;515;0;0;0;0
25234;1;1;533;533;94;2;0.5;267;706;196;3;0.25;133;643;166;4;0.125;67;544;544;0;0;0;0
26236;1;1;533;533;71;2;0.5;267;729;125;3;0.25;133;737;174;4;0.125;67;630;630;0;0;0;0
27247;1;1;533;533;37;2;0.5;267;763;71;3;0.25;133;825;96;4;0.125;67;796;796;0;0;0;0
28245;1;1;533;533;68;2;0.5;267;732;157;3;0.25;133;708;185;4;0.125;67;590;590;0;0;0;0
29259;1;1;533;533;77;2;0.5;267;723;149;3;0.25;133;707;213;4;0.125;67;561;561;0;0;0;0
30260;1;1;533;533;51;2;0.5;267;749;108;3;0.25;133;774;145;4;0.125;67;696;696;0;0;0;0
31272;1;1;533;533;41;2;0.5;267;759;81;3;0.25;133;811;111;4;0.125;67;767;767;0;0;0;0
32274;1;1;533;533;58;2;0.5;267;742;119;3;0.25;133;756;183;4;0.125;67;640;640;0;0;0;0
33281;1;1;533;533;11;2;0.5;267;789;40;3;0.25;133;882;56;4;0.125;67;893;893;0;0;0;0
34289;1;1;533;533;35;2;0.5;267;765;66;3;0.25;133;832;102;4;0.125;67;797;797;0;0;0;0
35293;1;1;533;533;72;2;0.5;267;728;128;3;0.25;133;733;213;4;0.125;67;587;587;0;0;0;0
36299;1;1;533;533;97;2;0.5;267;703;186;3;0.25;133;650;247;4;0.125;67;470;470;0;0;0;0
37310;1;1;533;533;71;2;0.5;267;729;126;3;0.25;133;736;186;4;0.125;67;617;617;0;0;0;0
38319;1;1;533;533;82;2;0.5;267;718;129;3;0.25;133;722;195;4;0.125;67;594;594;0;0;0;0
39325;1;1;533;533;69;2;0.5;267;731;151;3;0.25;133;713;238;4;0.125;67;542;542;0;0;0;0
40333;1;1;533;533;35;2;0.5;267;765;68;3;0.25;133;830;98;4;0.125;67;799;799;0;0;0;0
41343;1;1;533;533;16;2;0.5;267;784;52;3;0.25;133;865;69;4;0.125;67;863;863;0;0;0;0
42349;1;1;533;533;76;2;0.5;267;724;125;3;0.25;133;732;221;4;0.125;67;578;578;0;0;0;0
43360;1;1;533;533;85;2;0.5;267;715;161;3;0.25;133;687;272;4;0.125;67;482;482;0;0;0;0
44375;1;1;533;533;46;2;0.5;267;754;91;3;0.25;133;796;124;4;0.125;67;739;739;0;0;0;0
45389;1;1;533;533;37;2;0.5;267;763;108;3;0.25;133;788;141;4;0.125;67;714;714;0;0;0;0
46397;1;1;533;533;18;2;0.5;267;782;32;3;0.25;133;883;45;4;0.125;67;905;905;0;0;0;0
47398;1;1;533;533;91;2;0.5;267;709;173;3;0.25;133;669;277;4;0.125;67;459;459;0;0;0;0
48412;1;1;533;533;92;2;0.5;267;708;197;3;0.25;133;644;292;4;0.125;67;419;419;0;0;0;0
49423;1;1;533;533;92;2;0.5;267;708;167;3;0.25;133;674;248;4;0.125;67;493;493;0;0;0;0
50436;1;1;533;533;111;2;0.5;267;689;199;3;0.25;133;623;306;4;0.125;67;384;384;0;0;0;0
51436;1;1;533;533;35;2;0.5;267;765;85;3;0.25;133;813;151;4;0.125;67;729;729;0;0;0;0
52441;1;1;533;533;37;2;0.5;267;763;79;3;0.25;133;817;127;4;0.125;67;757;757;0;0;0;0
53453;1;1;533;533;97;2;0.5;267;703;236;3;0.25;133;600;317;4;0.125;67;350;350;0;0;0;0
54469;1;1;533;533;86;2;0.5;267;714;172;3;0.25;133;675;251;4;0.125;67;491;491;0;0;0;0
55475;1;1;533;533;75;2;0.5;267;725;156;3;0.25;133;702;228;4;0.125;67;541;541;0;0;0;0
56484;1;1;533;533;50;2;0.5;267;750;98;3;0.25;133;785;131;4;0.125;67;721;721;0;0;0;0
57488;1;1;533;533;63;2;0.5;267;737;129;3;0.25;133;741;183;4;0.125;67;625;625;0;0;0;0
58494;1;1;533;533;34;2;0.5;267;766;65;3;0.25;133;834;103;4;0.125;67;798;798;0;0;0;0
59498;1;1;533;533;84;2;0.5;267;716;198;3;0.25;133;651;285;4;0.125;67;433;433;0;0;0;0
60502;1;1;533;533;72;2;0.5;267;728;161;3;0.25;133;700;229;4;0.125;67;538;538;0;0;0;0
61514;1;1;533;533;37;2;0.5;267;763;96;3;0.25;133;800;105;4;0.125;67;762;762;0;0;0;0
62525;1;1;533;533;75;2;0.5;267;725;119;3;0.25;133;739;202;4;0.125;67;604;604;0;0;0;0
63543;1;1;533;533;52;2;0.5;267;748;77;3;0.25;133;804;135;4;0.125;67;736;736;0;0;0;0
64545;1;1;533;533;70;2;0.5;267;730;160;3;0.25;133;703;239;4;0.125;67;531;531;0;0;0;0
65550;1;1;533;533;102;2;0.5;267;698;192;3;0.25;133;639;317;4;0.125;67;389;389;0;0;0;0
66561;1;1;533;533;93;2;0.5;267;707;186;3;0.25;133;654;253;4;0.125;67;468;468;0;0;0;0
67566;1;1;533;533;53;2;0.5;267;747;137;3;0.25;133;743;220;4;0.125;67;590;590;0;0;0;0
68566;1;1;533;533;94;2;0.5;267;706;199;3;0.25;133;640;269;4;0.125;67;438;438;0;0;0;0
69584;1;1;533;533;73;2;0.5;267;727;151;3;0.25;133;709;245;4;0.125;67;531;531;0;0;0;0
70581;1;1;533;533;53;2;0.5;267;747;102;3;0.25;133;778;151;4;0.125;67;694;694;0;0;0;0
71592;1;1;533;533;64;2;0.5;267;736;115;3;0.25;133;754;180;4;0.125;67;641;641;0;0;0;0
72626;1;1;533;533;66;2;0.5;267;734;150;3;0.25;133;717;223;4;0.125;67;561;561;0;0;0;0
73636;1;1;533;533;27;2;0.5;267;773;64;3;0.25;133;842;115;4;0.125;67;794;794;0;0;0;0
74619;1;1;533;533;81;2;0.5;267;719;151;3;0.25;133;701;231;4;0.125;67;537;537;0;0;0;0
75631;1;1;533;533;113;2;0.5;267;687;195;3;0.25;133;625;301;4;0.125;67;391;391;0;0;0;0
76654;1;1;533;533;100;2;0.5;267;700;221;3;0.25;133;612;284;4;0.125;67;395;395;0;0;0;0
77693;1;1;533;533;93;2;0.5;267;707;190;3;0.25;133;650;287;4;0.125;67;430;430;0;0;0;0
78666;1;1;533;533;63;2;0.5;267;737;131;3;0.25;133;739;203;4;0.125;67;603;603;0;0;0;0
79678;1;1;533;533;0;2;0.5;267;800;0;3;0.25;133;933;0;4;0.125;67;1000;1000;0;0;0;0
80676;1;1;533;533;0;2;0.5;267;800;0;3;0.25;133;933;0;4;0.125;67;1000;1000;0;0;0;0
81683;1;1;533;533;0;2;0.5;267;800;0;3;0.25;133;933;0;4;0.125;67;1000;1000;0;0;0;0
82700;1;1;533;533;0;2;0.5;267;800;0;3;0.25;133;933;0;4;0.125;67;1000;1000;0;0;0;0
83700;1;1;533;533;0;2;0.5;267;800;0;3;0.25;133;933;0;4;0.125;67;1000;1000;0;0;0;0
84708;1;1;533;533;0;2;0.5;267;800;0;3;0.25;133;933;0;4;0.125;67;1000;1000;0;0;0;0
85712;1;1;533;533;0;2;0.5;267;800;0;3;0.25;133;933;0;4;0.125;67;1000;1000;0;0;0;0
86721;1;1;533;533;0;2;0.5;267;800;0;3;0.25;133;933;0;4;0.125;67;1000;1000;0;0;0;0
87721;1;1;533;533;0;2;0.5;267;800;0;3;0.25;133;933;0;4;0.125;67;1000;1000;0;0;0;0
88729;1;1;533;533;0;2;0.5;267;800;0;3;0.25;133;933;0;4;0.125;67;1000;1000;0;0;0;0
89736;1;1;533;533;0;2;0.5;267;800;0;3;0.25;133;933;0;4;0.125;67;1000;1000;0;0;0;0
90745;1;1;533;533;0;2;0.5;267;800;0;3;0.25;133;933;0;4;0.125;67;1000;1000;0;0;0;0
91743;1;1;533;533;0;2;0.5;267;800;0;3;0.25;133;933;0;4;0.125;67;1000;1000;0;0;0;0
92745;1;1;533;533;0;2;0.5;267;800;0;3;0.25;133;933;0;4;0.125;67;1000;1000;0;0;0;0
93747;1;1;533;533;0;2;0.5;267;800;0;3;0.25;133;933;0;4;0.125;67;1000;1000;0;0;0;0
94759;1;1;533;533;0;2;0.5;267;800;0;3;0.25;133;933;0;4;0.125;67;1000;1000;0;0;0;0
95773;1;1;533;533;0;2;0.5;267;800;0;3;0.25;133;933;0;4;0.125;67;1000;1000;0;0;0;0
96793;1;1;533;533;0;2;0.5;267;800;0;3;0.25;133;933;0;4;0.125;67;1000;560;NaN
97798;1;1;533;533;0;2;0.5;267;800;0;3;0.25;133;933;0;4;0.125;67;1000;0;NaN
98801;1;1;533;533;0;2;0.5;267;800;0;3;0.25;133;933;0;4;0.125;67;1000;0;NaN
99834;1;1;533;533;0;2;0.5;267;800;0;3;0.25;133;933;0;4;0.125;67;1000;0;NaN
100810;1;1;533;533;0;2;0.5;267;800;0;3;0.25;133;933;0;4;0.125;67;1000;0;NaN
101822;1;1;533;533;0;2;0.5;267;800;0;3;0.25;133;933;0;4;0.125;67;1000;0;NaN
102827;1;1;533;533;0;2;0.5;267;800;0;3;0.25;133;933;0;4;0.125;67;1000;0;NaN
103843;1;1;533;533;0;2;0.5;267;800;0;3;0.25;133;933;0;4;0.125;67;1000;0;NaN
104854;1;1;533;533;0;2;0.5;267;800;0;3;0.25;133;933;0;4;0.125;67;1000;0;NaN
105867;1;1;533;533;0;2;0.5;267;800;0;3;0.25;133;933;0;4;0.125;67;1000;0;NaN
106884;1;1;533;533;0;2;0.5;267;800;0;3;0.25;133;933;0;4;0.125;67;1000;0;NaN
107887;1;1;533;533;0;2;0.5;267;800;0;3;0.25;133;933;0;4;0.125;67;1000;0;NaN
108901;1;1;533;533;0;2;0.5;267;800;0;3;0.25;133;933;0;4;0.125;67;1000;0;NaN
109902;1;1;533;533;0;2;0.5;267;800;0;3;0.25;133;933;0;4;0.125;67;1000;0;NaN
110911;1;1;533;533;0;2;0.5;267;800;0;3;0.25;133;933;0;4;0.125;67;1000;0;NaN
111925;1;1;533;533;0;2;0.5;267;800;0;3;0.25;133;933;0;4;0.125;67;1000;0;NaN
112938;1;1;533;533;0;2;0.5;267;800;0;3;0.25;133;933;0;4;0.125;67;1000;0;NaN
113949;1;1;533;533;0;2;0.5;267;800;0;3;0.25;133;933;0;4;0.125;67;1000;0;NaN
114964;1;1;533;533;0;2;0.5;267;800;0;3;0.25;133;933;0;4;0.125;67;1000;0;NaN
115978;1;1;533;533;0;2;0.5;267;800;0;3;0.25;133;933;0;4;0.125;67;1000;0;NaN
116983;1;1;533;533;0;2;0.5;267;800;0;3;0.25;133;933;0;4;0.125;67;1000;0;NaN
117983;1;1;533;533;0;2;0.5;267;800;0;3;0.25;133;933;0;4;0.125;67;1000;0;NaN
118991;1;1;533;533;0;2;0.5;267;800;0;3;0.25;133;933;0;4;0.125;67;1000;0;NaN
120001;1;1;533;533;0;2;0.5;267;800;0;3;0.25;133;933;0;4;0.125;67;1000;0;NaN
121006;1;1;533;533;0;2;0.5;267;800;0;3;0.25;133;933;0;4;0.125;67;1000;0;NaN
122017;1;1;533;533;0;2;0.5;267;800;0;3;0.25;133;933;0;4;0.125;67;1000;0;NaN
123020;1;1;533;533;0;2;0.5;267;800;0;3;0.25;133;933;0;4;0.125;67;1000;0;NaN
124031;1;1;533;533;0;2;0.5;267;800;0;3;0.25;133;933;0;4;0.125;67;1000;0;NaN
125042;1;1;533;533;0;2;0.5;267;800;0;3;0.25;133;933;0;4;0.125;67;1000;0;NaN
126057;1;1;533;533;0;2;0.5;267;800;0;3;0.25;133;933;0;4;0.125;67;1000;0;NaN
127064;1;1;533;533;0;2;0.5;267;800;0;3;0.25;133;933;0;4;0.125;67;1000;0;NaN
128077;1;1;533;533;0;2;0.5;267;800;0;3;0.25;133;933;0;4;0.125;67;1000;0;NaN
129082;1;1;533;533;0;2;0.5;267;800;0;3;0.25;133;933;0;4;0.125;67;1000;0;NaN
130093;1;1;533;533;0;2;0.5;267;800;0;3;0.25;133;933;0;4;0.125;67;1000;0;NaN
131095;1;1;533;533;0;2;0.5;267;800;0;3;0.25;133;933;0;4;0.125;67;1000;0;NaN
132096;1;1;533;533;0;2;0.5;267;800;0;3;0.25;133;933;0;4;0.125;67;1000;0;NaN
133103;1;1;533;533;0;2;0.5;267;800;0;3;0.25;133;933;0;4;0.125;67;1000;0;NaN
134105;1;1;533;533;0;2;0.5;267;800;0;3;0.25;133;933;0;4;0.125;67;1000;0;NaN
135107;1;1;533;533;0;2;0.5;267;800;0;3;0.25;133;933;0;4;0.125;67;1000;0;NaN
136118;1;1;533;533;0;2;0.5;267;800;0;3;0.25;133;933;0;4;0.125;67;1000;0;NaN
137119;1;1;533;533;0;2;0.5;267;800;0;3;0.25;133;933;0;4;0.125;67;1000;0;NaN
138132;1;1;533;533;0;2;0.5;267;800;0;3;0.25;133;933;0;4;0.125;67;1000;0;NaN
139145;1;1;533;533;0;2;0.5;267;800;0;3;0.25;133;933;0;4;0.125;67;1000;0;NaN
140147;1;1;533;533;0;2;0.5;267;800;0;3;0.25;133;933;0;4;0.125;67;1000;0;NaN
141161;1;1;533;533;0;2;0.5;267;800;0;3;0.25;133;933;0;4;0.125;67;1000;0;NaN
142171;1;1;533;533;0;2;0.5;267;800;0;3;0.25;133;933;0;4;0.125;67;1000;0;NaN
143181;1;1;533;533;0;2;0.5;267;800;0;3;0.25;133;933;0;4;0.125;67;1000;0;NaN
144194;1;1;533;533;0;2;0.5;267;800;0;3;0.25;133;933;0;4;0.125;67;1000;0;NaN
145202;1;1;533;533;0;2;0.5;267;800;0;3;0.25;133;933;0;4;0.125;67;1000;0;NaN
146209;1;1;533;533;0;2;0.5;267;800;0;3;0.25;133;933;0;4;0.125;67;1000;0;NaN
147226;1;1;533;533;0;2;0.5;267;800;0;3;0.25;133;933;0;4;0.125;67;1000;0;NaN
148225;1;1;533;533;0;2;0.5;267;800;0;3;0.25;133;933;0;4;0.125;67;1000;0;NaN
149229;1;1;533;533;0;2;0.5;267;800;0;3;0.25;133;933;0;4;0.125;67;1000;0;NaN
150233;1;1;533;533;0;2;0.5;267;800;0;3;0.25;133;933;0;4;0.125;67;1000;0;NaN
151242;1;1;533;533;0;2;0.5;267;800;0;3;0.25;133;933;0;4;0.125;67;1000;0;NaN
152246;1;1;533;533;0;2;0.5;267;800;0;3;0.25;133;933;0;4;0.125;67;1000;0;NaN
153253;1;1;533;533;0;2;0.5;267;800;0;3;0.25;133;933;0;4;0.125;67;1000;0;NaN
154264;1;1;533;533;0;2;0.5;267;800;0;3;0.25;133;933;0;4;0.125;67;1000;0;NaN
155268;1;1;533;533;0;2;0.5;267;800;0;3;0.25;133;933;0;4;0.125;67;1000;0;NaN
156278;1;1;533;533;0;2;0.5;267;800;0;3;0.25;133;933;0;4;0.125;67;1000;0;NaN
157285;1;1;533;533;0;2;0.5;267;800;0;3;0.25;133;933;0;4;0.125;67;1000;0;NaN
158296;1;1;533;533;0;2;0.5;267;800;0;3;0.25;133;933;0;4;0.125;67;1000;0;NaN
159295;1;1;533;533;0;2;0.5;267;800;0;3;0.25;133;933;0;4;0.125;67;1000;0;NaN
160298;1;1;533;533;0;2;0.5;267;800;0;3;0.25;133;933;0;4;0.125;67;1000;0;NaN
161305;1;1;533;533;0;2;0.5;267;800;0;3;0.25;133;933;0;4;0.125;67;1000;0;NaN
162308;1;1;533;533;0;2;0.5;267;800;0;3;0.25;133;933;0;4;0.125;67;1000;0;NaN
163323;1;1;533;533;0;2;0.5;267;800;0;3;0.25;133;933;0;4;0.125;67;1000;0;NaN
164334;1;1;533;533;0;2;0.5;267;800;0;3;0.25;133;933;0;4;0.125;67;1000;0;NaN
165345;1;1;533;533;0;2;0.5;267;800;0;3;0.25;133;933;0;4;0.125;67;1000;0;NaN
166359;1;1;533;533;0;2;0.5;267;800;0;3;0.25;133;933;0;4;0.125;67;1000;0;NaN
167374;1;1;533;533;0;2;0.5;267;800;0;3;0.25;133;933;0;4;0.125;67;1000;0;NaN
168384;1;1;533;533;0;2;0.5;267;800;0;3;0.25;133;933;0;4;0.125;67;1000;0;NaN
169398;1;1;533;533;0;2;0.5;267;800;0;3;0.25;133;933;0;4;0.125;67;1000;0;NaN
170412;1;1;533;533;0;2;0.5;267;800;0;3;0.25;133;933;0;4;0.125;67;1000;0;NaN
171414;1;1;533;533;0;2;0.5;267;800;0;3;0.25;133;933;0;4;0.125;67;1000;0;NaN
172425;1;1;533;533;0;2;0.5;267;800;0;3;0.25;133;933;0;4;0.125;67;1000;0;NaN
173437;1;1;533;533;0;2;0.5;267;800;0;3;0.25;133;933;0;4;0.125;67;1000;0;NaN
174450;1;1;533;533;0;2;0.5;267;800;0;3;0.25;133;933;0;4;0.125;67;1000;0;NaN
175463;1;1;533;533;0;2;0.5;267;800;0;3;0.25;133;933;0;4;0.125;67;1000;0;NaN
176463;1;1;533;533;0;2;0.5;267;800;0;3;0.25;133;933;0;4;0.125;67;1000;0;NaN
177468;1;1;533;533;0;2;0.5;267;800;0;3;0.25;133;933;0;4;0.125;67;1000;0;NaN
178478;1;1;533;533;0;2;0.5;267;800;0;3;0.25;133;933;0;4;0.125;67;1000;0;NaN
179484;1;1;533;533;0;2;0.5;267;800;0;3;0.25;133;933;0;4;0.125;67;1000;0;NaN
180486;1;1;533;533;0;2;0.5;267;800;0;3;0.25;133;933;0;4;0.125;67;1000;0;NaN
181495;1;1;533;533;0;2;0.5;267;800;0;3;0.25;133;933;0;4;0.125;67;1000;0;NaN
182505;1;1;533;533;0;2;0.5;267;800;0;3;0.25;133;933;0;4;0.125;67;1000;0;NaN
183515;1;1;533;533;0;2;0.5;267;800;0;3;0.25;133;933;0;4;0.125;67;1000;0;NaN
184527;1;1;533;533;0;2;0.5;267;800;0;3;0.25;133;933;0;4;0.125;67;1000;0;NaN
185539;1;1;533;533;0;2;0.5;267;800;0;3;0.25;133;933;0;4;0.125;67;1000;0;NaN
186541;1;1;533;533;0;2;0.5;267;800;0;3;0.25;133;933;0;4;0.125;67;1000;0;NaN
187548;1;1;533;533;0;2;0.5;267;800;0;3;0.25;133;933;0;4;0.125;67;1000;0;NaN
188553;1;1;533;533;0;2;0.5;267;800;0;3;0.25;133;933;0;4;0.125;67;1000;0;NaN
189560;1;1;533;533;0;2;0.5;267;800;0;3;0.25;133;933;0;4;0.125;67;1000;0;NaN
190572;1;1;533;533;0;2;0.5;267;800;0;3;0.25;133;933;0;4;0.125;67;1000;0;NaN
191581;1;1;533;533;0;2;0.5;267;800;0;3;0.25;133;933;0;4;0.125;67;1000;0;NaN
192597;1;1;533;533;0;2;0.5;267;800;0;3;0.25;133;933;0;4;0.125;67;1000;0;NaN
193606;1;1;533;533;0;2;0.5;267;800;0;3;0.25;133;933;0;4;0.125;67;1000;0;NaN
194620;1;1;533;533;0;2;0.5;267;800;0;3;0.25;133;933;0;4;0.125;67;1000;0;NaN
195630;1;1;533;533;0;2;0.5;267;800;0;3;0.25;133;933;0;4;0.125;67;1000;0;NaN
196642;1;1;533;533;0;2;0.5;267;800;0;3;0.25;133;933;0;4;0.125;67;1000;0;NaN
197656;1;1;533;533;0;2;0.5;267;800;0;3;0.25;133;933;0;4;0.125;67;1000;0;NaN
198670;1;1;533;533;0;2;0.5;267;800;0;3;0.25;133;933;0;4;0.125;67;1000;0;NaN
199686;1;1;533;533;0;2;0.5;267;800;0;3;0.25;133;933;0;4;0.125;67;1000;0;NaN
200701;1;1;533;533;0;2;0.5;267;800;0;3;0.25;133;933;0;4;0.125;67;1000;0;NaN
201704;1;1;533;533;0;2;0.5;267;800;0;3;0.25;133;933;0;4;0.125;67;1000;0;NaN
202704;1;1;533;533;0;2;0.5;267;800;0;3;0.25;133;933;0;4;0.125;67;1000;0;NaN
203714;1;1;533;533;0;2;0.5;267;800;0;3;0.25;133;933;0;4;0.125;67;1000;0;NaN
204731;1;1;533;533;0;2;0.5;267;800;0;3;0.25;133;933;0;4;0.125;67;1000;0;NaN
205730;1;1;533;533;0;2;0.5;267;800;0;3;0.25;133;933;0;4;0.125;67;1000;0;NaN
206737;1;1;533;533;0;2;0.5;267;800;0;3;0.25;133;933;0;4;0.125;67;1000;0;NaN
207746;1;1;533;533;0;2;0.5;267;800;0;3;0.25;133;933;0;4;0.125;67;1000;0;NaN
208751;1;1;533;533;0;2;0.5;267;800;0;3;0.25;133;933;0;4;0.125;67;1000;0;NaN
209757;1;1;533;533;0;2;0.5;267;800;0;3;0.25;133;933;0;4;0.125;67;1000;0;NaN
210767;1;1;533;533;0;2;0.5;267;800;0;3;0.25;133;933;0;4;0.125;67;1000;0;NaN
211769;1;1;533;533;0;2;0.5;267;800;0;3;0.25;133;933;0;4;0.125;67;1000;0;NaN
212767;1;1;533;533;0;2;0.5;267;800;0;3;0.25;133;933;0;4;0.125;67;1000;0;NaN
213778;1;1;533;533;0;2;0.5;267;800;0;3;0.25;133;933;0;4;0.125;67;1000;0;NaN
214794;1;1;533;533;0;2;0.5;267;800;0;3;0.25;133;933;0;4;0.125;67;1000;0;NaN
215800;1;1;533;533;0;2;0.5;267;800;0;3;0.25;133;933;0;4;0.125;67;1000;0;NaN
216811;1;1;533;533;0;2;0.5;267;800;0;3;0.25;133;933;0;4;0.125;67;1000;0;NaN
217820;1;1;533;533;0;2;0.5;267;800;0;3;0.25;133;933;0;4;0.125;67;1000;0;NaN
218828;1;1;533;533;0;2;0.5;267;800;0;3;0.25;133;933;0;4;0.125;67;1000;0;NaN
219835;1;1;533;533;0;2;0.5;267;800;0;3;0.25;133;933;0;4;0.125;67;1000;0;NaN
220842;1;1;533;533;0;2;0.5;267;800;0;3;0.25;133;933;0;4;0.125;67;1000;0;NaN
221854;1;1;533;533;0;2;0.5;267;800;0;3;0.25;133;933;0;4;0.125;67;1000;0;NaN
222864;1;1;533;533;0;2;0.5;267;800;0;3;0.25;133;933;0;4;0.125;67;1000;0;NaN
223881;1;1;533;533;0;2;0.5;267;800;0;3;0.25;133;933;0;4;0.125;67;1000;0;NaN
224886;1;1;533;533;0;2;0.5;267;800;0;3;0.25;133;933;0;4;0.125;67;1000;0;NaN
225894;1;1;533;533;0;2;0.5;267;800;0;3;0.25;133;933;0;4;0.125;67;1000;0;NaN
226896;1;1;533;533;0;2;0.5;267;800;0;3;0.25;133;933;0;4;0.125;67;1000;0;NaN
227909;1;1;533;533;0;2;0.5;267;800;0;3;0.25;133;933;0;4;0.125;67;1000;0;NaN
228915;1;1;533;533;0;2;0.5;267;800;0;3;0.25;133;933;0;4;0.125;67;1000;0;NaN
229929;1;1;533;533;0;2;0.5;267;800;0;3;0.25;133;933;0;4;0.125;67;1000;0;NaN
230947;1;1;533;533;0;2;0.5;267;800;0;3;0.25;133;933;0;4;0.125;67;1000;0;NaN
231952;1;1;533;533;0;2;0.5;267;800;0;3;0.25;133;933;0;4;0.125;67;1000;0;NaN
232965;1;1;533;533;0;2;0.5;267;800;0;3;0.25;133;933;0;4;0.125;67;1000;0;NaN
233975;1;1;533;533;0;2;0.5;267;800;0;3;0.25;133;933;0;4;0.125;67;1000;0;NaN
234988;1;1;533;533;0;2;0.5;267;800;0;3;0.25;133;933;0;4;0.125;67;1000;0;NaN
235994;1;1;533;533;0;2;0.5;267;800;0;3;0.25;133;933;0;4;0.125;67;1000;0;NaN
237002;1;1;533;533;0;2;0.5;267;800;0;3;0.25;133;933;0;4;0.125;67;1000;0;NaN
238004;1;1;533;533;0;2;0.5;267;800;0;3;0.25;133;933;0;4;0.125;67;1000;0;NaN
239018;1;1;533;533;0;2;0.5;267;800;0;3;0.25;133;933;0;4;0.125;67;1000;0;NaN
240027;1;1;533;533;0;2;0.5;267;800;0;3;0.25;133;933;0;4;0.125;67;1000;0;NaN
241039;1;1;533;533;0;2;0.5;267;800;0;3;0.25;133;933;0;4;0.125;67;1000;0;NaN
242047;1;1;533;533;0;2;0.5;267;800;0;3;0.25;133;933;0;4;0.125;67;1000;0;NaN
243056;1;1;533;533;0;2;0.5;267;800;0;3;0.25;133;933;0;4;0.125;67;1000;0;NaN
244066;1;1;533;533;0;2;0.5;267;800;0;3;0.25;133;933;0;4;0.125;67;1000;0;NaN
245074;1;1;533;533;0;2;0.5;267;800;0;3;0.25;133;933;0;4;0.125;67;1000;0;NaN
246083;1;1;533;533;0;2;0.5;267;800;0;3;0.25;133;933;0;4;0.125;67;1000;0;NaN
247090;1;1;533;533;0;2;0.5;267;800;0;3;0.25;133;933;0;4;0.125;67;1000;0;NaN
248100;1;1;533;533;0;2;0.5;267;800;0;3;0.25;133;933;0;4;0.125;67;1000;0;NaN
249110;1;1;533;533;0;2;0.5;267;800;0;3;0.25;133;933;0;4;0.125;67;1000;0;NaN
250113;1;1;533;533;0;2;0.5;267;800;0;3;0.25;133;933;0;4;0.125;67;1000;0;NaN
251118;1;1;533;533;0;2;0.5;267;800;0;3;0.25;133;933;0;4;0.125;67;1000;0;NaN
252124;1;1;533;533;0;2;0.5;267;800;0;3;0.25;133;933;0;4;0.125;67;1000;0;NaN
253134;1;1;533;533;0;2;0.5;267;800;0;3;0.25;133;933;0;4;0.125;67;1000;0;NaN
254142;1;1;533;533;0;2;0.5;267;800;0;3;0.25;133;933;0;4;0.125;67;1000;0;NaN
255145;1;1;533;533;0;2;0.5;267;800;0;3;0.25;133;933;0;4;0.125;67;1000;0;NaN
256155;1;1;533;533;0;2;0.5;267;800;0;3;0.25;133;933;0;4;0.125;67;1000;0;NaN
257169;1;1;533;533;0;2;0.5;267;800;0;3;0.25;133;933;0;4;0.125;67;1000;0;NaN
258178;1;1;533;533;0;2;0.5;267;800;0;3;0.25;133;933;0;4;0.125;67;1000;0;NaN
259183;1;1;533;533;0;2;0.5;267;800;0;3;0.25;133;933;0;4;0.125;67;1000;0;NaN
260196;1;1;533;533;0;2;0.5;267;800;0;3;0.25;133;933;0;4;0.125;67;1000;0;NaN
261194;1;1;533;533;0;2;0.5;267;800;0;3;0.25;133;933;0;4;0.125;67;1000;0;NaN
262195;1;1;533;533;0;2;0.5;267;800;0;3;0.25;133;933;0;4;0.125;67;1000;0;NaN
263202;1;1;533;533;0;2;0.5;267;800;0;3;0.25;133;933;0;4;0.125;67;1000;0;NaN
264213;1;1;533;533;0;2;0.5;267;800;0;3;0.25;133;933;0;4;0.125;67;1000;0;NaN
265228;1;1;533;533;0;2;0.5;267;800;0;3;0.25;133;933;0;4;0.125;67;1000;0;NaN
266241;1;1;533;533;0;2;0.5;267;800;0;3;0.25;133;933;0;4;0.125;67;1000;0;NaN
267243;1;1;533;533;0;2;0.5;267;800;0;3;0.25;133;933;0;4;0.125;67;1000;0;NaN
268256;1;1;533;533;0;2;0.5;267;800;0;3;0.25;133;933;0;4;0.125;67;1000;0;NaN
269267;1;1;533;533;0;2;0.5;267;800;0;3;0.25;133;933;0;4;0.125;67;1000;0;NaN
270267;1;1;533;533;0;2;0.5;267;800;0;3;0.25;133;933;0;4;0.125;67;1000;0;NaN
271272;1;1;533;533;0;2;0.5;267;800;0;3;0.25;133;933;0;4;0.125;67;1000;0;NaN
272278;1;1;533;533;0;2;0.5;267;800;0;3;0.25;133;933;0;4;0.125;67;1000;0;NaN
273288;1;1;533;533;0;2;0.5;267;800;0;3;0.25;133;933;0;4;0.125;67;1000;0;NaN
274299;1;1;533;533;0;2;0.5;267;800;0;3;0.25;133;933;0;4;0.125;67;1000;0;NaN
275307;1;1;533;533;0;2;0.5;267;800;0;3;0.25;133;933;0;4;0.125;67;1000;0;NaN
276319;1;1;533;533;0;2;0.5;267;800;0;3;0.25;133;933;0;4;0.125;67;1000;0;NaN
277326;1;1;533;533;0;2;0.5;267;800;0;3;0.25;133;933;0;4;0.125;67;1000;0;NaN
278337;1;1;533;533;0;2;0.5;267;800;0;3;0.25;133;933;0;4;0.125;67;1000;0;NaN
279346;1;1;533;533;0;2;0.5;267;800;0;3;0.25;133;933;0;4;0.125;67;1000;0;NaN
280352;1;1;533;533;0;2;0.5;267;800;0;3;0.25;133;933;0;4;0.125;67;1000;0;NaN
281359;1;1;533;533;0;2;0.5;267;800;0;3;0.25;133;933;0;4;0.125;67;1000;0;NaN
282365;1;1;533;533;0;2;0.5;267;800;0;3;0.25;133;933;0;4;0.125;67;1000;0;NaN
283370;1;1;533;533;0;2;0.5;267;800;0;3;0.25;133;933;0;4;0.125;67;1000;0;NaN
284378;1;1;533;533;0;2;0.5;267;800;0;3;0.25;133;933;0;4;0.125;67;1000;0;NaN
285380;1;1;533;533;0;2;0.5;267;800;0;3;0.25;133;933;0;4;0.125;67;1000;0;NaN
286381;1;1;533;533;0;2;0.5;267;800;0;3;0.25;133;933;0;4;0.125;67;1000;0;NaN
287386;1;1;533;533;0;2;0.5;267;800;0;3;0.25;133;933;0;4;0.125;67;1000;0;NaN
288398;1;1;533;533;0;2;0.5;267;800;0;3;0.25;133;933;0;4;0.125;67;1000;0;NaN
289405;1;1;533;533;0;2;0.5;267;800;0;3;0.25;133;933;0;4;0.125;67;1000;0;NaN
290415;1;1;533;533;0;2;0.5;267;800;0;3;0.25;133;933;0;4;0.125;67;1000;0;NaN
291423;1;1;533;533;0;2;0.5;267;800;0;3;0.25;133;933;0;4;0.125;67;1000;0;NaN
292433;1;1;533;533;0;2;0.5;267;800;0;3;0.25;133;933;0;4;0.125;67;1000;0;NaN
293436;1;1;533;533;0;2;0.5;267;800;0;3;0.25;133;933;0;4;0.125;67;1000;0;NaN
294440;1;1;533;533;0;2;0.5;267;800;0;3;0.25;133;933;0;4;0.125;67;1000;0;NaN
295447;1;1;533;533;0;2;0.5;267;800;0;3;0.25;133;933;0;4;0.125;67;1000;0;NaN
296456;1;1;533;533;0;2;0.5;267;800;0;3;0.25;133;933;0;4;0.125;67;1000;0;NaN
297459;1;1;533;533;0;2;0.5;267;800;0;3;0.25;133;933;0;4;0.125;67;1000;0;NaN
298468;1;1;533;533;0;2;0.5;267;800;0;3;0.25;133;933;0;4;0.125;67;1000;0;NaN
299472;1;1;533;533;0;2;0.5;267;800;0;3;0.25;133;933;0;4;0.125;67;1000;0;NaN
