Timestamp;  Q1; Q2; Q3; Q4; Q Expirados
561;31;74;114;587;;0
1023;31;74;114;587;;0
1030;57;107;168;899;;0
1541;20;39;75;586;;0
2035;20;39;75;586;;0
2554;24;50;79;345;;0
3047;24;50;79;345;;0
3053;66;114;174;845;;0
3568;29;60;87;594;;0
4059;29;60;87;594;;0
4076;41;124;185;1044;;0
5062;41;0;0;382;;0
5080;47;94;132;1011;;0
5595;94;78;136;904;;0
6072;94;78;136;904;;0
6605;45;118;125;861;;0
7083;45;118;125;861;;0
7104;25;44;81;1173;;0
8097;25;44;81;461;;0
8116;45;98;229;1170;;0
8630;66;141;47;705;;0
9109;66;141;47;705;;0
9131;17;48;113;1080;;0
9645;75;152;151;1087;;0
10121;75;152;151;1087;;0
10143;35;91;120;1674;;0
11136;35;91;120;1052;;0
11156;37;72;216;1508;;0
11671;77;155;125;1402;;0
12148;77;155;125;1402;;0
12168;41;74;120;1976;;0
12681;67;150;225;1793;;0
13148;67;150;225;1793;;0
13695;45;81;139;1937;;0
14155;45;81;139;1937;;0
14204;17;50;88;1583;;0
14705;41;113;177;2117;;0
15156;41;113;177;2117;;0
15204;28;44;62;1776;;0
15720;72;153;180;2505;;0
16169;72;153;180;2505;;0
16234;45;101;164;2600;;0
16744;83;195;315;3317;;0
17181;83;195;315;3317;;0
17244;21;33;51;3151;;0
17756;58;97;133;3527;;0
18191;58;97;133;3527;;0
18258;48;83;136;3448;;0
19203;48;83;136;3448;;0
19287;30;69;84;3132;;0
19800;66;151;207;3745;;0
20215;66;151;207;3745;;0
20313;47;89;154;3879;;0
20811;66;129;203;4175;;0
21232;66;129;203;4175;;0
21328;39;112;144;4278;;0
21839;66;190;259;4817;;0
22241;66;190;259;4817;;0
22339;33;63;112;4850;;0
22849;71;125;199;5320;;0
23251;71;125;199;5320;;0
23349;66;94;147;5408;;0
23850;117;199;275;6124;;0
24254;117;199;275;6124;;0
24352;43;71;131;6296;;0
24868;83;168;287;7003;;0
25254;83;168;287;7003;;0
25368;50;73;108;7052;;0
25880;69;112;166;7343;;0
26266;69;112;166;7343;;0
26899;26;42;75;7058;;0
27268;26;42;75;7058;;0
27925;45;105;158;6893;;0
28276;45;105;158;6893;;0
28435;44;98;168;6891;;0
28950;81;214;316;7590;;0
29288;81;214;316;7590;;0
29463;47;108;149;7897;;0
29976;88;181;274;8555;;0
30299;88;181;274;8555;;0
31005;43;81;123;8684;;0
31309;43;81;123;8684;;0
32027;54;106;148;8623;;0
32322;54;106;148;8623;;0
32542;43;82;155;8651;;0
33050;85;179;283;9262;;0
33326;85;179;283;9262;;0
33549;48;71;97;9276;;0
34061;73;139;198;9783;;0
34339;73;139;198;9783;;0
34574;61;107;143;9822;;0
35083;109;191;277;10374;;0
35344;109;191;277;10374;;0
35596;34;95;121;10586;;0
36098;85;188;273;11290;;0
36358;85;188;273;11290;;0
36610;49;105;136;11546;;0
37122;70;129;170;11724;;0
37371;70;129;170;11724;;0
37638;23;41;85;11431;;0
38150;65;123;208;12018;;0
38381;65;123;208;12018;;0
39179;54;97;138;12125;;0
39393;54;97;138;12125;;0
39694;51;93;130;12140;;0
40205;65;107;160;12268;;0
40405;65;107;160;12268;;0
40708;33;86;129;12189;;0
41219;75;189;264;12909;;0
41418;75;189;264;12909;;0
41737;55;112;137;13133;;0
42246;110;197;255;13790;;0
42430;110;197;255;13790;;0
42759;58;92;139;14063;;0
43262;115;210;285;14742;;0
43445;115;210;285;14742;;0
43759;12;30;41;14577;;0
44274;61;108;185;15138;;0
44459;61;108;185;15138;;0
44776;46;106;135;15107;;0
45461;46;106;135;15107;;0
45790;31;59;111;14831;;0
46291;78;150;226;15477;;0
46476;78;150;226;15477;;0
47305;23;51;74;15290;;0
47490;23;51;74;15290;;0
47816;47;96;128;15032;;0
48333;96;194;286;15722;;0
48503;96;194;286;15722;;0
49348;44;67;87;15714;;0
49503;44;67;87;15714;;0
50365;27;29;40;15136;;0
50516;27;29;40;15136;;0
50863;31;66;121;14687;;0
51381;65;146;216;15171;;0
51518;65;146;216;15171;;0
51882;32;80;118;15079;;0
52383;60;141;193;15448;;0
52521;60;141;193;15448;;0
53396;47;99;127;15515;;0
53536;47;99;127;15515;;0
53896;40;100;177;15471;;0
54413;61;145;221;15756;;0
54549;61;145;221;15756;;0
54927;38;72;100;15657;;0
55442;80;185;235;16367;;0
55560;80;185;235;16367;;0
55957;54;113;167;16533;;0
56470;104;204;289;17270;;0
56575;104;204;289;17270;;0
56984;43;106;139;17579;;0
57494;92;217;275;18283;;0
57586;92;217;275;18283;;0
58009;46;110;148;18563;;0
58525;98;213;307;19249;;0
58602;98;213;307;19199;;50
59038;49;105;154;19509;;50
59552;95;189;304;20229;;50
59667;95;189;304;19046;;1233
60054;35;61;115;19154;;1233
60556;45;92;176;19380;;1233
60624;45;92;176;19203;;1410
61058;53;64;124;19040;;1410
61658;53;64;124;18216;;2234
62074;19;51;70;17792;;2234
62589;67;177;216;18472;;2234
62674;67;177;216;17618;;3088
63090;60;100;153;17765;;3088
63602;94;144;220;18140;;3088
63647;94;144;220;18116;;3112
64117;68;100;142;18240;;3112
64630;93;167;241;18708;;3112
64659;93;167;241;18689;;3131
65146;31;61;98;18613;;3131
65689;31;61;98;18060;;3684
66162;40;89;157;17964;;3684
66675;40;89;157;17964;;3684
66679;85;194;301;18670;;3684
67191;30;60;99;18689;;3684
67705;30;60;99;18320;;4053
68219;56;111;125;18216;;4053
68703;56;111;125;18216;;4053
69234;16;33;44;17757;;4053
69715;16;33;44;17757;;4053
69735;34;42;129;18090;;4053
70728;34;42;0;17268;;4053
70747;49;87;167;17897;;4053
71739;49;87;0;17140;;4053
71760;57;112;154;17817;;4053
72277;116;226;141;17793;;4053
72753;116;226;141;17793;;4053
72773;29;50;228;18166;;4053
73284;60;105;84;18120;;4053
73767;60;105;84;18119;;4054
74297;41;73;125;17900;;4054
74788;41;73;125;17656;;4298
74796;30;54;207;18096;;4298
75860;30;54;0;15724;;5991
75866;49;97;168;16410;;5991
76376;97;207;144;16360;;5991
76856;97;207;144;14934;;7417
76882;40;83;130;14957;;7417
77384;89;179;298;15629;;7417
77813;89;179;298;15488;;7558
77886;20;52;58;15349;;7558
78813;20;52;58;15136;;7771
78901;25;58;85;14678;;7771
79414;82;154;239;15352;;7771
79823;82;154;239;15265;;7858
79916;40;101;127;15324;;7858
80838;40;101;127;15099;;8083
80924;23;37;61;14636;;8083
81831;23;37;61;14636;;8083
81932;23;61;86;14178;;8083
82432;63;164;232;14889;;8083
82833;63;164;232;14889;;8083
82946;42;76;130;14926;;8083
83450;70;126;209;15302;;8083
83860;70;126;209;14711;;8674
84453;43;92;167;14814;;8674
84841;43;92;167;14814;;8674
84967;31;68;98;14586;;8674
85480;46;107;137;14855;;8674
85859;46;107;137;14679;;8850
86481;38;58;130;14431;;8850
86862;38;58;130;14289;;8992
86996;30;68;97;13986;;8992
87865;30;68;97;13986;;8992
88024;35;89;96;13647;;8992
88539;78;186;232;14247;;8992
88878;78;186;232;14247;;8992
89053;13;43;61;13989;;8992
89881;13;43;61;13989;;8992
90056;23;45;101;13527;;8992
90572;72;108;210;13985;;8992
90894;72;108;210;13985;;8992
91085;21;23;48;13642;;8992
91909;21;23;48;13642;;8992
92101;64;98;131;13441;;8992
92600;79;128;187;13636;;8992
92911;79;128;187;13636;;8992
93116;45;101;136;13748;;8992
93630;59;127;171;13921;;8992
93925;59;127;171;13921;;8992
94147;45;91;160;13973;;8992
94648;72;129;212;14228;;8992
94925;72;129;212;14228;;8992
95163;30;68;116;14233;;8992
95679;73;170;241;14963;;8992
95941;73;170;241;14576;;9379
96191;12;32;45;14275;;9379
96706;73;145;201;14945;;9379
96942;73;145;201;14770;;9554
97219;22;36;74;14527;;9554
97730;68;118;196;15102;;9554
97962;68;118;196;14716;;9940
98246;35;48;98;14493;;9940
98747;69;124;155;14844;;9940
98946;69;124;155;14844;;9940
99260;25;71;93;14670;;9940
99977;25;71;93;14270;;10340
100276;39;98;140;14182;;10340
100790;58;122;180;14425;;10340
100974;58;122;180;14425;;10340
101289;32;46;88;14144;;10340
101989;32;46;88;14144;;10340
102321;67;111;116;14016;;10340
102836;94;169;209;14395;;10340
103004;94;169;209;14395;;10340
103335;43;69;107;14373;;10340
104018;43;69;107;14373;;10340
104351;34;81;92;14113;;10340
104854;58;136;163;14495;;10340
105024;58;136;163;14495;;10340
105371;46;71;109;14360;;10340
105883;89;171;247;15079;;10340
106034;89;171;247;15079;;10340
106394;46;96;157;15287;;10340
106895;53;107;179;15371;;10340
107050;53;107;179;15371;;10340
107397;18;34;70;14986;;10340
107913;69;129;205;15584;;10340
108065;69;129;205;15584;;10340
108425;35;96;113;15508;;10340
109080;35;96;113;15459;;10389
109457;28;70;110;15147;;10389
110080;28;70;110;15147;;10389
110471;38;65;94;14868;;10389
111082;38;65;94;14868;;10389
111473;45;75;107;14553;;10389
111980;108;180;237;15255;;10389
112087;108;180;237;15255;;10389
112492;3;7;10;14830;;10389
113009;50;100;148;15552;;10389
113104;50;100;148;15439;;10502
113522;47;104;161;15425;;10502
114025;99;205;326;16107;;10502
114099;99;205;326;16107;;10502
114541;42;104;146;16445;;10502
115054;109;186;309;17133;;10502
115135;109;186;309;16663;;10972
115567;49;80;165;16973;;10972
116070;60;124;214;17233;;10972
116137;60;124;214;16684;;11521
116574;60;90;151;16781;;11521
117082;98;162;268;17317;;11521
117152;98;162;268;16911;;11927
117594;54;86;158;17141;;11927
118108;105;170;269;17695;;11927
118156;105;170;269;17197;;12425
118608;54;106;132;17449;;12425
119111;77;175;224;17889;;12425
119158;77;175;224;17516;;12798
120122;53;118;159;17662;;12798
120149;53;118;159;17662;;12798
120637;37;69;92;17407;;12798
121149;37;69;92;17407;;12798
121650;32;85;106;17115;;12798
122185;32;85;106;16701;;13212
122186;44;124;162;16973;;13212
122683;54;94;116;16979;;13212
123174;54;94;116;16979;;13212
123694;41;90;131;16780;;13212
124176;41;90;131;16780;;13212
124194;84;182;265;17428;;13212
125190;0;0;0;16917;;13254
125221;59;86;136;17636;;13254
125731;76;135;55;17086;;13254
126228;76;135;55;16446;;13894
126232;118;250;194;17150;;13894
126733;52;104;150;17406;;13894
127213;52;104;150;17406;;13894
127248;39;189;291;17973;;13894
128227;39;0;0;17505;;13894
128245;74;73;115;18047;;13894
128759;52;67;131;17942;;13894
129239;52;67;131;17942;;13894
129272;47;167;281;18645;;13894
129788;87;112;149;18844;;13894
130262;87;112;149;18636;;14102
130287;41;80;287;19261;;14102
130800;96;183;146;19399;;14102
131264;96;183;146;19399;;14102
131299;29;50;224;19765;;14102
131811;51;95;67;19533;;14102
132287;51;95;67;19304;;14331
132828;60;102;130;19225;;14331
133311;60;102;130;18876;;14680
133326;43;203;289;19573;;14680
133842;100;101;151;19816;;14680
134391;100;101;151;18211;;16285
134395;50;106;294;18895;;16285
135326;50;106;0;18215;;16460
135413;29;56;79;17792;;16460
135913;76;150;261;18469;;16460
136353;76;150;261;18035;;16894
136432;38;104;146;18234;;16894
136942;84;212;284;18942;;16894
137347;84;212;284;18913;;16923
137461;40;112;148;19193;;16923
137973;76;178;269;19676;;16923
138401;76;178;269;18408;;18191
138473;52;80;142;18604;;18191
139368;52;80;142;18365;;18430
139502;25;59;80;17987;;18430
140016;69;144;197;18543;;18430
140371;69;144;197;18543;;18430
140514;16;34;53;18209;;18430
141018;56;119;191;18946;;18430
141386;56;119;191;18667;;18709
141517;32;61;80;18490;;18709
142031;47;93;133;18721;;18709
142373;47;93;133;18721;;18709
142534;18;34;62;18275;;18709
143047;46;82;125;18603;;18709
143394;46;82;125;18479;;18833
144064;17;69;70;18103;;18833
144388;17;69;70;18103;;18833
144575;30;48;82;17646;;18833
145406;30;48;82;17556;;18923
145592;35;83;110;17246;;18923
146106;60;142;195;17644;;18923
146430;60;142;195;17317;;19250
146605;32;70;99;17151;;19250
147122;81;158;242;17792;;19250
147440;81;158;242;17597;;19445
147632;39;80;110;17586;;19445
148134;63;144;196;17955;;19445
148441;63;144;196;17932;;19468
148647;31;85;109;17919;;19468
149160;57;122;168;18268;;19468
149502;57;122;168;17028;;20708
149672;48;84;134;17016;;20708
150499;48;84;134;16194;;21530
150687;42;93;116;16090;;21530
151201;94;197;251;16799;;21530
151464;94;197;251;16799;;21530
151714;19;36;65;16580;;21530
152226;61;104;174;17121;;21530
152475;61;104;174;17121;;21530
152741;41;61;122;16989;;21530
153242;66;110;216;17348;;21530
153518;66;110;216;16691;;22187
153756;24;39;59;16387;;22187
154257;37;71;100;16623;;22187
154503;37;71;100;16330;;22480
155272;43;89;122;16152;;22480
155502;43;89;122;16152;;22480
155786;19;36;48;15636;;22480
156300;49;93;128;16024;;22480
156568;49;93;128;14537;;23967
156812;41;82;98;14329;;23967
157314;86;183;235;15046;;23967
157515;86;183;235;15046;;23967
157826;13;24;25;14670;;23967
158341;38;62;90;14923;;23967
158530;38;62;90;14800;;24090
158842;25;50;56;14306;;24090
159343;61;111;136;14716;;24090
159526;61;111;136;14716;;24090
159841;27;43;67;14330;;24090
160356;57;127;179;14876;;24090
160540;57;127;179;14876;;24090
160870;38;94;148;14959;;24090
161381;104;191;301;15643;;24090
161558;104;191;301;15428;;24305
161900;47;116;131;15730;;24305
162411;65;155;194;15987;;24305
162568;65;155;194;15879;;24413
163413;51;105;145;15928;;24413
163572;51;105;145;15815;;24526
163912;25;75;96;15576;;24526
164413;79;182;249;16262;;24526
164570;79;182;249;16262;;24526
164921;59;96;138;16479;;24526
165422;83;155;219;16848;;24526
165578;83;155;219;16848;;24526
165923;36;69;118;16814;;24526
166440;88;150;256;17375;;24526
166592;88;150;256;17355;;24546
167466;20;38;51;17124;;24546
167620;0;38;51;16481;;25189
167969;24;34;54;15847;;25189
168482;73;131;203;16540;;25189
168608;73;131;203;16478;;25251
168998;41;110;157;16577;;25251
169510;74;167;251;17032;;25251
169637;74;167;251;16635;;25648
170022;19;26;54;16328;;25648
170528;68;130;198;17031;;25648
170635;68;130;198;16909;;25770
171025;3;8;9;16389;;25770
171535;18;43;49;16630;;25770
171657;18;43;49;16286;;26114
172048;26;63;111;15808;;26114
172560;72;122;211;16264;;26114
172660;72;122;211;16084;;26294
173072;33;59;112;16010;;26294
173586;77;147;234;16614;;26294
173663;77;147;234;16546;;26362
174598;73;94;157;16680;;26362
174673;73;94;157;16680;;26362
175111;19;56;76;16364;;26362
175614;74;158;210;17057;;26362
175688;74;158;210;17057;;26362
176641;48;104;135;17147;;26362
176711;48;104;135;16933;;26576
177155;30;58;85;16579;;26576
177653;63;119;194;17074;;26576
177721;63;119;194;16950;;26700
178168;22;30;62;16559;;26700
178728;22;30;62;16559;;26700
179183;13;31;39;15891;;26700
179698;43;79;89;16176;;26700
179743;43;79;89;16176;;26700
180719;42;81;133;16029;;26700
180757;42;81;133;15632;;27097
181743;34;55;102;15372;;27097
181763;34;55;102;14857;;27612
182258;31;56;82;14447;;27612
182755;31;56;82;14447;;27612
182760;64;121;187;14879;;27612
183260;55;103;153;14940;;27612
183755;55;103;153;14940;;27612
183760;109;196;321;15625;;27612
184271;46;90;157;15958;;27612
184809;46;90;157;14920;;28650
184813;46;175;315;15490;;28650
185316;86;106;142;15647;;28650
185791;86;106;142;15351;;28946
185826;44;84;103;15139;;28946
186344;88;185;243;15854;;28946
186789;88;185;243;15854;;28946
186855;57;106;147;16060;;28946
187357;92;215;276;16787;;28946
187794;92;215;276;16787;;28946
187863;57;87;165;17061;;28946
188362;111;184;296;17779;;28946
188831;111;184;296;17075;;29650
188874;22;31;53;16941;;29650
189829;22;31;53;16487;;30104
189906;56;86;155;16296;;30104
190419;86;136;226;16663;;30104
190821;86;136;226;16663;;30104
191445;34;58;85;16576;;30104
191830;34;58;85;16576;;30104
192458;24;85;100;16255;;30104
192850;24;85;100;16107;;30252
192974;60;105;146;16005;;30252
193487;67;121;173;16138;;30252
193854;67;121;173;16138;;30252
193998;12;44;65;15785;;30252
194513;44;130;216;16414;;30252
194876;44;130;216;16204;;30462
195537;20;55;81;15914;;30462
195883;20;55;81;15831;;30545
196051;24;46;91;15349;;30545
196897;24;46;91;15186;;30708
197076;24;35;53;14597;;30708
197902;24;35;53;14597;;30708
198091;34;39;60;14045;;30708
198603;62;123;143;14548;;30708
198910;62;123;143;14548;;30708
199120;40;71;107;14351;;30708
199910;40;71;107;14351;;30708
200133;37;81;103;14082;;30708
200923;37;81;103;14082;;30708
201160;56;108;126;14013;;30708
201673;77;165;197;14387;;30708
201933;77;165;197;14387;;30708
202186;46;87;127;14437;;30708
202957;46;87;127;14109;;31036
203196;47;106;156;14060;;31036
203711;63;140;203;14294;;31036
203958;63;140;203;14294;;31036
204225;26;52;65;14039;;31036
204978;26;52;65;13762;;31313
205249;39;84;124;13424;;31313
205978;39;84;124;13424;;31313
206276;61;86;142;13382;;31313
206781;106;187;288;14074;;31313
207020;106;187;288;12912;;32475
207793;39;110;132;13212;;32475
208022;39;110;132;12394;;33293
208306;35;65;86;12094;;33293
208821;61;131;212;12538;;33293
209007;61;131;212;12538;;33293
209322;40;121;151;12630;;33293
209836;95;224;293;13330;;33293
210018;95;224;293;13330;;33293
210346;50;100;150;13642;;33293
210850;72;155;237;14008;;33293
211034;72;155;237;14008;;33293
211363;58;98;142;14174;;33293
211863;94;179;275;14780;;33293
212037;94;179;275;14721;;33352
212892;49;119;135;14966;;33352
213063;49;119;135;14596;;33722
213409;28;54;97;14377;;33722
213909;44;122;191;14821;;33722
214060;44;122;191;14821;;33722
214422;19;36;42;14412;;33722
214922;54;96;133;14805;;33722
215074;54;96;133;14805;;33722
215949;23;62;80;14522;;33722
216087;23;62;80;14522;;33722
216977;39;82;126;14329;;33722
217097;39;82;126;14329;;33722
217491;24;52;82;13953;;33722
218112;24;52;82;13953;;33722
218518;46;111;151;13803;;33722
219033;55;128;177;13907;;33722
219125;55;128;177;13907;;33722
219531;16;38;38;13504;;33722
220048;63;155;170;14208;;33722
220124;63;155;170;14208;;33722
220564;23;58;98;13997;;33722
221065;66;158;263;14689;;33722
221136;66;158;263;14689;;33722
221575;54;88;146;14888;;33722
222076;100;175;296;15605;;33722
222153;100;175;296;15605;;33722
222592;46;86;192;15852;;33722
223092;81;156;301;16357;;33722
223153;81;156;301;16357;;33722
223595;29;46;63;16151;;33722
224108;62;85;129;16453;;33722
224153;62;85;129;16453;;33722
225126;38;83;123;16302;;33722
225154;38;83;123;16302;;33722
226140;50;109;135;16252;;33722
226167;50;109;135;16252;;33722
226650;7;21;26;15686;;33722
227164;35;99;104;16113;;33722
227166;35;99;104;16113;;33722
227664;13;39;85;15671;;33722
228178;13;39;85;15671;;33722
228181;50;105;214;16227;;33722
228687;36;74;127;16169;;33722
229196;36;74;127;16008;;33883
229200;79;159;288;16719;;33883
229710;50;112;149;16934;;33883
230258;50;112;149;15700;;35117
230262;63;130;170;15811;;35117
230767;46;88;154;15886;;35117
231232;46;88;154;15547;;35456
231281;19;113;204;15784;;35456
231797;67;66;119;15680;;35456
232227;67;66;119;15680;;35456
232296;31;74;217;16109;;35456
232806;60;142;108;15988;;35456
233249;60;142;108;15768;;35676
233307;24;47;191;16108;;35676
233821;43;90;46;15748;;35676
234258;43;90;46;15677;;35747
234322;46;99;176;16402;;35747
234833;98;194;145;16419;;35747
235265;98;194;145;16419;;35747
235335;49;116;301;17098;;35747
235845;97;220;153;17386;;35747
236276;97;220;153;17386;;35747
236347;4;4;168;17446;;35747
236854;36;61;76;17333;;35747
237290;36;61;76;17333;;35747
237358;52;166;225;18027;;35747
237870;81;57;88;17863;;35747
238304;81;57;88;17839;;35771
238883;26;49;65;17393;;35771
239314;26;49;65;17393;;35771
239896;39;58;134;17101;;35771
240334;39;58;134;16961;;35911
240395;18;40;188;17223;;35911
240907;34;82;41;16746;;35911
241386;34;82;41;15571;;37086
241915;17;39;53;14990;;37086
242362;17;39;53;14719;;37357
242417;47;112;192;15421;;37357
242927;92;217;148;15371;;37357
243362;92;217;148;15371;;37357
243428;55;307;284;15996;;37357
243939;100;99;152;16383;;37357
244375;100;99;152;16383;;37357
244442;53;216;298;17067;;37357
244956;93;100;139;17402;;37357
245387;93;100;139;17402;;37357
245457;26;52;188;17682;;37357
245970;76;146;138;17676;;37357
246410;76;146;138;17475;;37558
246469;26;57;230;17877;;37558
246979;61;131;119;17902;;37558
247424;61;131;119;17703;;37757
247480;55;108;265;18394;;37757
247994;91;210;163;18550;;37757
248441;91;210;163;17964;;38343
248509;47;99;153;18129;;38343
249023;81;207;298;18842;;38343
249473;81;207;298;17867;;39318
249535;48;100;144;18161;;39318
250037;103;187;280;18883;;39318
250423;103;187;280;18883;;39318
250536;52;107;150;19144;;39318
251050;95;202;288;19692;;39318
251467;95;202;288;19054;;39956
252074;37;75;119;19206;;39956
252472;37;75;119;18663;;40499
253085;40;97;154;18539;;40499
253454;40;97;154;18539;;40499
253598;30;62;97;18303;;40499
254489;30;62;97;17813;;40989
254628;51;95;159;17697;;40989
255141;111;184;303;18333;;40989
255479;111;184;303;18331;;40991
255653;17;35;54;18216;;40991
256165;50;137;192;18852;;40991
256521;50;137;192;18179;;41664
256681;41;61;104;18101;;41664
257514;41;61;104;17942;;41823
257709;44;74;129;17750;;41823
258515;44;74;129;17750;;41823
258736;33;93;130;17704;;41823
259247;70;164;215;18259;;41823
259527;70;164;215;18259;;41823
259750;51;104;154;18399;;41823
260263;56;112;164;18463;;41823
260541;56;112;164;18463;;41823
260777;47;107;134;18396;;41823
261554;47;107;134;18396;;41823
261792;44;113;145;18382;;41823
262306;83;179;255;18830;;41823
262568;83;179;255;18830;;41823
262806;19;41;68;18654;;41823
263600;19;41;68;18206;;42271
263831;42;92;152;17925;;42271
264611;42;92;152;17492;;42704
264860;41;82;125;17353;;42704
265359;64;143;203;17744;;42704
265605;64;143;203;17744;;42704
265872;47;97;146;17864;;42704
266386;88;190;300;18576;;42704
266635;88;190;300;18180;;43100
266900;52;101;152;18453;;43100
267403;102;182;304;19170;;43100
267707;102;182;304;17163;;45107
267901;48;101;161;17441;;45107
268406;95;187;279;18011;;45107
268662;95;187;279;17146;;45972
269410;23;36;72;17015;;45972
269627;23;36;72;17015;;45972
269914;3;14;16;16209;;45972
270653;3;14;16;15725;;46456
270931;13;28;56;14984;;46456
271428;27;67;102;15232;;46456
271631;27;67;102;15232;;46456
272450;17;23;46;14647;;46456
272637;17;23;46;14647;;46456
273459;5;8;19;13813;;46456
273645;5;8;19;13813;;46456
273965;12;38;56;13086;;46456
274468;27;71;112;13318;;46456
274653;27;71;112;13318;;46456
275476;8;12;18;12626;;46456
275662;8;12;18;12626;;46456
275978;3;8;9;11709;;46456
276481;9;22;28;11798;;46456
276668;9;22;28;11798;;46456
276985;13;19;32;11002;;46456
277490;16;25;50;11091;;46456
277677;16;25;50;11091;;46456
277989;8;10;20;10295;;46456
278688;8;10;20;10295;;46456
279016;15;41;52;9585;;46456
279534;18;47;68;9646;;46456
279702;18;47;68;9646;;46456
280047;14;34;57;8988;;46456
280559;21;43;78;9051;;46456
280712;21;43;78;9051;;46456
281071;12;28;38;8403;;46456
281572;15;35;55;8485;;46456
281726;15;35;55;8485;;46456
282072;10;18;29;7755;;46456
282587;18;29;52;7871;;46456
282740;18;29;52;7871;;46456
283600;11;20;18;7082;;46456
283753;11;20;18;7082;;46456
284619;2;12;23;6223;;46456
284757;2;12;23;6223;;46456
285637;1;8;12;5311;;46456
285759;1;8;12;5311;;46456
286150;3;16;27;4447;;46456
286773;3;16;27;4447;;46456
287163;8;19;25;3633;;46456
287786;8;19;25;3633;;46456
288195;10;12;24;2807;;46456
288709;15;26;45;2908;;46456
288800;15;26;45;2908;;46456
289223;11;17;30;2131;;46456
289813;11;17;30;2131;;46456
290227;5;8;6;1242;;46456
290737;9;13;31;1309;;46456
290814;9;13;31;1309;;46456
291251;6;13;18;462;;46456
291826;6;13;18;462;;46456
292252;9;11;23;84;;45955
292764;14;25;50;168;;45955
292839;14;25;50;168;;45955
293279;7;14;13;83;;45212
293791;15;27;29;184;;45212
293853;15;27;29;184;;45212
294292;7;12;23;98;;44467
294793;15;18;38;140;;44467
294854;15;18;38;140;;44467
295796;7;21;16;114;;43678
295857;7;21;16;114;;43678
296306;8;14;16;86;;42836
296820;19;38;44;255;;42836
296865;19;38;44;255;;42836
297329;9;17;20;97;;42192
297845;29;49;61;331;;42192
297872;29;49;61;331;;42192
298356;10;25;33;165;;41662
298884;10;25;33;165;;41662
299369;4;20;19;100;;40895
299870;16;37;41;224;;40895
299885;16;37;41;224;;40895
300373;1;5;19;53;;40213
300886;1;5;19;53;;40213
301377;1;7;15;70;;39291
301878;11;20;27;159;;39291
301890;11;20;27;159;;39291
302904;0;0;0;0;;38508
302907;6;5;9;41;;38508
303406;2;13;18;65;;37569
303906;2;13;18;65;;37569
304420;15;20;37;163;;36667
304921;15;20;37;163;;36667
305436;1;2;11;60;;35902
305933;1;2;11;60;;35902
305938;9;16;26;129;;35902
306454;4;11;14;50;;35082
306932;4;11;14;50;;35082
307478;13;38;42;188;;34161
307944;13;38;42;188;;34161
307993;24;51;68;305;;34161
308507;3;8;12;56;;33609
308957;3;8;12;56;;33609
309021;8;21;28;142;;33609
309968;0;0;0;0;;32808
310049;11;17;25;145;;32808
310980;11;0;0;0;;31995
311063;9;17;22;125;;31995
311574;16;27;15;89;;31153
311995;16;27;15;89;;31153
312078;8;11;42;193;;31153
313006;8;11;0;0;;30431
313089;12;21;30;132;;30431
313599;29;60;42;222;;29612
314019;29;60;42;222;;29612
314609;4;21;29;102;;28965
315027;4;21;29;102;;28965
315108;18;21;51;219;;28965
315626;21;33;12;48;;28260
316027;21;33;12;48;;28260
316653;5;5;17;67;;27374
317038;5;5;17;67;;27374
317676;14;27;47;237;;26468
318049;14;27;47;237;;26468
318704;5;10;15;58;;25793
319060;5;10;15;58;;25793
319219;9;19;28;118;;24881
320069;9;19;28;118;;24881
320247;17;31;50;245;;24055
320751;22;38;61;318;;24055
321075;22;38;61;318;;24055
321266;11;8;21;138;;23494
322090;11;8;21;138;;23494
322280;7;8;21;98;;22672
322788;13;20;29;151;;22672
323099;13;20;29;151;;22672
323290;8;6;11;55;;21885
324100;8;6;11;55;;21885
324319;7;15;13;78;;20965
324819;15;35;37;196;;20965
325112;15;35;37;196;;20965
325333;9;12;29;145;;20248
325846;14;24;61;237;;20248
326125;14;24;61;237;;20248
326347;5;10;8;58;;19584
326849;25;37;57;280;;19584
327139;25;37;57;280;;19584
327361;13;13;25;109;;18983
327864;21;23;41;188;;18983
328145;21;23;41;188;;18983
328362;6;29;32;169;;18256
329159;6;29;32;169;;18256
329380;12;17;25;138;;17492
330173;12;17;25;138;;17492
330379;5;13;21;107;;16684
331188;5;13;21;107;;16684
331410;9;24;23;140;;15830
332203;9;24;23;140;;15830
332423;2;8;16;77;;15026
332924;9;20;30;152;;15026
333217;9;20;30;152;;15026
333439;8;10;22;68;;14237
333953;15;21;38;152;;14237
334230;15;21;38;152;;14237
334466;4;12;23;60;;13463
335239;4;12;23;60;;13463
335491;5;24;29;116;;12562
336007;12;43;61;258;;12562
336252;12;43;61;258;;12562
336519;5;13;20;95;;11936
337262;5;13;20;95;;11936
337545;10;20;24;139;;11069
338058;24;47;63;326;;11069
338272;24;47;63;326;;11069
338571;16;25;48;199;;10529
339070;23;38;78;311;;10529
339285;23;38;78;311;;10529
339586;1;8;8;49;;9979
340097;15;31;37;221;;9979
340295;15;31;37;221;;9979
340619;8;20;23;122;;9283
341306;8;20;23;122;;9283
341635;8;9;23;109;;8456
342317;8;9;23;109;;8456
342662;11;26;27;150;;7605
343179;13;35;42;185;;7605
343318;13;35;42;185;;7605
344209;12;32;41;177;;6880
344332;12;32;41;177;;6880
345216;5;9;10;44;;6142
345338;5;9;10;44;;6142
345730;6;27;47;199;;5210
346242;26;65;109;582;;5210
346350;26;65;109;582;;5210
346754;5;9;15;120;;4992
347362;5;9;15;120;;4992
347768;7;21;28;125;;4141
348283;16;41;51;232;;4141
348373;16;41;51;232;;4141
348798;10;15;28;132;;3481
349387;10;15;28;132;;3481
349825;4;7;14;84;;2666
350337;32;62;86;453;;2666
350397;32;62;86;453;;2666
350841;5;17;21;113;;2299
351355;23;48;56;297;;2299
351398;23;48;56;297;;2299
351869;10;17;12;119;;1723
352413;10;17;12;119;;1723
352883;13;26;37;182;;881
353413;13;26;37;182;;881
353900;6;24;21;98;;139
354413;14;38;43;178;;139
354415;14;38;43;178;;139
354927;6;19;24;114;;0
355421;6;19;24;114;;0
355940;3;1;13;50;;0
356422;3;1;13;50;;0
356439;6;7;21;114;;0
357436;0;0;0;0;;0
357440;12;19;23;126;;0
357956;5;10;12;63;;0
358440;5;10;12;63;;0
358457;9;22;23;118;;0
358972;15;37;48;214;;0
359455;15;37;48;214;;0
359472;18;53;79;327;;0
359979;6;19;16;106;;0
360458;6;19;16;106;;0
360491;20;32;37;245;;0
361007;11;17;25;105;;0
361467;11;17;25;105;;0
361516;16;26;39;180;;0
362478;0;0;0;0;;0
362526;15;29;44;199;;0
363489;0;0;0;0;;0
363540;5;17;25;107;;0
364039;4;8;23;78;;0
364502;4;8;23;78;;0
364550;11;22;41;186;;0
365516;0;0;0;0;;0
365567;5;18;25;95;;0
366528;0;0;0;0;;0
366578;11;35;46;237;;0
367531;0;0;0;0;;0
367582;7;11;16;100;;0
368093;9;15;38;129;;0
368546;9;15;38;129;;0
369111;4;8;10;52;;0
369545;4;8;10;52;;0
369627;14;27;52;254;;0
370137;24;12;22;107;;0
370554;24;12;22;107;;0
370638;11;16;47;252;;0
371151;30;48;54;212;;0
371568;30;48;54;212;;0
371652;4;15;77;303;;0
372161;12;32;34;131;;0
372577;12;32;34;131;;0
373172;6;7;14;51;;0
373589;6;7;14;51;;0
373673;5;18;35;180;;0
374184;12;35;19;112;;0
374602;12;35;19;112;;0
374687;15;14;53;254;;0
375195;22;27;20;109;;0
375613;22;27;20;109;;0
375697;20;32;58;303;;0
376626;20;32;0;0;;0
376709;6;18;19;136;;0
377639;6;18;0;0;;0
377719;1;30;25;99;;0
378233;8;21;22;122;;0
378652;8;21;22;122;;0
378733;6;18;49;236;;0
379663;6;18;0;0;;0
379747;6;11;21;99;;0
380248;12;37;25;130;;0
380669;12;37;25;130;;0
380753;7;18;52;267;;0
381681;7;18;0;0;;0
381765;2;11;15;53;;0
382276;34;72;90;362;;0
382690;34;72;90;362;;0
382775;3;6;101;411;;0
383702;3;6;0;0;;0
383788;7;10;18;103;;0
384702;7;10;0;0;;0
384797;9;5;21;93;;0
385314;24;31;69;291;;0
385713;24;31;69;291;;0
386336;2;11;5;44;;0
386724;2;11;5;44;;0
387348;7;11;15;79;;0
387735;7;11;15;79;;0
387845;5;10;22;94;;0
388735;5;10;22;94;;0
388860;7;16;26;129;;0
389748;7;16;26;129;;0
389889;10;24;32;118;;0
390406;22;39;61;247;;0
390763;22;39;61;247;;0
390905;10;24;41;172;;0
391418;15;37;57;235;;0
391774;15;37;57;235;;0
392446;9;15;17;112;;0
392786;9;15;17;112;;0
392960;6;8;14;67;;0
393475;18;19;42;171;;0
393799;18;19;42;171;;0
393989;6;12;17;101;;0
394493;17;45;68;322;;0
394803;17;45;68;322;;0
395509;8;11;16;122;;0
395815;8;11;16;122;;0
396022;14;20;21;104;;0
396536;23;35;42;203;;0
396829;23;35;42;203;;0
397549;11;10;26;84;;0
397841;11;10;26;84;;0
398064;8;8;18;83;;0
398562;13;20;28;149;;0
398843;13;20;28;149;;0
399079;2;8;9;58;;0
399591;5;18;19;125;;0
399853;5;18;19;125;;0
400105;6;16;19;96;;0
400619;14;26;35;164;;0
400864;14;26;35;164;;0
401130;10;10;36;99;;0
401631;16;21;52;155;;0
401878;16;21;52;155;;0
402143;8;11;28;112;;0
402656;12;24;44;222;;0
402888;12;24;44;222;;0
403686;11;18;34;113;;0
403902;11;18;34;113;;0
404693;5;19;18;123;;0
404911;5;19;18;123;;0
405195;6;10;20;63;;0
405693;16;34;75;287;;0
405925;16;34;75;287;;0
406721;5;5;12;55;;0
406936;5;5;12;55;;0
407236;9;11;35;116;;0
407735;14;20;46;164;;0
407949;14;20;46;164;;0
408248;5;6;19;54;;0
408957;5;6;19;54;;0
409272;15;27;41;195;;0
409786;23;34;57;262;;0
409970;23;34;57;262;;0
410812;4;5;14;70;;0
410982;4;5;14;70;;0
411329;5;17;12;74;;0
411988;5;17;12;74;;0
412338;8;10;12;63;;0
412851;13;18;28;122;;0
413003;13;18;28;122;;0
413867;2;7;9;52;;0
414003;2;7;9;52;;0
414882;4;5;12;55;;0
415004;4;5;12;55;;0
415394;9;12;21;78;;0
415912;17;35;48;196;;0
416016;17;35;48;196;;0
416424;19;31;35;235;;0
417030;19;31;35;235;;0
417455;11;16;27;135;;0
418044;11;16;27;135;;0
418546;8;26;47;218;;0
419056;8;26;47;218;;0
419573;6;13;15;57;;0
420070;6;13;15;57;;0
420577;12;16;25;128;;0
421076;12;16;25;128;;0
421080;22;23;42;215;;0
421593;3;11;9;55;;0
422087;3;11;9;55;;0
422104;22;42;47;261;;0
423091;0;0;0;0;;0
423107;9;16;32;121;;0
424091;0;0;0;0;;0
424124;5;15;16;121;;0
425102;0;0;0;0;;0
425151;11;30;46;223;;0
425665;5;16;20;96;;0
426113;5;16;20;96;;0
426179;15;28;47;202;;0
426693;6;15;27;137;;0
427128;6;15;27;137;;0
427209;6;30;43;201;;0
427709;11;19;39;134;;0
428142;11;19;39;134;;0
428718;5;13;14;79;;0
429151;5;13;14;79;;0
429222;3;10;30;161;;0
430151;3;10;0;0;;0
430235;4;9;9;91;;0
430743;13;42;52;185;;0
431162;13;42;52;185;;0
431756;21;31;45;229;;0
432172;21;31;45;229;;0
432769;8;11;29;122;;0
433185;8;11;29;122;;0
433269;5;5;52;225;;0
434197;5;5;0;0;;0
434281;8;16;20;124;;0
435210;8;16;0;0;;0
435292;11;37;36;123;;0
435804;16;8;11;65;;0
436222;16;8;11;65;;0
436306;9;18;50;188;;0
437234;9;18;0;0;;0
437319;21;31;54;196;;0
437828;29;38;17;77;;0
438246;29;38;17;77;;0
438331;7;11;34;151;;0
438841;13;23;18;60;;0
439256;13;23;18;60;;0
439848;12;21;33;179;;0
440269;12;21;33;179;;0
440851;2;17;13;63;;0
441273;2;17;13;63;;0
441355;5;36;26;150;;0
441855;20;26;40;186;;0
442275;20;26;40;186;;0
442358;8;40;68;311;;0
442871;14;6;12;45;;0
443289;14;6;12;45;;0
443373;16;38;61;302;;0
443882;22;44;9;50;;0
444301;22;44;9;50;;0
444895;5;13;23;85;;0
445316;5;13;23;85;;0
445397;4;11;33;163;;0
446327;4;11;0;0;;0
446410;13;16;35;155;;0
447340;13;16;0;0;;0
447423;6;17;30;112;;0
447932;17;32;17;100;;0
448350;17;32;17;100;;0
448431;8;18;34;185;;0
449351;8;18;0;0;;0
449447;6;34;30;142;;0
449947;17;28;20;124;;0
450365;17;28;20;124;;0
450449;2;9;38;191;;0
450959;7;27;21;105;;0
451374;7;27;21;105;;0
451457;15;39;47;347;;0
452378;15;39;47;0;;0
452475;1;7;17;66;;0
453389;1;7;17;66;;0
453500;16;20;27;144;;0
454002;22;37;53;253;;0
454389;22;37;53;253;;0
454513;15;35;49;218;;0
455403;15;35;49;218;;0
455543;20;26;44;191;;0
456044;29;39;63;285;;0
456413;29;39;63;285;;0
456554;5;10;11;91;;0
457427;5;10;11;91;;0
457584;5;20;26;109;;0
458094;13;31;49;204;;0
458437;13;31;49;204;;0
458596;12;18;26;138;;0
459111;17;38;44;276;;0
459448;17;38;44;276;;0
460127;10;17;25;94;;0
460456;10;17;25;94;;0
461131;21;30;46;261;;0
461456;21;30;46;261;;0
462145;5;5;14;39;;0
462470;5;5;14;39;;0
463175;7;14;20;85;;0
463483;7;14;20;85;;0
463687;7;7;9;58;;0
464195;17;26;33;197;;0
464493;17;26;33;197;;0
465205;9;13;18;106;;0
465497;9;13;18;106;;0
466222;14;19;28;177;;0
466513;14;19;28;177;;0
467247;8;7;19;55;;0
467524;8;7;19;55;;0
467760;5;13;24;99;;0
468275;6;18;33;152;;0
468536;6;18;33;152;;0
469303;11;27;39;183;;0
469550;11;27;39;183;;0
470317;7;7;20;89;;0
470563;7;7;20;89;;0
471321;2;4;8;60;;0
471568;2;4;8;60;;0
471820;3;7;4;50;;0
472321;9;17;21;107;;0
472567;9;17;21;107;;0
473349;4;10;8;69;;0
473579;4;10;8;69;;0
473852;7;21;30;131;;0
474363;14;26;45;177;;0
474592;14;26;45;177;;0
474873;8;20;16;108;;0
475373;19;44;54;223;;0
475606;19;44;54;223;;0
475880;8;11;32;90;;0
476379;17;23;56;181;;0
476612;17;23;56;181;;0
476880;9;6;10;61;;0
477385;17;25;32;178;;0
477622;17;25;32;178;;0
477889;3;8;11;61;;0
478623;3;8;11;61;;0
478905;9;15;30;119;;0
479420;12;22;50;200;;0
479636;12;22;50;200;;0
479934;12;9;44;109;;0
480447;17;31;66;257;;0
480650;17;31;66;257;;0
480948;6;10;16;73;;0
481449;9;15;21;121;;0
481664;9;15;21;121;;0
481948;4;23;30;123;;0
482668;4;23;30;123;;0
482953;6;17;19;124;;0
483455;12;38;35;219;;0
483673;12;38;35;219;;0
483971;8;14;20;118;;0
484686;8;14;20;118;;0
485000;5;14;16;69;;0
485700;5;14;16;69;;0
486029;13;26;34;222;;0
486544;20;36;50;325;;0
486714;20;36;50;325;;0
487060;7;7;35;147;;0
487726;7;7;35;147;;0
488085;23;58;90;369;;0
488600;33;81;115;500;;0
488740;33;81;115;500;;0
489116;4;16;23;134;;0
489753;4;16;23;134;;0
490131;23;40;45;208;;0
490753;23;40;45;208;;0
491158;8;24;33;147;;0
491766;8;24;33;147;;0
492186;12;19;25;122;;0
492778;12;19;25;122;;0
493218;36;39;93;376;;0
493730;47;59;128;500;;0
493790;47;59;128;500;;0
494742;2;16;11;52;;0
494803;2;16;11;52;;0
495255;6;8;14;61;;0
495812;6;8;14;61;;0
496282;3;5;10;55;;0
496797;10;24;27;143;;0
496824;10;24;27;143;;0
497824;4;14;27;76;;0
497826;4;14;27;76;;0
498337;27;49;95;346;;0
498835;27;49;95;346;;0
499349;7;14;36;138;;0
499844;7;14;36;138;;0
499850;20;32;71;311;;0
500849;0;0;0;0;;0
500865;7;16;26;134;;0
501367;6;18;18;124;;0
501862;6;18;18;124;;0
501865;17;36;46;321;;0
502377;3;10;18;98;;0
502870;3;10;18;98;;0
503388;3;13;18;100;;0
503883;3;13;18;100;;0
503887;8;19;39;159;;0
504889;0;0;0;0;;0
504906;8;20;16;68;;0
505408;5;16;8;97;;0
505892;5;16;8;97;;0
505908;14;37;35;232;;0
506906;0;0;0;0;;0
506922;15;29;45;188;;0
507437;7;15;19;97;;0
507913;7;15;19;97;;0
507945;16;24;39;177;;0
508458;4;6;12;49;;0
508924;4;6;12;49;;0
509487;8;12;19;83;;0
509938;8;12;19;83;;0
509987;10;18;36;145;;0
510939;0;0;0;0;;0
511004;6;10;14;63;;0
511521;3;14;21;100;;0
511952;3;14;21;100;;0
512534;3;7;2;49;;0
512966;3;7;2;49;;0
513561;3;6;16;53;;0
513976;3;6;16;53;;0
514568;9;16;25;119;;0
514985;9;16;25;119;;0
515070;11;18;50;253;;0
515582;16;39;25;146;;0
515999;16;39;25;146;;0
516082;19;34;55;322;;0
517014;19;34;0;0;;0
517108;11;16;23;97;;0
518026;11;16;23;97;;0
518138;7;20;35;200;;0
519037;7;20;35;200;;0
519164;9;17;25;119;;0
519680;18;26;43;202;;0
520052;18;26;43;202;;0
520697;9;14;22;114;;0
521067;9;14;22;114;;0
521211;6;10;18;63;;0
522082;6;10;18;63;;0
522238;10;32;35;241;;0
522754;22;52;59;358;;0
523094;22;52;59;358;;0
523783;11;23;40;159;;0
524109;11;23;40;159;;0
524789;12;15;31;119;;0
525113;12;15;31;119;;0
525299;9;18;27;117;;0
526122;9;18;27;117;;0
526328;11;12;23;87;;0
526839;15;17;36;144;;0
527135;15;17;36;144;;0
527855;9;28;27;125;;0
528149;9;28;27;125;;0
528354;5;9;4;43;;0
529158;5;9;4;43;;0
529378;8;15;29;96;;0
529890;18;30;48;197;;0
530170;18;30;48;197;;0
530391;2;17;31;103;;0
530904;9;39;69;277;;0
531181;9;39;69;277;;0
531418;6;15;13;54;;0
531931;19;30;40;186;;0
532196;19;30;40;186;;0
532437;8;28;42;184;;0
532951;20;39;65;294;;0
533211;20;39;65;294;;0
533464;8;18;25;113;;0
533966;16;31;50;244;;0
534216;16;31;50;244;;0
534471;7;19;30;129;;0
534972;31;59;95;455;;0
535223;31;59;95;455;;0
535477;37;60;143;512;;0
535995;90;148;300;1178;;0
536225;90;148;300;1178;;0
536998;56;93;170;1393;;0
537229;56;93;170;1393;;0
537513;21;34;74;1071;;0
538018;62;103;210;1642;;0
538235;62;103;210;1642;;0
538523;17;28;64;1274;;0
539240;17;28;64;1274;;0
539525;24;41;86;753;;0
540249;24;41;86;753;;0
540537;46;100;147;707;;0
541039;62;142;211;1027;;0
541257;62;142;211;1027;;0
542045;44;86;137;988;;0
542258;44;86;137;988;;0
543049;48;88;146;973;;0
543267;48;88;146;973;;0
543551;35;105;159;956;;0
544067;87;198;302;1668;;0
544279;87;198;302;1668;;0
544575;50;115;145;1945;;0
545075;71;164;205;2261;;0
545291;71;164;205;2261;;0
545577;32;70;131;2243;;0
546090;50;117;179;2479;;0
546305;50;117;179;2479;;0
546605;24;39;50;2141;;0
547320;24;39;50;2141;;0
547633;42;90;120;1838;;0
548149;77;188;272;2485;;0
548331;77;188;272;2485;;0
548660;41;69;123;2547;;0
549162;84;134;201;2989;;0
549345;84;134;201;2989;;0
549675;47;66;105;2934;;0
550358;47;66;105;2934;;0
550688;21;35;48;2402;;0
551190;60;107;165;2883;;0
551358;60;107;165;2883;;0
552205;29;68;92;2686;;0
552372;29;68;92;2686;;0
552714;43;102;156;2539;;0
553230;66;159;235;2852;;0
553381;66;159;235;2852;;0
553726;43;77;138;2838;;0
554393;43;77;138;2838;;0
554753;51;97;149;2777;;0
555404;51;97;149;2777;;0
555767;35;67;106;2609;;0
556419;35;67;106;2609;;0
556780;32;91;131;2386;;0
557285;63;131;227;2789;;0
557419;63;131;227;2789;;0
557794;45;103;155;2907;;0
558306;48;108;162;2932;;0
558427;48;108;162;2932;;0
558820;27;46;73;2617;;0
559439;27;46;73;2617;;0
559847;47;89;132;2448;;0
560361;71;164;215;2872;;0
560453;71;164;215;2872;;0
561391;18;41;60;2559;;0
561466;18;41;60;2559;;0
561906;21;61;62;1956;;0
562478;21;61;62;1956;;0
562917;51;99;150;1800;;0
563419;64;138;206;2030;;0
563493;64;138;206;2030;;0
563931;46;78;133;2039;;0
564445;62;130;207;2424;;0
564502;62;130;207;2424;;0
565455;58;96;157;2512;;0
565514;58;96;157;2512;;0
565958;26;36;54;2085;;0
566472;77;124;209;2791;;0
566514;77;124;209;2791;;0
566981;7;12;6;2263;;0
567495;48;119;161;2938;;0
567522;48;119;161;2938;;0
568517;41;93;172;2960;;0
568530;41;93;172;2960;;0
569031;20;35;62;2509;;0
569543;20;35;62;2509;;0
569546;51;100;156;2924;;0
570059;48;97;104;2774;;0
570553;48;97;104;2774;;0
570556;82;183;222;3281;;0
571070;33;53;77;3136;;0
571563;33;53;77;3136;;0
571568;79;157;220;3843;;0
572082;10;15;26;3445;;0
572565;10;15;26;3445;;0
572597;56;115;187;4138;;0
573111;57;76;157;4206;;0
573576;57;76;157;4206;;0
573609;102;182;307;4905;;0
574123;43;94;142;5217;;0
574586;43;94;142;5217;;0
574638;90;193;301;5912;;0
575139;43;86;169;6198;;0
575593;43;86;169;6198;;0
575643;96;172;318;6910;;0
576157;48;113;145;7190;;0
576595;48;113;145;7190;;0
576675;92;207;295;7902;;0
577187;38;66;100;7972;;0
577602;38;66;100;7972;;0
577685;89;157;250;8680;;0
578194;44;96;141;8895;;0
578615;44;96;141;8895;;0
578697;66;139;194;9158;;0
579195;52;84;151;9202;;0
579628;52;84;151;9202;;0
579710;106;181;303;9885;;0
580642;0;0;0;9475;;0
580723;46;92;112;9968;;0
581222;51;90;122;9808;;0
581643;51;90;122;9808;;0
581726;101;170;243;10468;;0
582227;42;74;157;10684;;0
582647;42;74;157;10684;;0
582729;91;187;295;11384;;0
583239;45;80;143;11621;;0
583658;45;80;143;11621;;0
583753;57;185;294;12308;;0
584254;111;77;157;12544;;0
584658;111;77;157;12544;;0
584760;27;132;230;12898;;0
585264;46;45;68;12710;;0
585660;46;45;68;12710;;0
585763;57;115;152;12545;;0
586273;91;187;247;13061;;0
586674;91;187;247;13061;;0
586774;31;71;370;13607;;0
587688;31;71;0;13255;;0
587789;46;94;107;13755;;0
588296;73;142;97;13342;;0
588698;73;142;97;13342;;0
588797;19;36;144;13553;;0
589310;71;145;168;13583;;0
589709;71;145;168;13583;;0
589809;33;84;319;14196;;0
590322;44;109;36;13962;;0
590710;44;109;36;13962;;0
590835;57;108;140;13846;;0
591352;84;170;221;14155;;0
591723;84;170;221;14155;;0
591866;51;86;128;14213;;0
592382;65;123;198;14453;;0
592736;65;123;198;14453;;0
592895;30;48;86;14221;;0
593397;86;145;233;14921;;0
593740;86;145;233;14921;;0
593899;52;98;160;15075;;0
594413;106;184;311;15784;;0
594754;106;184;311;15784;;0
594928;37;88;152;15999;;0
595441;63;148;230;16370;;0
595764;63;148;230;16370;;0
595956;36;44;81;16195;;0
596779;36;44;81;16195;;0
596969;25;25;54;15598;;0
597483;74;118;176;16212;;0
597791;74;118;176;16212;;0
597999;40;78;103;16114;;0
598805;40;78;103;16114;;0
599027;27;80;106;15804;;0
599528;56;149;170;16141;;0
599819;56;149;170;16141;;0
600554;49;77;114;16110;;0
600832;49;77;114;16110;;0
601071;43;89;153;16065;;0
601584;83;180;266;16659;;0
601845;83;180;266;16659;;0
602097;36;81;135;16809;;0
602609;98;179;256;17476;;0
602858;98;179;256;17476;;0
603110;14;43;40;17260;;0
603622;35;88;92;17504;;0
603885;35;88;92;17134;;370
604645;21;52;80;16781;;370
604894;21;52;80;16333;;818
605149;50;88;111;16076;;818
605891;50;88;111;15731;;1163
606159;57;92;154;15677;;1163
606661;108;185;308;16379;;1163
606877;108;185;308;16379;;1163
607175;45;90;152;16693;;1163
607690;98;185;303;17394;;1163
607889;98;185;303;17394;;1163
608204;36;69;140;17513;;1163
608704;78;176;305;18181;;1163
608931;78;176;305;17507;;1837
609218;47;98;157;17717;;1837
609933;47;98;157;17246;;2308
610245;31;68;72;16971;;2308
610758;86;162;231;17663;;2308
610943;86;162;231;17357;;2614
611271;45;99;144;17488;;2614
611782;74;157;208;17863;;2614
611937;74;157;208;17801;;2676
612296;11;37;68;17443;;2676
612810;65;111;191;17942;;2676
612952;65;111;191;17881;;2737
613311;41;81;124;17842;;2737
613826;60;133;182;18162;;2737
613981;60;133;182;17349;;3550
614340;25;59;84;17228;;3550
614854;53;139;189;17685;;3550
614986;53;139;189;17043;;4192
615882;47;104;150;17123;;4192
615978;47;104;150;16987;;4328
616390;16;26;58;16504;;4328
616903;63;118;186;17237;;4328
616978;63;118;186;17237;;4328
617413;60;104;143;17297;;4328
617918;93;185;269;17900;;4328
617996;93;185;269;17842;;4386
618418;21;67;76;17691;;4386
619005;21;67;76;17675;;4402
619427;32;82;84;17312;;4402
619944;67;158;202;17892;;4402
620004;67;158;202;17892;;4402
620960;20;41;68;17596;;4402
621025;20;41;68;17166;;4832
621462;50;103;156;16986;;4832
621975;73;152;218;17374;;4832
622024;73;152;218;17223;;4983
622476;36;91;130;17251;;4983
622988;96;177;253;17902;;4983
623046;96;177;253;17541;;5344
623487;37;70;124;17631;;5344
624030;37;70;124;17631;;5344
624517;31;66;79;17222;;5344
625032;31;66;79;17199;;5367
625534;42;104;133;17096;;5367
626036;42;104;133;17096;;5367
626039;78;181;230;17613;;5367
626553;42;78;144;17799;;5367
627092;42;78;144;16763;;6403
627096;72;130;223;17141;;6403
627611;49;110;151;17240;;6403
628079;49;110;151;16840;;6803
628124;76;173;246;17357;;6803
628638;27;46;64;17185;;6803
629101;27;46;64;16371;;7617
629147;62;136;194;16894;;7617
630069;0;0;0;16286;;7617
630163;36;66;94;16717;;7617
631097;0;0;0;15558;;7972
631193;54;101;143;16242;;7972
631705;47;87;143;16209;;7972
632095;47;87;143;16209;;7972
632208;35;163;252;16720;;7972
632722;61;35;50;16479;;7972
633129;61;35;50;16048;;8403
633737;42;72;97;15694;;8403
634122;42;72;97;15694;;8403
634236;34;92;98;15520;;8403
635130;34;92;98;15520;;8403
635242;51;99;252;16216;;8403
635759;98;195;150;16301;;8403
636131;98;195;150;16301;;8403
636259;52;94;128;16393;;8403
636774;78;121;209;16631;;8403
637181;78;121;209;15713;;9321
637803;47;79;112;15614;;9321
638143;47;79;112;15614;;9321
638830;16;44;70;15208;;9321
639156;16;44;70;15208;;9321
639346;20;51;91;14708;;9321
640173;20;51;91;14708;;9321
640346;33;62;96;14287;;9321
640857;67;136;217;14916;;9321
641181;67;136;217;14916;;9321
641370;24;31;57;14710;;9321
641884;66;142;205;15409;;9321
642202;66;142;205;15270;;9460
642402;46;96;157;15346;;9460
642911;99;179;274;15949;;9460
643209;99;179;274;15885;;9524
643424;37;76;128;15934;;9524
643939;70;147;224;16421;;9524
644224;70;147;224;16305;;9640
644443;47;105;135;16409;;9640
644950;61;154;225;16760;;9640
645260;61;154;225;16251;;10149
645454;26;42;80;16051;;10149
645958;76;145;238;16740;;10149
646237;76;145;238;16740;;10149
646460;24;59;88;16607;;10149
646960;69;145;218;17237;;10149
647303;69;145;218;16059;;11327
647473;46;102;154;16189;;11327
647975;58;141;204;16423;;11327
648256;58;141;204;16423;;11327
648480;44;100;154;16502;;11327
648987;72;164;258;16996;;11327
649272;72;164;258;16788;;11535
650014;33;53;80;16702;;11535
650278;33;53;80;16702;;11535
650512;17;33;50;16091;;11535
651014;43;108;145;16522;;11535
651277;43;108;145;16522;;11535
651530;52;103;137;16526;;11535
652041;98;186;293;17241;;11535
652302;98;186;293;16990;;11786
652543;50;97;160;17260;;11786
653044;95;172;298;17836;;11786
653295;95;172;298;17836;;11786
653550;52;76;139;18036;;11786
654324;52;76;139;17482;;12340
654569;57;87;127;17478;;12340
655071;89;154;239;17954;;12340
655323;89;154;239;17525;;12769
655583;12;33;50;17219;;12769
656097;64;134;201;17915;;12769
656328;64;134;201;17543;;13141
656609;22;46;48;17174;;13141
657112;52;98;146;17581;;13141
657317;52;98;146;17581;;13141
658120;24;62;98;17395;;13141
658319;24;62;98;17395;;13141
658633;33;44;82;16974;;13141
659333;33;44;82;16974;;13141
659637;58;105;138;16832;;13141
660152;101;202;303;17527;;13141
660335;101;202;303;17527;;13141
660653;46;86;112;17667;;13141
661350;46;86;112;17667;;13141
661679;43;82;118;17488;;13141
662194;84;163;253;18157;;13141
662372;84;163;253;18030;;13268
662695;25;31;84;17841;;13268
663207;82;120;208;18418;;13268
663402;82;120;208;17818;;13868
663723;14;33;70;17512;;13868
664235;68;115;188;18078;;13868
664411;68;115;188;17518;;14428
664751;48;92;166;17583;;14428
665250;76;151;264;17948;;14428
665392;76;151;264;17866;;14510
665750;17;39;67;17675;;14510
666416;17;39;67;17087;;15098
666756;51;61;107;16861;;15098
667426;51;61;107;16176;;15783
667759;45;76;121;15899;;15783
668397;45;76;121;15899;;15783
668791;43;88;136;15714;;15783
669413;43;88;136;15714;;15783
669819;37;59;101;15410;;15783
670319;85;174;263;16085;;15783
670423;85;174;263;16085;;15783
670834;42;101;140;16324;;15783
671346;51;124;161;16454;;15783
671470;51;124;161;15486;;16751
671849;43;81;132;15355;;16751
672356;66;141;215;15730;;16751
672460;66;141;215;15382;;17099
673366;31;39;70;15076;;17099
673458;31;39;70;15076;;17099
673872;48;100;130;14938;;17099
674376;91;199;278;15648;;17099
674474;91;199;278;15432;;17315
674879;19;55;55;15281;;17315
675393;52;135;143;15680;;17315
675479;52;135;143;15508;;17487
676407;34;96;126;15520;;17487
676496;34;96;126;15262;;17745
677420;20;44;59;14781;;17745
677497;20;44;59;14781;;17745
677936;42;84;123;14537;;17745
678448;93;174;276;15243;;17745
678509;93;174;276;15243;;17745
678962;28;64;77;15155;;17745
679477;69;137;238;15880;;17745
679536;69;137;238;15442;;18183
679975;39;102;151;15594;;18183
680490;86;180;261;16114;;18183
680533;86;180;261;16114;;18183
681507;48;83;138;16279;;18183
681547;48;83;138;15999;;18463
682509;29;54;98;15630;;18463
682550;29;54;98;15381;;18712
683025;13;35;39;14779;;18712
683528;52;109;151;15349;;18712
683543;52;109;151;15307;;18754
684533;60;99;133;15327;;18754
684565;60;99;133;14859;;19222
685033;37;62;109;14678;;19222
685547;50;97;167;14912;;19222
685549;50;97;167;14912;;19222
686060;43;68;131;14837;;19222
686560;43;68;131;14793;;19266
686563;60;98;177;15027;;19266
687079;44;98;131;15048;;19266
687561;44;98;131;15048;;19266
687579;66;138;192;15313;;19266
688563;0;0;0;14709;;19266
688598;46;101;137;15425;;19266
689102;50;106;154;15399;;19266
689570;50;106;154;15399;;19266
689605;100;191;294;16124;;19266
690107;52;87;132;16409;;19266
690609;52;87;132;15781;;19894
690612;66;134;198;16141;;19894
691598;0;0;0;15539;;19894
691631;66;103;147;16223;;19894
692132;54;94;162;16229;;19894
692598;54;94;162;16229;;19894
692647;110;200;300;16929;;19894
693161;20;47;97;16896;;19894
693613;20;47;97;16896;;19894
693661;48;100;163;17248;;19894
694172;26;30;54;16890;;19894
694649;26;30;54;16362;;20422
694674;57;122;185;16918;;20422
695190;17;49;79;16623;;20422
695638;17;49;79;16623;;20422
695704;28;95;133;16879;;20422
696648;0;0;0;16135;;20422
696716;55;93;141;16846;;20422
697232;55;103;130;16847;;20422
697649;55;103;130;16847;;20422
697729;109;192;289;17545;;20422
698242;49;94;135;17804;;20422
698687;49;94;135;17253;;20973
699271;21;35;52;16757;;20973
699707;21;35;52;15894;;21836
700302;27;54;95;15416;;21836
700676;27;54;95;15416;;21836
700805;79;158;260;16095;;21836
701318;47;109;154;16282;;21836
701686;47;109;154;16282;;21836
701815;92;212;285;17003;;21836
702331;20;65;79;16993;;21836
702700;20;65;79;16993;;21836
702844;74;155;236;17625;;21836
703354;50;93;149;17725;;21836
703708;50;93;149;17725;;21836
703869;54;195;292;18426;;21836
704380;99;95;156;18667;;21836
704751;99;95;156;18081;;22422
704883;55;88;160;18778;;22422
705380;118;187;314;18812;;22422
705737;118;187;314;18812;;22422
705883;40;72;450;19468;;22422
706759;40;72;0;19039;;22606
706896;61;176;150;19723;;22606
707405;104;98;131;19691;;22606
707776;104;98;131;19374;;22923
707905;24;49;207;19703;;22923
708834;24;49;0;17511;;24524
708922;45;88;148;17303;;24524
709436;95;178;306;18005;;24524
709775;95;178;306;18005;;24524
709947;29;60;91;17968;;24524
710451;56;117;188;18485;;24524
710775;56;117;188;18485;;24524
711472;50;76;129;18437;;24524
711811;50;76;129;17833;;25128
712477;14;39;59;17366;;25128
712791;14;39;59;17272;;25222
712989;37;91;112;16963;;25222
713490;69;160;196;17434;;25222
713801;69;160;196;17434;;25222
714517;29;54;71;17214;;25222
714822;29;54;71;17097;;25339
715533;52;93;143;16963;;25339
715827;52;93;143;16963;;25339
716050;27;68;93;16712;;25339
716563;71;146;219;17332;;25339
716842;71;146;219;17332;;25339
717577;35;71;92;17328;;25339
717872;35;71;92;16995;;25672
718092;19;40;52;16434;;25672
718590;49;105;135;16906;;25672
718856;49;105;135;16906;;25672
719092;36;70;96;16712;;25672
719602;86;161;242;17425;;25672
719864;86;161;242;17425;;25672
720117;34;97;126;17530;;25672
720628;49;128;174;17769;;25672
720885;49;128;174;17544;;25897
721129;41;66;96;17366;;25897
721928;41;66;96;16542;;26721
722146;62;103;148;16432;;26721
722645;108;184;262;17018;;26721
722891;108;184;262;17018;;26721
723160;12;36;62;16794;;26721
723671;36;85;141;17146;;26721
723969;36;85;141;15481;;28386
724672;54;97;147;15445;;28386
724928;54;97;147;14902;;28929
725174;30;60;70;14568;;28929
725691;71;167;196;15294;;28929
725917;71;167;196;15294;;28929
726200;8;20;23;14826;;28929
726717;65;105;159;15548;;28929
726930;65;105;159;15548;;28929
727229;46;110;159;15562;;28929
727742;93;205;331;16248;;28929
727948;93;205;331;16052;;29125
728256;39;97;147;16398;;29125
728770;92;183;291;17115;;29125
728990;92;183;291;16295;;29945
729284;43;105;146;16567;;29945
729796;81;177;260;17119;;29945
729987;81;177;260;16685;;30379
730312;41;80;131;16718;;30379
730825;68;144;220;17138;;30379
730978;68;144;220;17138;;30379
731324;36;77;120;17062;;30379
731839;79;162;238;17561;;30379
731991;79;162;238;17561;;30379
732341;35;76;93;17513;;30379
732855;75;153;200;18092;;30379
733012;75;153;200;17952;;30519
733365;52;110;155;18032;;30519
733876;82;156;262;18367;;30519
734009;82;156;262;18367;;30519
734388;22;30;44;18104;;30519
734903;37;64;107;18388;;30519
735023;37;64;107;18388;;30519
735412;35;55;100;18004;;30519
735928;76;130;228;18565;;30519
736041;76;130;228;18430;;30654
736442;51;112;129;18542;;30654
737051;51;112;129;18488;;30708
737455;49;100;175;18456;;30708
737958;87;182;262;18887;;30708
738056;87;182;262;18794;;30801
738470;12;48;45;18573;;30801
739084;12;48;45;18053;;31321
739497;31;116;134;17877;;31321
740000;41;140;175;18075;;31321
740081;41;140;175;17641;;31755
740505;14;42;65;17290;;31755
741008;28;83;121;17524;;31755
741071;28;83;121;17458;;31821
741511;15;30;49;16899;;31821
742075;15;30;49;16727;;31993
742536;39;67;107;16324;;31993
743054;77;117;189;16711;;31993
743079;77;117;189;16711;;31993
744065;44;105;141;16804;;31993
744092;44;105;141;16804;;31993
744578;47;97;149;16801;;31993
745095;63;127;204;17044;;31993
745097;63;127;204;17044;;31993
745607;16;42;62;16783;;31993
746103;16;42;62;16783;;31993
746107;71;135;200;17379;;31993
746622;43;96;104;17328;;31993
747176;43;96;104;15929;;33392
747181;76;162;199;16390;;33392
747682;50;103;144;16530;;33392
748135;50;103;144;16071;;33851
748196;91;173;243;16593;;33851
748712;29;96;140;16709;;33851
749137;29;96;140;16553;;34007
749227;73;192;295;17258;;34007
749740;52;112;147;17507;;34007
750189;52;112;147;16349;;35165
750255;106;229;311;17014;;35165
750768;35;115;160;17350;;35165
751177;35;115;160;16792;;35723
751283;83;218;306;17495;;35723
751784;59;94;132;17817;;35723
752183;59;94;132;17238;;36302
752284;109;185;285;17944;;36302
752798;54;110;141;18218;;36302
753205;54;110;141;17408;;37112
753312;101;209;309;18094;;37112
753827;54;95;153;18411;;37112
754191;54;95;153;18220;;37303
754341;104;188;303;18927;;37303
754851;42;105;148;19227;;37303
755202;42;105;148;18940;;37590
755349;85;210;278;19662;;37590
755863;56;95;143;19941;;37590
756232;56;95;143;19421;;38110
756376;108;191;295;20121;;38110
756890;27;28;71;20049;;38110
757230;27;28;71;19783;;38376
757404;33;89;175;20250;;38376
758239;33;0;0;19275;;38642
758416;51;97;125;19886;;38642
758929;96;214;270;19612;;38642
759234;96;214;270;19612;;38642
759428;43;97;435;20307;;38642
759942;92;188;144;20768;;38642
760238;92;188;144;20768;;38642
760442;27;50;64;20559;;38642
760957;46;111;161;20983;;38642
761248;46;111;161;20983;;38642
761468;11;31;65;20534;;38642
761982;81;126;202;21232;;38642
762259;81;126;202;21232;;38642
762493;5;9;6;20695;;38642
763010;54;114;157;21390;;38642
763272;54;114;157;21390;;38642
763510;19;37;72;21034;;38642
764013;36;65;127;21301;;38642
764288;36;65;127;21066;;38877
764513;21;64;83;20641;;38877
765280;21;64;83;20641;;38877
765516;22;38;75;20108;;38877
766289;22;38;75;20108;;38877
766543;39;75;124;19831;;38877
767057;75;179;243;20370;;38877
767307;75;179;243;20183;;39064
767568;31;51;90;20078;;39064
768326;31;51;90;19845;;39297
768583;24;67;75;19427;;39297
769096;52;104;150;19765;;39297
769385;52;104;150;18572;;40490
769597;16;40;57;18107;;40490
770110;34;70;119;18354;;40490
770383;34;70;119;17369;;41475
770625;48;112;147;17248;;41475
771140;102;194;294;17965;;41475
771417;102;194;294;16453;;42987
771643;64;82;157;16695;;42987
772145;105;137;258;17170;;42987
772392;105;137;258;16317;;43840
772657;38;79;113;16310;;43840
773396;38;79;113;15814;;44336
773676;60;87;144;15753;;44336
774179;101;187;300;16456;;44336
774409;101;187;300;15739;;45053
774676;47;109;131;16040;;45053
775180;94;214;270;16749;;45053
775433;94;214;270;15708;;46094
775694;11;39;43;15515;;46094
776198;54;126;193;16124;;46094
776397;54;126;193;16124;;46094
776700;40;105;163;16189;;46094
777212;89;200;306;16902;;46094
777412;89;200;306;16902;;46094
777727;63;90;164;17180;;46094
778237;74;123;213;17369;;46094
778421;74;123;213;17369;;46094
778752;35;86;150;17387;;46094
779480;35;86;150;16291;;47190
779776;34;66;93;16083;;47190
780277;77;143;207;16630;;47190
780446;77;143;207;16630;;47190
780789;47;82;126;16662;;47190
781461;47;82;126;16651;;47201
781806;32;87;140;16525;;47201
782319;61;151;227;16887;;47201
782473;61;151;227;16880;;47208
782819;35;59;87;16639;;47208
783491;35;59;87;16186;;47661
783850;51;91;152;16073;;47661
784364;103;188;294;16782;;47661
784484;103;188;294;16782;;47661
784866;16;25;52;16585;;47661
785380;55;83;145;17103;;47661
785498;55;83;145;17103;;47661
785889;49;113;136;17088;;47661
786399;99;208;278;17801;;47661
786507;99;208;278;17801;;47661
786916;70;101;146;18069;;47661
787416;118;193;308;18767;;47661
787527;118;193;308;18695;;47733
787917;51;108;145;19010;;47733
788429;101;215;305;19693;;47733
788540;101;215;305;19664;;47762
788943;57;87;151;19990;;47762
789458;124;179;287;20695;;47762
789558;124;179;287;20507;;47950
789967;44;93;146;20814;;47950
790482;93;178;317;21509;;47950
790584;93;178;317;21016;;48443
790993;18;42;56;20882;;48443
791507;73;141;219;21565;;48443
791619;73;141;219;20608;;49400
792014;16;20;36;20188;;49400
792516;25;39;60;20314;;49400
792599;25;39;60;19913;;49801
793026;3;9;30;19159;;49801
793545;20;46;80;19387;;49801
793606;20;46;80;18973;;50215
794567;4;9;6;18179;;50215
794610;4;9;6;17863;;50531
795071;22;57;89;17223;;50531
795596;22;57;89;17223;;50531
796087;32;40;69;16684;;50531
796605;32;40;69;16433;;50782
797096;5;10;21;15671;;50782
797630;5;10;21;15105;;51348
798112;10;10;14;14218;;51348
798609;10;10;14;14218;;51348
798614;13;21;22;14278;;51348
799115;10;16;27;13443;;51348
799609;10;16;27;13443;;51348
800126;15;21;39;12681;;51348
800609;15;21;39;12681;;51348
801142;4;16;19;11827;;51348
801613;4;16;19;11827;;51348
801646;20;45;61;12043;;51348
802615;0;0;0;11169;;51348
802661;3;13;10;11224;;51348
803177;9;17;29;10356;;51348
803624;9;17;29;10356;;51348
803691;16;28;47;10474;;51348
804202;20;40;38;9794;;51348
804633;20;40;38;9794;;51348
805224;11;18;26;9025;;51348
805643;11;18;26;9025;;51348
806237;6;18;27;8192;;51348
806683;6;18;27;6853;;52687
806752;13;36;55;6968;;52687
807266;6;19;24;6189;;52687
807678;6;19;24;5764;;53112
808279;8;34;39;4965;;53112
808683;8;34;39;4965;;53112
809296;1;5;7;4093;;53112
809696;1;5;7;4093;;53112
809810;3;12;23;4170;;53112
810711;0;0;0;3208;;53112
810822;8;23;42;3386;;53112
811323;11;16;28;2575;;53112
811726;11;16;28;2575;;53112
811836;19;24;56;2702;;53112
812738;0;0;0;1801;;53112
812851;3;7;11;1866;;53112
813753;0;0;0;887;;53112
813865;7;9;21;957;;53112
814365;5;7;9;76;;53106
814757;5;7;9;76;;53106
815387;22;33;64;212;;52203
815757;22;33;64;212;;52203
815887;33;51;91;341;;52203
816398;7;4;26;96;;51719
816765;7;4;26;96;;51719
816910;15;22;43;189;;51719
817778;0;0;0;0;;50988
817935;18;19;44;201;;50988
818790;0;0;0;0;;50270
818964;23;44;53;236;;50270
819478;10;9;22;90;;49626
819800;10;9;22;90;;49626
819989;21;29;66;263;;49626
820802;0;0;0;0;;49005
820992;6;17;13;88;;49005
821804;0;0;0;0;;48129
821995;5;14;16;65;;48129
822498;6;19;29;129;;47229
822808;6;19;29;129;;47229
823013;8;32;41;217;;47229
823525;1;8;9;63;;46527
823821;1;8;9;63;;46527
824040;6;27;35;173;;46527
824547;7;16;29;94;;45768
824826;7;16;29;94;;45768
825049;12;24;48;166;;45768
825549;12;13;25;95;;45018
825827;12;13;25;95;;45018
826063;20;29;47;183;;45018
826567;12;20;31;121;;44297
826828;12;20;31;121;;44297
827081;5;28;52;180;;44297
827592;10;21;20;109;;43569
827839;10;21;20;109;;43569
828093;30;35;69;365;;43569
828840;30;35;0;0;;43034
829107;11;18;41;122;;42099
829844;11;18;41;122;;42099
830109;11;17;32;114;;41291
830618;18;31;41;175;;41291
830849;18;31;41;175;;41291
831622;4;16;15;69;;40556
831857;4;16;15;69;;40556
832126;8;13;24;141;;39660
832633;17;33;53;245;;39660
832866;17;33;53;245;;39660
833136;6;20;26;113;;39008
833636;13;28;54;216;;39008
833869;13;28;54;216;;39008
834138;6;11;15;67;;38319
834649;21;40;64;269;;38319
834883;21;40;64;269;;38319
835148;6;14;29;96;;37713
835890;6;14;29;96;;37713
836155;5;17;28;132;;36858
836664;10;24;49;200;;36858
836896;10;24;49;200;;36858
837664;8;7;20;94;;36141
837911;8;7;20;94;;36141
838165;11;20;51;232;;36141
838666;17;14;30;125;;35452
838916;17;14;30;125;;35452
839168;5;22;45;188;;35452
839929;5;0;0;0;;34724
840185;22;29;58;233;;34724
840693;32;50;31;190;;34020
840943;32;50;31;190;;34020
841197;8;62;46;303;;34020
841956;8;0;0;0;;33463
842209;7;8;24;90;;33463
842958;7;8;0;0;;32585
843225;6;8;14;64;;31600
843739;11;18;26;101;;31600
843972;11;18;26;101;;31600
844764;10;8;9;66;;30756
844980;10;8;9;66;;30756
845265;4;14;17;85;;29849
845769;17;37;59;253;;29849
845984;17;37;59;253;;29849
846268;19;37;50;233;;29215
846998;19;37;50;233;;29215
847283;15;20;32;124;;28554
848006;15;20;32;124;;28554
848291;7;21;38;186;;27745
848805;15;46;75;360;;27745
849020;15;46;75;360;;27745
849319;5;2;16;58;;27241
849830;13;19;43;184;;27241
850024;13;19;43;184;;27241
850325;9;25;32;128;;26500
850827;15;36;52;217;;26500
851032;15;36;52;217;;26500
851334;7;20;38;126;;25820
851839;11;28;62;194;;25820
852042;11;28;62;194;;25820
852342;9;18;30;115;;25115
852849;16;28;43;184;;25115
853051;16;28;43;184;;25115
853355;27;55;72;318;;24386
853858;34;71;99;448;;24386
854057;34;71;99;448;;24386
854876;5;18;16;83;;24038
855059;5;18;16;83;;24038
855389;12;19;26;139;;23160
856073;12;19;26;139;;23160
856403;17;36;51;275;;22356
856918;34;79;106;516;;22356
857087;34;79;106;516;;22356
857418;7;14;19;80;;22091
858093;7;14;19;80;;22091
858436;9;24;38;202;;21211
858938;25;38;62;321;;21211
859107;25;38;62;321;;21211
859452;6;17;23;123;;20657
859965;33;67;106;465;;20657
860118;33;67;106;465;;20657
860981;7;14;30;116;;20328
861133;7;14;30;116;;20328
862000;13;15;32;118;;19495
862140;13;15;32;118;;19495
862504;2;14;9;66;;18673
863155;2;14;9;66;;18673
863517;4;7;9;48;;17764
864031;17;34;38;225;;17764
864168;17;34;38;225;;17764
864544;5;29;39;157;;17078
865056;12;39;63;252;;17078
865182;12;39;63;252;;17078
866070;9;23;35;193;;16444
866193;9;23;35;193;;16444
867084;2;16;24;108;;15704
867207;2;16;24;108;;15704
867597;11;14;19;95;;14854
868098;15;30;36;162;;14854
868223;15;30;36;162;;14854
868605;20;30;47;212;;14097
869232;20;30;47;212;;14097
869613;7;16;23;119;;13406
870238;7;16;23;119;;13406
870621;9;22;25;131;;12571
871244;9;22;25;131;;12571
871624;7;10;17;68;;11758
872125;14;30;48;176;;11758
872248;14;30;48;176;;11758
872630;6;13;22;98;;11026
873133;19;30;50;216;;11026
873256;19;30;50;216;;11026
874137;4;8;22;76;;10341
874259;4;8;22;76;;10341
874652;13;23;42;174;;9451
875267;13;23;42;174;;9451
875672;8;9;14;51;;8703
876277;8;9;14;51;;8703
876686;6;5;6;49;;7785
877189;16;21;30;178;;7785
877280;16;21;30;178;;7785
877691;5;10;13;53;;7030
878293;5;10;13;53;;7030
878703;11;21;37;129;;6111
879210;22;33;54;217;;6111
879302;22;33;54;217;;6111
879722;17;23;40;174;;5437
880316;17;23;40;174;;5437
880738;6;9;22;118;;4691
881251;11;22;45;212;;4691
881328;11;22;45;212;;4691
882277;7;21;36;174;;3981
882336;7;21;36;174;;3981
882790;6;9;9;53;;3219
883350;6;9;9;53;;3219
883818;6;14;18;104;;2296
884333;16;24;48;203;;2296
884362;16;24;48;203;;2296
884839;16;29;41;216;;1587
885356;17;33;56;268;;1587
885368;17;33;56;268;;1587
885865;11;16;18;120;;961
886380;11;16;18;120;;961
886381;16;29;44;217;;961
887394;0;0;0;0;;267
887397;15;29;33;167;;267
888405;0;0;0;0;;0
888407;22;40;74;351;;0
889420;0;0;0;0;;0
889422;12;26;40;175;;0
889939;9;9;16;92;;0
890433;9;9;16;92;;0
890951;4;5;25;78;;0
891447;4;5;25;78;;0
891963;6;14;14;84;;0
892459;6;14;14;84;;0
892463;9;24;33;139;;0
892974;23;62;81;332;;0
893471;23;62;81;332;;0
893992;6;11;24;103;;0
894473;6;11;24;103;;0
895007;6;25;45;172;;0
895486;6;25;45;172;;0
895503;12;39;71;316;;0
896016;6;8;19;74;;0
896498;6;8;19;74;;0
896531;10;17;38;116;;0
897513;0;0;0;0;;0
897545;22;47;60;338;;0
898524;0;0;0;0;;0
898571;9;15;15;86;;0
899083;3;5;12;43;;0
899524;3;5;12;43;;0
899589;23;28;49;219;;0
900537;0;0;0;0;;0
900601;11;25;37;180;;0
901544;0;0;0;0;;0
901624;14;21;33;121;;0
902124;4;16;40;132;;0
902558;4;16;40;132;;0
902639;15;41;70;282;;0
903572;0;0;0;0;;0
903653;12;20;34;157;;0
904168;7;13;25;107;;0
904582;7;13;25;107;;0
905182;3;9;14;69;;0
905584;3;9;14;69;;0
906208;7;12;22;127;;0
906595;7;12;22;127;;0
906723;10;30;42;210;;0
907235;8;16;21;87;;0
907606;8;16;21;87;;0
908251;5;6;18;88;;0
908609;5;6;18;88;;0
908753;11;12;29;135;;0
909623;0;0;0;0;;0
909769;2;7;3;49;;0
910281;5;9;10;76;;0
910636;5;9;10;76;;0
911308;9;9;19;71;;0
911636;9;9;19;71;;0
911824;22;30;40;168;;0
912338;5;13;25;102;;0
912644;5;13;25;102;;0
913352;4;9;21;99;;0
913657;4;9;21;99;;0
913863;3;13;32;145;;0
914375;6;15;10;81;;0
914667;6;15;10;81;;0
915386;5;8;23;92;;0
915677;5;8;23;92;;0
916388;15;15;40;146;;0
916683;15;15;40;146;;0
917396;11;34;35;177;;0
917690;11;34;35;177;;0
917895;11;10;53;257;;0
918408;23;52;47;264;;0
918703;23;52;47;264;;0
919420;8;21;39;173;;0
919715;8;21;39;173;;0
919922;1;31;49;229;;0
920436;4;8;9;52;;0
920716;4;8;9;52;;0
921456;7;21;25;125;;0
921718;7;21;25;125;;0
921967;5;12;14;84;;0
922728;5;12;14;84;;0
922981;12;20;45;197;;0
923494;18;35;58;296;;0
923743;18;35;58;296;;0
924007;18;32;56;232;;0
924756;18;32;56;232;;0
925038;6;23;52;205;;0
925765;6;23;52;205;;0
926054;7;27;35;171;;0
926567;14;53;65;339;;0
926766;14;53;65;339;;0
927572;16;38;41;254;;0
927775;16;38;41;254;;0
928073;4;10;19;74;;0
928587;13;17;41;176;;0
928786;13;17;41;176;;0
929599;6;9;18;100;;0
929799;6;9;18;100;;0
930114;20;53;101;457;;0
930629;26;72;130;551;;0
930812;26;72;130;551;;0
931141;3;10;13;75;;0
931821;3;10;13;75;;0
932158;9;24;29;135;;0
932668;11;32;39;194;;0
932836;11;32;39;194;;0
933182;7;6;15;72;;0
933695;13;30;65;238;;0
933849;13;30;65;238;;0
934724;9;17;26;116;;0
934862;9;17;26;116;;0
935239;23;44;84;359;;0
935738;28;52;103;431;;0
935874;28;52;103;431;;0
936766;4;18;19;82;;0
936887;4;18;19;82;;0
937779;0;8;10;57;;0
937902;0;8;10;57;;0
938282;6;22;33;110;;0
938792;27;56;76;326;;0
938913;27;56;76;326;;0
939291;8;18;22;87;;0
939806;16;34;48;228;;0
939926;16;34;48;228;;0
940835;13;37;36;177;;0
940925;13;37;36;177;;0
941348;8;16;19;121;;0
941856;13;23;41;220;;0
941934;13;23;41;220;;0
942877;7;24;17;125;;0
942936;7;24;17;125;;0
943903;21;37;58;306;;0
943948;21;37;58;306;;0
944410;9;11;21;101;;0
944914;15;22;33;153;;0
944959;15;22;33;153;;0
945420;9;24;35;122;;0
945965;9;24;35;122;;0
946439;6;5;10;60;;0
946955;24;30;49;284;;0
946967;24;30;49;284;;0
947981;0;0;0;0;;0
947984;4;21;30;132;;0
948495;7;17;30;96;;0
948990;7;17;30;96;;0
949006;9;28;42;164;;0
949507;14;26;40;227;;0
950001;14;26;40;227;;0
950017;17;35;57;298;;0
950525;6;9;12;38;;0
951014;6;9;12;38;;0
951030;9;14;27;107;;0
951535;17;26;35;178;;0
952018;17;26;35;178;;0
952546;12;19;29;126;;0
953017;12;19;29;126;;0
953053;18;23;46;184;;0
953565;1;6;11;44;;0
954018;1;6;11;44;;0
954567;6;13;17;81;;0
955035;6;13;17;81;;0
955068;12;25;33;155;;0
956045;0;0;0;0;;0
956094;5;31;50;238;;0
956609;5;12;33;127;;0
957058;5;12;33;127;;0
957638;6;6;13;58;;0
958070;6;6;13;58;;0
958150;11;22;36;195;;0
959082;0;0;0;0;;0
959163;10;12;19;110;;0
959675;10;12;23;77;;0
960093;10;12;23;77;;0
960704;11;23;33;119;;0
961104;11;23;33;119;;0
961731;6;9;10;54;;0
962117;6;9;10;54;;0
962244;8;17;26;104;;0
962756;6;15;26;111;;0
963127;6;15;26;111;;0
963266;10;20;32;157;;0
963766;3;5;8;47;;0
964138;3;5;8;47;;0
964281;6;14;27;109;;0
964790;8;6;5;42;;0
965145;8;6;5;42;;0
965817;3;11;13;69;;0
966158;3;11;13;69;;0
966830;8;13;22;109;;0
967171;8;13;22;109;;0
967858;21;32;69;236;;0
968183;21;32;69;236;;0
968375;30;35;82;301;;0
968886;4;13;22;93;;0
969193;4;13;22;93;;0
969912;11;18;26;119;;0
970195;11;18;26;119;;0
970417;6;30;49;248;;0
970916;11;12;22;113;;0
971195;11;12;22;113;;0
971947;11;47;51;231;;0
972210;11;47;51;231;;0
972958;2;9;16;77;;0
973221;2;9;16;77;;0
973959;5;14;29;128;;0
974225;5;14;29;128;;0
974464;10;34;54;231;;0
974973;13;12;18;94;;0
975235;13;12;18;94;;0
975990;12;27;54;219;;0
976238;12;27;54;219;;0
976491;8;11;22;103;;0
976995;11;19;36;182;;0
977243;11;19;36;182;;0
977497;14;13;17;101;;0
978246;14;13;17;101;;0
978513;14;20;34;197;;0
979030;24;30;60;328;;0
979247;24;30;60;328;;0
980047;15;33;39;232;;0
980262;15;33;39;232;;0
981071;5;14;12;67;;0
981270;5;14;12;67;;0
982084;8;35;36;185;;0
982283;8;35;36;185;;0
982596;14;34;46;252;;0
983285;14;34;46;252;;0
983601;9;18;26;130;;0
984111;19;39;37;236;;0
984293;19;39;37;236;;0
984626;19;47;59;322;;0
985309;19;47;59;322;;0
985640;15;30;51;190;;0
986154;20;50;70;288;;0
986323;20;50;70;288;;0
986652;11;23;39;134;;0
987169;18;31;54;205;;0
987336;18;31;54;205;;0
987669;2;7;16;49;;0
988338;2;7;16;49;;0
988670;2;8;17;59;;0
989173;5;20;37;111;;0
989341;5;20;37;111;;0
989686;8;15;27;123;;0
990355;8;15;27;123;;0
990703;5;9;14;73;;0
991215;10;13;34;141;;0
991369;10;13;34;141;;0
991730;3;9;7;68;;0
992368;3;9;7;68;;0
992745;8;18;21;113;;0
993247;18;40;68;315;;0
993370;18;40;68;315;;0
993761;7;14;13;85;;0
994262;15;20;30;164;;0
994385;15;20;30;164;;0
995288;5;15;15;75;;0
995395;5;15;15;75;;0
995804;8;34;46;184;;0
996396;8;34;46;184;;0
996809;17;27;39;192;;0
997405;17;27;39;192;;0
997829;23;28;56;225;;0
998338;28;40;72;282;;0
998413;28;40;72;282;;0
998837;12;17;22;98;;0
999339;16;25;33;159;;0
999417;16;25;33;159;;0
1000354;7;17;19;100;;0
1000430;7;17;19;100;;0
1000853;7;6;13;53;;0
1001353;19;33;71;299;;0
1001445;19;33;71;299;;0
1002381;19;36;59;210;;0
1002454;19;36;59;210;;0
1003408;8;14;20;96;;0
1003469;8;14;20;96;;0
1004438;4;8;15;65;;0
1004482;4;8;15;65;;0
1004939;10;15;28;156;;0
1005440;29;42;77;376;;0
1005483;29;42;77;376;;0
1006469;3;7;18;73;;0
1006484;3;7;18;73;;0
1006970;9;11;21;77;;0
1007485;9;11;21;77;;0
1007487;12;21;30;121;;0
1007999;16;48;72;303;;0
1008498;16;48;72;303;;0
1009012;2;6;11;67;;0
1009509;2;6;11;67;;0
1009511;7;15;22;108;;0
1010523;0;0;0;0;;0
1010526;16;39;43;203;;0
1011524;0;0;0;0;;0
1011527;7;22;26;135;;0
1012537;0;0;0;0;;0
1012542;13;44;68;311;;0
1013054;7;14;14;84;;0
1013551;7;14;14;84;;0
1013554;24;42;61;264;;0
1014553;0;0;0;0;;0
1014569;5;6;13;58;;0
1015083;8;20;15;97;;0
1015566;8;20;15;97;;0
1016097;5;20;26;138;;0
1016579;5;20;26;138;;0
1016611;8;30;38;189;;0
1017113;3;13;33;96;;0
1017581;3;13;33;96;;0
1017629;10;30;61;211;;0
1018594;0;0;0;0;;0
1018643;13;14;26;109;;0
1019157;11;28;28;152;;0
1019602;11;28;28;152;;0
1019666;14;40;37;198;;0
1020182;3;7;19;56;;0
1020615;3;7;19;56;;0
1020695;13;32;42;183;;0
1021198;8;12;14;95;;0
1021617;8;12;14;95;;0
1021715;20;35;38;215;;0
1022225;9;17;30;118;;0
1022617;9;17;30;118;;0
1023225;8;18;34;125;;0
1023630;8;18;34;125;;0
1023740;13;30;49;221;;0
1024644;0;0;0;0;;0
1024770;10;16;22;94;;0
1025657;0;0;0;0;;0
1025784;5;13;24;100;;0
1026669;0;0;0;0;;0
1026811;13;28;14;138;;0
1027326;6;12;18;91;;0
1027682;6;12;18;91;;0
1028341;4;20;28;86;;0
1028685;4;20;28;86;;0
1028856;16;40;42;193;;0
1029694;0;0;0;0;;0
1029883;7;7;14;83;;0
1030397;12;19;34;185;;0
1030708;12;19;34;185;;0
1030898;20;38;71;319;;0
1031397;15;29;36;153;;0
1031709;15;29;36;153;;0
1032427;16;23;40;193;;0
1032721;16;23;40;193;;0
1032941;27;40;76;321;;0
1033730;0;0;0;0;;0
1033968;15;51;53;292;;0
1034480;24;45;88;342;;0
1034745;24;45;88;342;;0
1034995;31;62;117;484;;0
1035509;13;18;24;130;;0
1035754;13;18;24;130;;0
1036537;10;30;48;237;;0
1036768;10;30;48;237;;0
1037037;6;17;61;316;;0
1037548;11;31;29;118;;0
1037780;11;31;29;118;;0
1038560;5;12;16;71;;0
1038791;5;12;16;71;;0
1039061;13;18;39;208;;0
1039571;16;29;25;74;;0
1039803;16;29;25;74;;0
1040588;20;30;41;247;;0
1040819;20;30;41;247;;0
1041601;4;24;31;125;;0
1041835;4;24;31;125;;0
1042103;3;32;43;196;;0
1042602;10;6;10;53;;0
1042835;10;6;10;53;;0
1043619;9;16;19;119;;0
1043849;9;16;19;119;;0
1044118;15;38;81;312;;0
1044630;24;41;13;45;;0
1044861;24;41;13;45;;0
1045132;9;31;47;247;;0
1045647;16;45;21;111;;0
1045862;16;45;21;111;;0
1046656;8;22;28;129;;0
1046874;8;22;28;129;;0
1047672;7;29;56;169;;0
1047888;7;29;56;169;;0
1048174;7;16;37;324;;0
1048684;16;30;58;94;;0
1048901;16;30;58;94;;0
1049187;21;27;112;298;;0
1049699;44;78;82;468;;0
1049918;44;78;82;468;;0
1050712;54;92;150;704;;0
1050927;54;92;150;704;;0
1051213;48;132;287;1387;;0
1051726;81;192;94;1212;;0
1051943;81;192;94;1212;;0
1052226;18;43;65;857;;0
1052728;39;83;125;1138;;0
1052956;39;83;125;1138;;0
1053742;47;96;158;1084;;0
1053957;47;96;158;1084;;0
1054256;55;102;165;1063;;0
1054770;109;200;303;1773;;0
1054971;109;200;303;1773;;0
1055284;38;81;123;1937;;0
1055801;87;171;271;2627;;0
1055984;87;171;271;2627;;0
1056311;42;66;112;2637;;0
1056825;84;162;280;3331;;0
1056993;84;162;280;3331;;0
1057338;17;22;39;3044;;0
1057840;36;70;122;3378;;0
1058008;36;70;122;3378;;0
1058353;14;34;57;2838;;0
1058867;53;126;192;3546;;0
1059021;53;126;192;3546;;0
1059367;41;39;80;3267;;0
1060035;41;39;80;3267;;0
1060399;56;74;118;2941;;0
1060909;66;112;166;3161;;0
1061048;66;112;166;3161;;0
1061924;29;87;105;3056;;0
1062060;29;87;105;3056;;0
1062438;49;92;148;2988;;0
1062952;102;214;281;3680;;0
1063072;102;214;281;3680;;0
1063466;21;51;50;3588;;0
1063980;64;123;144;4019;;0
1064087;64;123;144;4019;;0
1064986;59;86;161;4044;;0
1065091;59;86;161;4044;;0
1065486;47;93;155;4055;;0
1066001;81;147;248;4470;;0
1066091;81;147;248;4470;;0
1066501;42;96;158;4650;;0
1067015;90;189;311;5356;;0
1067108;90;189;311;5356;;0
1067517;34;52;79;5355;;0
1068122;34;52;79;5355;;0
1068543;29;50;58;4890;;0
1069058;50;103;144;5184;;0
1069134;50;103;144;5184;;0
1070074;30;71;104;4974;;0
1070147;30;71;104;4974;;0
1070588;26;79;143;4707;;0
1071100;48;129;207;5063;;0
1071161;48;129;207;5063;;0
1072131;42;66;105;4976;;0
1072174;42;66;105;4976;;0
1072631;30;63;94;4628;;0
1073175;30;63;94;4628;;0
1073661;50;110;153;4502;;0
1074173;93;216;300;5206;;0
1074175;93;216;300;5206;;0
1074673;56;87;149;5523;;0
1075186;56;87;149;5523;;0
1075188;73;122;218;5831;;0
1075700;18;36;58;5525;;0
1076197;18;36;58;5525;;0
1076202;64;135;192;6138;;0
1076715;46;76;133;6072;;0
1077211;46;76;133;6072;;0
1077727;46;105;159;6017;;0
1078225;46;105;159;6017;;0
1078230;62;144;211;6276;;0
1078742;46;75;119;6210;;0
1079224;46;75;119;6210;;0
1079757;47;91;161;6151;;0
1080238;47;91;161;6151;;0
1080255;102;197;316;6835;;0
1080771;30;75;101;6878;;0
1081252;30;75;101;6878;;0
1081270;82;178;244;7505;;0
1081784;47;78;122;7676;;0
1082265;47;78;122;7676;;0
1082299;75;142;203;8104;;0
1082799;34;57;130;8012;;0
1083278;34;57;130;8012;;0
1083310;63;116;251;8512;;0
1083826;15;35;67;8213;;0
1084278;15;35;67;8213;;0
1084327;35;69;112;8444;;0
1084839;62;103;127;8368;;0
1085288;62;103;127;8368;;0
1085352;66;112;137;8418;;0
1085865;49;99;136;8338;;0
1086299;49;99;136;8338;;0
1086377;97;213;287;9025;;0
1086891;13;38;57;8901;;0
1087308;13;38;57;8901;;0
1087404;59;140;201;9609;;0
1087906;5;2;13;9060;;0
1088322;5;2;13;9060;;0
1088420;22;37;58;9263;;0
1088933;14;33;39;8621;;0
1089336;14;33;39;8621;;0
1089449;54;126;188;9339;;0
1089960;1;3;7;8745;;0
1090337;1;3;7;8745;;0
1090465;49;101;163;9443;;0
1090968;35;87;118;9357;;0
1091341;35;87;118;9357;;0
1091995;47;69;147;9334;;0
1092354;47;69;147;9334;;0
1092497;50;76;158;9358;;0
1093013;49;78;94;9141;;0
1093354;49;78;94;9141;;0
1093513;73;128;184;9478;;0
1094366;0;0;0;8863;;0
1094538;54;118;147;9544;;0
1095052;24;56;79;9227;;0
1095376;24;56;79;9227;;0
1095550;67;115;199;9755;;0
1096064;45;69;122;9681;;0
1096391;45;69;122;9681;;0
1096566;96;166;270;10341;;0
1097078;55;103;144;10571;;0
1097401;55;103;144;10571;;0
1097591;112;198;299;11264;;0
1098092;46;93;143;11416;;0
1098417;46;93;143;11416;;0
1098603;79;164;228;11832;;0
1099106;46;105;163;11986;;0
1099431;46;105;163;11986;;0
1100130;16;41;51;11542;;0
1100439;16;41;51;11542;;0
1100642;48;95;120;11908;;0
1101156;45;68;98;11611;;0
1101450;45;68;98;11611;;0
1101672;51;169;214;12281;;0
1102187;81;42;93;12092;;0
1102464;81;42;93;12092;;0
1102688;25;56;205;12523;;0
1103477;25;56;0;11851;;0
1103702;19;88;46;12119;;0
1104480;19;0;0;11278;;0
1104701;36;65;89;11688;;0
1105213;70;82;127;11327;;0
1105492;70;82;127;11327;;0
1106227;39;55;107;11094;;0
1106507;39;55;107;11094;;0
1107241;23;48;61;10587;;0
1107522;23;48;61;10587;;0
1107740;21;41;43;9950;;0
1108256;68;134;213;10640;;0
1108536;68;134;213;10640;;0
1108756;15;28;34;10258;;0
1109258;63;129;188;10955;;0
1109539;63;129;188;10955;;0
1109761;32;48;85;10670;;0
1110541;32;48;85;10670;;0
1110761;49;111;148;10524;;0
1111275;77;159;216;10855;;0
1111554;77;159;216;10855;;0
1111779;41;87;129;10842;;0
1112281;78;146;228;11275;;0
1112559;78;146;228;11275;;0
1112781;31;81;97;11210;;0
1113282;54;127;183;11559;;0
1113562;54;127;183;11559;;0
1113781;17;34;62;11154;;0
1114297;58;114;169;11734;;0
1114572;58;114;169;11734;;0
1115324;38;84;116;11650;;0
1115586;38;84;116;11650;;0
1115838;52;106;155;11575;;0
1116353;108;214;288;12278;;0
1116597;108;214;288;12278;;0
1116852;41;83;121;12470;;0
1117611;41;83;121;12470;;0
1117864;47;94;133;12422;;0
1118378;72;138;225;12827;;0
1118624;72;138;225;12827;;0
1118895;63;88;175;12936;;0
1119405;102;192;290;13535;;0
1119636;102;192;290;13535;;0
1119921;21;43;62;13395;;0
1120435;43;97;143;13741;;0
1120652;43;97;143;13741;;0
1120949;12;42;65;13279;;0
1121451;53;101;196;13889;;0
1121666;53;101;196;13889;;0
1121964;37;75;103;13718;;0
1122466;72;142;228;14232;;0
1122679;72;142;228;14232;;0
1123490;43;113;146;14365;;0
1123689;43;113;146;14365;;0
1124004;47;102;142;14344;;0
1124504;69;140;201;14639;;0
1124691;69;140;201;14639;;0
1125006;32;82;147;14591;;0
1125693;32;82;147;14591;;0
1126022;19;30;40;14066;;0
1126538;50;79;141;14468;;0
1126703;50;79;141;14468;;0
1127566;58;102;137;14441;;0
1127719;58;102;137;14441;;0
1128077;40;109;118;14339;;0
1128591;97;187;238;14889;;0
1128728;97;187;238;14889;;0
1129617;54;105;142;15110;;0
1129737;54;105;142;15110;;0
1130121;40;94;137;15140;;0
1130631;99;200;268;15844;;0
1130738;99;200;268;15844;;0
1131136;44;93;134;16079;;0
1131738;44;93;134;16079;;0
1132153;16;44;58;15649;;0
1132665;40;109;145;16027;;0
1132741;40;109;145;16027;;0
1133183;56;99;159;16007;;0
1133693;101;175;302;16644;;0
1133754;101;175;302;16644;;0
1134196;46;123;126;16927;;0
1134708;95;214;267;17646;;0
1134767;95;214;267;17646;;0
1135210;45;103;156;17918;;0
1135722;46;108;162;17950;;0
1135828;46;108;162;16879;;1071
1136238;45;88;165;16897;;1071
1136752;60;111;210;17160;;1071
1136781;60;111;210;17160;;1071
1137257;23;65;91;16970;;1071
1137785;23;65;91;16970;;1071
1138271;41;83;112;16681;;1071
1138771;74;148;222;17230;;1071
1138792;74;148;222;16993;;1308
1139800;0;0;0;16437;;1308
1139802;36;84;123;17015;;1308
1140302;43;86;162;16967;;1308
1140814;43;86;162;16967;;1308
1140817;92;178;308;17680;;1308
1141319;30;69;115;17759;;1308
1141822;30;69;115;17596;;1471
1141825;68;165;250;18215;;1471
1142340;30;65;101;18177;;1471
1142850;30;65;101;17701;;1947
1142852;44;92;159;17932;;1947
1143366;34;75;101;17691;;1947
1143864;34;75;101;17028;;2610
1143869;60;161;209;17541;;2610
1144373;64;105;159;17643;;2610
1144856;64;105;159;17376;;2877
1144876;107;202;311;18084;;2877
1145377;33;78;102;18185;;2877
1145847;33;78;102;18185;;2877
1145879;62;109;178;18468;;2877
1146383;21;39;56;18101;;2877
1146849;21;39;56;18101;;2877
1146884;46;98;144;18564;;2877
1147388;52;115;148;18537;;2877
1147862;52;115;148;18360;;3054
1147887;104;223;305;19043;;3054
1148390;57;78;135;19386;;3054
1148866;57;78;135;19204;;3236
1148890;107;169;258;19766;;3236
1149395;48;86;100;19862;;3236
1149924;48;86;100;18702;;4396
1149926;80;153;209;19216;;4396
1150430;24;46;68;18908;;4396
1150880;24;46;68;18908;;4396
1150945;68;109;184;19432;;4396
1151458;61;96;163;19473;;4396
1151892;61;96;163;19197;;4672
1151959;73;121;203;19387;;4672
1152476;47;97;153;19487;;4672
1152890;47;97;153;19487;;4672
1152989;97;211;294;20182;;4672
1153502;55;108;141;20480;;4672
1153997;55;108;141;18681;;6471
1154002;106;210;298;19371;;6471
1154505;28;50;100;19413;;6471
1154915;28;50;100;19262;;6622
1155006;65;118;258;19879;;6622
1155522;49;76;117;19891;;6622
1155922;49;76;117;19637;;6876
1156037;93;170;267;20349;;6876
1156538;51;94;149;20585;;6876
1156921;51;94;149;20387;;7074
1157039;96;169;259;21067;;7074
1157552;17;30;46;20820;;7074
1157950;17;30;46;20335;;7559
1158554;33;60;89;19842;;7559
1158927;33;60;89;19842;;7559
1159557;19;32;64;19359;;7559
1159932;19;32;64;19359;;7559
1160061;54;117;208;19947;;7559
1160563;31;80;107;19744;;7559
1160974;31;80;107;19040;;8263
1161067;58;135;222;19528;;8263
1161566;15;46;74;19246;;8263
1161942;15;46;74;19212;;8297
1162570;24;80;96;18775;;8297
1162962;24;80;96;18466;;8606
1163072;75;170;217;19204;;8606
1163572;43;108;156;19359;;8606
1163947;43;108;156;19359;;8606
1164075;76;174;260;19819;;8606
1164588;41;89;132;19874;;8606
1165018;41;89;132;18747;;9733
1165603;15;54;67;18294;;9733
1165961;15;54;67;18294;;9733
1166119;25;97;146;18546;;9733
1166618;41;98;154;18521;;9733
1166994;41;98;154;18095;;10159
1167120;88;197;309;18794;;10159
1167635;57;115;149;19067;;10159
1167992;57;115;149;18742;;10484
1168135;109;224;314;19416;;10484
1168638;31;105;148;19779;;10484
1169010;31;105;148;18869;;11394
1169138;40;142;196;19102;;11394
1169639;53;102;141;19124;;11394
1170015;53;102;141;18420;;12098
1170640;21;50;68;18015;;12098
1170983;21;50;68;18015;;12098
1171155;60;138;191;18627;;12098
1171656;43;76;112;18506;;12098
1172015;43;76;112;17779;;12825
1172171;61;101;160;17998;;12825
1172671;51;115;150;17999;;12825
1173052;51;115;150;16690;;14134
1173185;104;211;293;17398;;14134
1173686;27;41;54;17315;;14134
1174004;27;41;54;17130;;14319
1174189;75;141;203;17833;;14319
1174691;49;92;163;17948;;14319
1175006;49;92;163;17912;;14355
1175193;96;189;301;18630;;14355
1175708;13;34;59;18452;;14355
1176098;13;34;59;16602;;16205
1176221;17;72;118;16865;;16205
1176724;32;55;78;16470;;16205
1177020;32;55;78;16470;;16205
1177730;22;32;55;15863;;16205
1178024;22;32;55;15863;;16205
1178231;34;55;132;16205;;16205
1178747;75;117;94;15942;;16205
1179028;75;117;94;15942;;16205
1179762;28;64;80;15585;;16205
1180041;28;64;80;15585;;16205
1180262;22;36;65;15007;;16205
1180764;30;79;115;15229;;16205
1181047;30;79;115;15229;;16205
1181264;19;36;67;14706;;16205
1182054;19;36;67;14706;;16205
1182276;23;42;73;14133;;16205
1182782;54;118;172;14599;;16205
1183065;54;118;172;14599;;16205
1183794;26;61;79;14330;;16205
1184075;26;61;79;14330;;16205
1184309;20;53;49;13835;;16205
1185082;20;53;49;13835;;16205
1185320;25;38;64;13239;;16205
1185823;74;144;215;13933;;16205
1186088;74;144;215;13933;;16205
1186326;43;115;172;14036;;16205
1186830;58;139;216;14219;;16205
1187095;58;139;216;14183;;16241
1187330;26;53;72;13988;;16241
1188129;26;53;72;13142;;17087
1188336;26;54;78;12649;;17087
1188855;78;159;232;13338;;17087
1189100;78;159;232;13338;;17087
1189354;25;55;79;13218;;17087
1190106;25;55;79;13218;;17087
1190357;43;104;139;13026;;17087
1190871;75;191;221;13545;;17087
1191117;75;191;221;13545;;17087
1191372;53;94;151;13647;;17087
1191873;73;129;197;13850;;17087
1192120;73;129;197;13850;;17087
1192376;47;89;145;13968;;17087
1192875;93;201;288;14570;;17087
1193157;93;201;288;13702;;17955
1193378;53;80;156;13995;;17955
1193882;74;122;233;14310;;17955
1194170;74;122;233;13160;;19105
1194383;51;101;143;13294;;19105
1194889;100;197;274;14018;;19105
1195140;100;197;274;13804;;19319
1195389;20;49;79;13721;;19319
1196138;20;49;79;13721;;19319
1196394;39;78;108;13366;;19319
1196906;88;191;271;14041;;19319
1197153;88;191;271;14041;;19319
1197420;44;95;168;14284;;19319
1197924;74;140;234;14630;;19319
1198156;74;140;234;14630;;19319
1198427;58;77;152;14771;;19319
1199163;58;77;152;14771;;19319
1199436;29;84;127;14722;;19319
1199937;73;176;256;15377;;19319
1200169;73;176;256;15377;;19319
1200952;44;90;141;15607;;19319
1201185;44;90;141;15607;;19319
1201452;5;5;16;14929;;19319
1201956;67;110;164;15614;;19319
1202188;67;110;164;15614;;19319
1202456;5;16;21;15080;;19319
1202958;19;51;72;15294;;19319
1203192;19;51;72;15294;;19319
1203461;49;110;146;15119;;19319
1203976;96;193;286;15718;;19319
1204193;96;193;286;15718;;19319
1204991;39;112;134;15982;;19319
1205208;39;112;134;15982;;19319
1205492;37;65;121;15780;;19319
1206221;37;65;121;15780;;19319
1206507;58;93;136;15716;;19319
1207020;90;159;258;16264;;19319
1207222;90;159;258;16264;;19319
1207536;37;51;103;16202;;19319
1208039;63;96;157;16467;;19319
1208225;63;96;157;16467;;19319
1208544;34;67;99;16233;;19319
1209231;34;67;99;16233;;19319
1209563;17;66;91;15888;;19319
1210244;17;66;91;15888;;19319
1210576;20;58;91;15476;;19319
1211082;55;129;188;15964;;19319
1211252;55;129;188;15964;;19319
1211585;33;61;95;15753;;19319
1212258;33;61;95;15753;;19319
1212591;38;86;144;15615;;19319
1213093;93;174;285;16331;;19319
1213286;93;174;285;15848;;19802
1213600;20;56;79;15760;;19802
1214101;71;149;235;16460;;19802
1214287;71;149;235;15938;;20324
1214613;23;70;95;15851;;20324
1215116;65;173;234;16567;;20324
1215282;65;173;234;16307;;20584
1215616;47;114;150;16468;;20584
1216126;106;210;293;17170;;20584
1216278;106;210;293;17170;;20584
1216641;56;90;153;17480;;20584
1217155;94;194;318;18173;;20584
1217356;94;194;318;16881;;21876
1217653;46;100;135;17206;;21876
1218154;87;197;298;17905;;21876
1218322;87;197;298;17606;;22175
1218670;60;93;156;17879;;22175
1219172;71;113;177;18015;;22175
1219323;71;113;177;17769;;22421
1219679;46;80;166;17838;;22421
1220184;100;176;333;18521;;22421
1220325;100;176;333;18505;;22437
1220687;53;110;161;18790;;22437
1221191;100;202;300;19512;;22437
1221351;100;202;300;19131;;22818
1221695;55;111;156;19411;;22818
1222202;119;219;313;20082;;22818
1222356;119;219;313;19670;;23230
1222715;49;103;126;20043;;23230
1223217;97;196;276;20752;;23230
1223365;97;196;276;20204;;23778
1223721;47;109;125;20492;;23778
1224228;79;189;240;21023;;23778
1224359;79;189;240;20855;;23946
1225386;0;0;0;19653;;24656
1226365;0;0;0;18631;;24678
1227375;0;0;0;17631;;24678
1228385;0;0;0;16631;;24678
1229398;0;0;0;15631;;24678
1230410;0;0;0;14631;;24678
1231422;0;0;0;13631;;24678
1232424;0;0;0;12631;;24678
1233438;0;0;0;11631;;24678
1234453;0;0;0;10631;;24678
1235461;0;0;0;9631;;24678
1236474;0;0;0;8631;;24678
1237489;0;0;0;7585;;24724
1238504;0;0;0;6585;;24724
1239504;0;0;0;5585;;24724
1240519;0;0;0;4195;;25114
1241525;0;0;0;3195;;25114
1242524;0;0;0;1954;;25355
1243538;0;0;0;441;;25868
1244540;0;0;0;0;;25309
1245548;0;0;0;0;;24309
1246561;0;0;0;0;;23309
1247573;0;0;0;0;;22309
1248587;0;0;0;0;;21309
1249598;0;0;0;0;;20309
1250598;0;0;0;0;;19309
1251611;0;0;0;0;;18309
1252611;0;0;0;0;;17309
1253626;0;0;0;0;;16309
1254640;0;0;0;0;;15309
1255653;0;0;0;0;;14309
1256665;0;0;0;0;;13309
1257680;0;0;0;0;;12309
1258692;0;0;0;0;;11309
1259695;0;0;0;0;;10309
1260706;0;0;0;0;;9309
1261708;0;0;0;0;;8309
1262708;0;0;0;0;;7309
1263720;0;0;0;0;;6309
1264728;0;0;0;0;;5309
1265741;0;0;0;0;;4309
1266752;0;0;0;0;;3309
1267766;0;0;0;0;;2309
1268780;0;0;0;0;;1309
1269791;0;0;0;0;;309
1270802;0;0;0;0;;0
1271815;0;0;0;0;;0
1272825;0;0;0;0;;0
1273836;0;0;0;0;;0
1274846;0;0;0;0;;0
1275858;0;0;0;0;;0
