Timestamp; Request; Recovered
560;1000;806;NaN;NaN;NaN;NaN;
1029;1000;425;NaN;NaN;NaN;NaN;
1540;1000;489;NaN;NaN;NaN;NaN;
2553;1000;498;NaN;NaN;NaN;NaN;
3052;1000;701;NaN;NaN;NaN;NaN;
3567;1000;571;NaN;NaN;NaN;NaN;
4076;1000;653;NaN;NaN;NaN;NaN;
5079;1000;902;NaN;NaN;NaN;NaN;
5594;1000;887;NaN;NaN;NaN;NaN;
6604;1000;937;NaN;NaN;NaN;NaN;
7103;1000;462;NaN;NaN;NaN;NaN;
8116;1000;1000;NaN;NaN;NaN;NaN;
8629;1000;348;NaN;NaN;NaN;NaN;
9130;1000;506;NaN;NaN;NaN;NaN;
9644;1000;1000;NaN;NaN;NaN;NaN;
10142;1000;833;NaN;NaN;NaN;NaN;
11155;1000;661;NaN;NaN;NaN;NaN;
11670;1000;800;NaN;NaN;NaN;NaN;
12167;1000;809;NaN;NaN;NaN;NaN;
12680;1000;667;NaN;NaN;NaN;NaN;
13694;1000;967;NaN;NaN;NaN;NaN;
14203;1000;536;NaN;NaN;NaN;NaN;
14704;1000;710;NaN;NaN;NaN;NaN;
15203;1000;462;NaN;NaN;NaN;NaN;
15718;1000;1000;NaN;NaN;NaN;NaN;
16233;1000;1000;NaN;NaN;NaN;NaN;
16742;1000;1000;NaN;NaN;NaN;NaN;
17243;1000;346;NaN;NaN;NaN;NaN;
17755;1000;559;NaN;NaN;NaN;NaN;
18256;1000;900;NaN;NaN;NaN;NaN;
19285;1000;600;NaN;NaN;NaN;NaN;
19799;1000;854;NaN;NaN;NaN;NaN;
20312;1000;1000;NaN;NaN;NaN;NaN;
20810;1000;404;NaN;NaN;NaN;NaN;
21326;1000;1000;NaN;NaN;NaN;NaN;
21838;1000;759;NaN;NaN;NaN;NaN;
22337;1000;726;NaN;NaN;NaN;NaN;
22848;1000;657;NaN;NaN;NaN;NaN;
23348;1000;1000;NaN;NaN;NaN;NaN;
23848;1000;1000;NaN;NaN;NaN;NaN;
24351;1000;826;NaN;NaN;NaN;NaN;
24866;1000;1000;NaN;NaN;NaN;NaN;
25367;1000;742;NaN;NaN;NaN;NaN;
25879;1000;407;NaN;NaN;NaN;NaN;
26898;1000;511;NaN;NaN;NaN;NaN;
27924;1000;1000;NaN;NaN;NaN;NaN;
28434;1000;1000;NaN;NaN;NaN;NaN;
28948;1000;1000;NaN;NaN;NaN;NaN;
29462;1000;1000;NaN;NaN;NaN;NaN;
29975;1000;897;NaN;NaN;NaN;NaN;
31003;1000;833;NaN;NaN;NaN;NaN;
32026;1000;1000;NaN;NaN;NaN;NaN;
32541;1000;1000;NaN;NaN;NaN;NaN;
33048;1000;878;NaN;NaN;NaN;NaN;
33548;1000;683;NaN;NaN;NaN;NaN;
34060;1000;701;NaN;NaN;NaN;NaN;
34574;1000;940;NaN;NaN;NaN;NaN;
35082;1000;818;NaN;NaN;NaN;NaN;
35595;1000;885;NaN;NaN;NaN;NaN;
36097;1000;1000;NaN;NaN;NaN;NaN;
36609;1000;1000;NaN;NaN;NaN;NaN;
37122;1000;257;NaN;NaN;NaN;NaN;
37636;1000;487;NaN;NaN;NaN;NaN;
38149;1000;834;NaN;NaN;NaN;NaN;
39178;1000;1000;NaN;NaN;NaN;NaN;
39693;1000;1000;NaN;NaN;NaN;NaN;
40204;1000;186;NaN;NaN;NaN;NaN;
40707;1000;837;NaN;NaN;NaN;NaN;
41219;1000;1000;NaN;NaN;NaN;NaN;
41736;1000;1000;NaN;NaN;NaN;NaN;
42245;1000;915;NaN;NaN;NaN;NaN;
42758;1000;1000;NaN;NaN;NaN;NaN;
43260;1000;1000;NaN;NaN;NaN;NaN;
43759;1000;308;NaN;NaN;NaN;NaN;
44273;1000;832;NaN;NaN;NaN;NaN;
44775;1000;902;NaN;NaN;NaN;NaN;
45789;1000;638;NaN;NaN;NaN;NaN;
46290;1000;899;NaN;NaN;NaN;NaN;
47304;1000;507;NaN;NaN;NaN;NaN;
47816;1000;865;NaN;NaN;NaN;NaN;
48332;1000;995;NaN;NaN;NaN;NaN;
49347;1000;614;NaN;NaN;NaN;NaN;
50364;1000;320;NaN;NaN;NaN;NaN;
50863;1000;673;NaN;NaN;NaN;NaN;
51380;1000;693;NaN;NaN;NaN;NaN;
51881;1000;711;NaN;NaN;NaN;NaN;
52382;1000;533;NaN;NaN;NaN;NaN;
53394;1000;946;NaN;NaN;NaN;NaN;
53895;1000;1000;NaN;NaN;NaN;NaN;
54412;1000;395;NaN;NaN;NaN;NaN;
54925;1000;684;NaN;NaN;NaN;NaN;
55441;1000;1000;NaN;NaN;NaN;NaN;
55956;1000;1000;NaN;NaN;NaN;NaN;
56469;1000;1000;NaN;NaN;NaN;NaN;
56983;1000;1000;NaN;NaN;NaN;NaN;
57493;1000;1000;NaN;NaN;NaN;NaN;
58008;1000;1000;NaN;NaN;NaN;NaN;
58524;1000;1000;NaN;NaN;NaN;NaN;
59037;1000;1000;NaN;NaN;NaN;NaN;
59550;1000;1000;NaN;NaN;NaN;NaN;
60053;1000;731;NaN;NaN;NaN;NaN;
60555;1000;328;NaN;NaN;NaN;NaN;
61057;1000;765;NaN;NaN;NaN;NaN;
62073;1000;475;NaN;NaN;NaN;NaN;
62588;1000;1000;NaN;NaN;NaN;NaN;
63089;1000;1000;NaN;NaN;NaN;NaN;
63600;1000;520;NaN;NaN;NaN;NaN;
64116;1000;976;NaN;NaN;NaN;NaN;
64629;1000;659;NaN;NaN;NaN;NaN;
65145;1000;613;NaN;NaN;NaN;NaN;
66161;1000;1000;NaN;NaN;NaN;NaN;
66677;1000;1000;NaN;NaN;NaN;NaN;
67191;1000;628;NaN;NaN;NaN;NaN;
68217;1000;999;NaN;NaN;NaN;NaN;
69233;1000;342;NaN;NaN;NaN;NaN;
69733;1000;494;NaN;NaN;NaN;NaN;
70747;1000;932;NaN;NaN;NaN;NaN;
71758;1000;1000;NaN;NaN;NaN;NaN;
72274;1000;1000;NaN;NaN;NaN;NaN;
72772;1000;539;NaN;NaN;NaN;NaN;
73283;1000;554;NaN;NaN;NaN;NaN;
74296;1000;771;NaN;NaN;NaN;NaN;
74796;1000;606;NaN;NaN;NaN;NaN;
75865;1000;1000;NaN;NaN;NaN;NaN;
76375;1000;1000;NaN;NaN;NaN;NaN;
76881;1000;828;NaN;NaN;NaN;NaN;
77383;1000;985;NaN;NaN;NaN;NaN;
77885;1000;425;NaN;NaN;NaN;NaN;
78900;1000;580;NaN;NaN;NaN;NaN;
79414;1000;981;NaN;NaN;NaN;NaN;
79916;1000;852;NaN;NaN;NaN;NaN;
80922;1000;390;NaN;NaN;NaN;NaN;
81930;1000;591;NaN;NaN;NaN;NaN;
82430;1000;1000;NaN;NaN;NaN;NaN;
82945;1000;826;NaN;NaN;NaN;NaN;
83449;1000;533;NaN;NaN;NaN;NaN;
84452;1000;1000;NaN;NaN;NaN;NaN;
84966;1000;667;NaN;NaN;NaN;NaN;
85480;1000;362;NaN;NaN;NaN;NaN;
86480;1000;688;NaN;NaN;NaN;NaN;
86995;1000;666;NaN;NaN;NaN;NaN;
88023;1000;686;NaN;NaN;NaN;NaN;
88538;1000;876;NaN;NaN;NaN;NaN;
89052;1000;363;NaN;NaN;NaN;NaN;
90055;1000;590;NaN;NaN;NaN;NaN;
90570;1000;679;NaN;NaN;NaN;NaN;
91084;1000;359;NaN;NaN;NaN;NaN;
92100;1000;1000;NaN;NaN;NaN;NaN;
92599;1000;296;NaN;NaN;NaN;NaN;
93115;1000;1000;NaN;NaN;NaN;NaN;
93630;1000;248;NaN;NaN;NaN;NaN;
94146;1000;991;NaN;NaN;NaN;NaN;
94647;1000;372;NaN;NaN;NaN;NaN;
95162;1000;806;NaN;NaN;NaN;NaN;
95678;1000;1000;NaN;NaN;NaN;NaN;
96190;1000;304;NaN;NaN;NaN;NaN;
96705;1000;1000;NaN;NaN;NaN;NaN;
97218;1000;470;NaN;NaN;NaN;NaN;
97729;1000;825;NaN;NaN;NaN;NaN;
98245;1000;576;NaN;NaN;NaN;NaN;
98746;1000;518;NaN;NaN;NaN;NaN;
99259;1000;667;NaN;NaN;NaN;NaN;
100275;1000;1000;NaN;NaN;NaN;NaN;
100789;1000;326;NaN;NaN;NaN;NaN;
101289;1000;525;NaN;NaN;NaN;NaN;
102320;1000;1000;NaN;NaN;NaN;NaN;
102835;1000;557;NaN;NaN;NaN;NaN;
103334;1000;725;NaN;NaN;NaN;NaN;
104350;1000;728;NaN;NaN;NaN;NaN;
104853;1000;532;NaN;NaN;NaN;NaN;
105370;1000;734;NaN;NaN;NaN;NaN;
105882;1000;1000;NaN;NaN;NaN;NaN;
106393;1000;1000;NaN;NaN;NaN;NaN;
106894;1000;124;NaN;NaN;NaN;NaN;
107396;1000;398;NaN;NaN;NaN;NaN;
107911;1000;879;NaN;NaN;NaN;NaN;
108425;1000;765;NaN;NaN;NaN;NaN;
109456;1000;652;NaN;NaN;NaN;NaN;
110470;1000;710;NaN;NaN;NaN;NaN;
111473;1000;715;NaN;NaN;NaN;NaN;
111979;1000;1000;NaN;NaN;NaN;NaN;
112491;1000;70;NaN;NaN;NaN;NaN;
113008;1000;1000;NaN;NaN;NaN;NaN;
113521;1000;1000;NaN;NaN;NaN;NaN;
114024;1000;1000;NaN;NaN;NaN;NaN;
114539;1000;1000;NaN;NaN;NaN;NaN;
115052;1000;1000;NaN;NaN;NaN;NaN;
115566;1000;1000;NaN;NaN;NaN;NaN;
116069;1000;364;NaN;NaN;NaN;NaN;
116572;1000;1000;NaN;NaN;NaN;NaN;
117082;1000;763;NaN;NaN;NaN;NaN;
117593;1000;1000;NaN;NaN;NaN;NaN;
118107;1000;800;NaN;NaN;NaN;NaN;
118607;1000;1000;NaN;NaN;NaN;NaN;
119110;1000;624;NaN;NaN;NaN;NaN;
120121;1000;1000;NaN;NaN;NaN;NaN;
120636;1000;613;NaN;NaN;NaN;NaN;
121649;1000;733;NaN;NaN;NaN;NaN;
122186;1000;379;NaN;NaN;NaN;NaN;
122681;1000;940;NaN;NaN;NaN;NaN;
123693;1000;799;NaN;NaN;NaN;NaN;
124193;1000;917;NaN;NaN;NaN;NaN;
125221;1000;1000;NaN;NaN;NaN;NaN;
125730;1000;435;NaN;NaN;NaN;NaN;
126231;1000;1000;NaN;NaN;NaN;NaN;
126733;1000;1000;NaN;NaN;NaN;NaN;
127247;1000;832;NaN;NaN;NaN;NaN;
128245;1000;765;NaN;NaN;NaN;NaN;
128758;1000;883;NaN;NaN;NaN;NaN;
129271;1000;1000;NaN;NaN;NaN;NaN;
129787;1000;1000;NaN;NaN;NaN;NaN;
130286;1000;884;NaN;NaN;NaN;NaN;
130799;1000;956;NaN;NaN;NaN;NaN;
131298;1000;523;NaN;NaN;NaN;NaN;
131810;1000;399;NaN;NaN;NaN;NaN;
132827;1000;1000;NaN;NaN;NaN;NaN;
133325;1000;1000;NaN;NaN;NaN;NaN;
133842;1000;1000;NaN;NaN;NaN;NaN;
134395;1000;983;NaN;NaN;NaN;NaN;
135411;1000;585;NaN;NaN;NaN;NaN;
135912;1000;1000;NaN;NaN;NaN;NaN;
136431;1000;1000;NaN;NaN;NaN;NaN;
136942;1000;1000;NaN;NaN;NaN;NaN;
137460;1000;1000;NaN;NaN;NaN;NaN;
137972;1000;706;NaN;NaN;NaN;NaN;
138472;1000;947;NaN;NaN;NaN;NaN;
139501;1000;512;NaN;NaN;NaN;NaN;
140015;1000;802;NaN;NaN;NaN;NaN;
140513;1000;359;NaN;NaN;NaN;NaN;
141017;1000;1000;NaN;NaN;NaN;NaN;
141516;1000;630;NaN;NaN;NaN;NaN;
142030;1000;331;NaN;NaN;NaN;NaN;
142533;1000;395;NaN;NaN;NaN;NaN;
143046;1000;467;NaN;NaN;NaN;NaN;
144063;1000;527;NaN;NaN;NaN;NaN;
144574;1000;547;NaN;NaN;NaN;NaN;
145591;1000;758;NaN;NaN;NaN;NaN;
146104;1000;567;NaN;NaN;NaN;NaN;
146605;1000;638;NaN;NaN;NaN;NaN;
147120;1000;921;NaN;NaN;NaN;NaN;
147631;1000;737;NaN;NaN;NaN;NaN;
148133;1000;543;NaN;NaN;NaN;NaN;
148646;1000;809;NaN;NaN;NaN;NaN;
149159;1000;471;NaN;NaN;NaN;NaN;
149672;1000;907;NaN;NaN;NaN;NaN;
150686;1000;881;NaN;NaN;NaN;NaN;
151200;1000;1000;NaN;NaN;NaN;NaN;
151713;1000;359;NaN;NaN;NaN;NaN;
152225;1000;760;NaN;NaN;NaN;NaN;
152740;1000;753;NaN;NaN;NaN;NaN;
153242;1000;527;NaN;NaN;NaN;NaN;
153755;1000;426;NaN;NaN;NaN;NaN;
154256;1000;322;NaN;NaN;NaN;NaN;
155271;1000;868;NaN;NaN;NaN;NaN;
155785;1000;333;NaN;NaN;NaN;NaN;
156299;1000;555;NaN;NaN;NaN;NaN;
156810;1000;743;NaN;NaN;NaN;NaN;
157313;1000;1000;NaN;NaN;NaN;NaN;
157824;1000;182;NaN;NaN;NaN;NaN;
158340;1000;381;NaN;NaN;NaN;NaN;
158841;1000;447;NaN;NaN;NaN;NaN;
159342;1000;587;NaN;NaN;NaN;NaN;
159840;1000;443;NaN;NaN;NaN;NaN;
160355;1000;772;NaN;NaN;NaN;NaN;
160869;1000;1000;NaN;NaN;NaN;NaN;
161380;1000;1000;NaN;NaN;NaN;NaN;
161899;1000;1000;NaN;NaN;NaN;NaN;
162410;1000;377;NaN;NaN;NaN;NaN;
163412;1000;936;NaN;NaN;NaN;NaN;
163912;1000;656;NaN;NaN;NaN;NaN;
164413;1000;1000;NaN;NaN;NaN;NaN;
164919;1000;1000;NaN;NaN;NaN;NaN;
165421;1000;533;NaN;NaN;NaN;NaN;
165923;1000;732;NaN;NaN;NaN;NaN;
166439;1000;832;NaN;NaN;NaN;NaN;
167465;1000;384;NaN;NaN;NaN;NaN;
167968;1000;369;NaN;NaN;NaN;NaN;
168482;1000;988;NaN;NaN;NaN;NaN;
168998;1000;1000;NaN;NaN;NaN;NaN;
169510;1000;639;NaN;NaN;NaN;NaN;
170022;1000;300;NaN;NaN;NaN;NaN;
170525;1000;1000;NaN;NaN;NaN;NaN;
171025;1000;104;NaN;NaN;NaN;NaN;
171534;1000;331;NaN;NaN;NaN;NaN;
172046;1000;612;NaN;NaN;NaN;NaN;
172559;1000;661;NaN;NaN;NaN;NaN;
173072;1000;725;NaN;NaN;NaN;NaN;
173585;1000;858;NaN;NaN;NaN;NaN;
174597;1000;1000;NaN;NaN;NaN;NaN;
175110;1000;511;NaN;NaN;NaN;NaN;
175613;1000;984;NaN;NaN;NaN;NaN;
176641;1000;935;NaN;NaN;NaN;NaN;
177154;1000;532;NaN;NaN;NaN;NaN;
177653;1000;698;NaN;NaN;NaN;NaN;
178167;1000;347;NaN;NaN;NaN;NaN;
179182;1000;301;NaN;NaN;NaN;NaN;
179698;1000;413;NaN;NaN;NaN;NaN;
180717;1000;898;NaN;NaN;NaN;NaN;
181742;1000;675;NaN;NaN;NaN;NaN;
182257;1000;568;NaN;NaN;NaN;NaN;
182758;1000;635;NaN;NaN;NaN;NaN;
183259;1000;1000;NaN;NaN;NaN;NaN;
183759;1000;1000;NaN;NaN;NaN;NaN;
184270;1000;1000;NaN;NaN;NaN;NaN;
184812;1000;859;NaN;NaN;NaN;NaN;
185315;1000;909;NaN;NaN;NaN;NaN;
185826;1000;685;NaN;NaN;NaN;NaN;
186343;1000;1000;NaN;NaN;NaN;NaN;
186854;1000;1000;NaN;NaN;NaN;NaN;
187356;1000;1000;NaN;NaN;NaN;NaN;
187862;1000;1000;NaN;NaN;NaN;NaN;
188361;1000;1000;NaN;NaN;NaN;NaN;
188873;1000;381;NaN;NaN;NaN;NaN;
189905;1000;1000;NaN;NaN;NaN;NaN;
190418;1000;518;NaN;NaN;NaN;NaN;
191444;1000;642;NaN;NaN;NaN;NaN;
192457;1000;711;NaN;NaN;NaN;NaN;
192973;1000;1000;NaN;NaN;NaN;NaN;
193486;1000;183;NaN;NaN;NaN;NaN;
193996;1000;407;NaN;NaN;NaN;NaN;
194512;1000;898;NaN;NaN;NaN;NaN;
195536;1000;476;NaN;NaN;NaN;NaN;
196050;1000;523;NaN;NaN;NaN;NaN;
197075;1000;362;NaN;NaN;NaN;NaN;
198090;1000;469;NaN;NaN;NaN;NaN;
198602;1000;698;NaN;NaN;NaN;NaN;
199118;1000;693;NaN;NaN;NaN;NaN;
200132;1000;734;NaN;NaN;NaN;NaN;
201159;1000;1000;NaN;NaN;NaN;NaN;
201672;1000;523;NaN;NaN;NaN;NaN;
202185;1000;871;NaN;NaN;NaN;NaN;
203196;1000;1000;NaN;NaN;NaN;NaN;
203710;1000;331;NaN;NaN;NaN;NaN;
204224;1000;482;NaN;NaN;NaN;NaN;
205248;1000;766;NaN;NaN;NaN;NaN;
206275;1000;1000;NaN;NaN;NaN;NaN;
206780;1000;984;NaN;NaN;NaN;NaN;
207792;1000;1000;NaN;NaN;NaN;NaN;
208306;1000;605;NaN;NaN;NaN;NaN;
208820;1000;662;NaN;NaN;NaN;NaN;
209321;1000;1000;NaN;NaN;NaN;NaN;
209835;1000;1000;NaN;NaN;NaN;NaN;
210345;1000;1000;NaN;NaN;NaN;NaN;
210849;1000;530;NaN;NaN;NaN;NaN;
211363;1000;1000;NaN;NaN;NaN;NaN;
211862;1000;856;NaN;NaN;NaN;NaN;
212892;1000;1000;NaN;NaN;NaN;NaN;
213407;1000;657;NaN;NaN;NaN;NaN;
213908;1000;622;NaN;NaN;NaN;NaN;
214420;1000;331;NaN;NaN;NaN;NaN;
214921;1000;579;NaN;NaN;NaN;NaN;
215948;1000;599;NaN;NaN;NaN;NaN;
216976;1000;889;NaN;NaN;NaN;NaN;
217491;1000;535;NaN;NaN;NaN;NaN;
218517;1000;1000;NaN;NaN;NaN;NaN;
219032;1000;156;NaN;NaN;NaN;NaN;
219530;1000;329;NaN;NaN;NaN;NaN;
220047;1000;1000;NaN;NaN;NaN;NaN;
220563;1000;580;NaN;NaN;NaN;NaN;
221064;1000;1000;NaN;NaN;NaN;NaN;
221574;1000;1000;NaN;NaN;NaN;NaN;
222075;1000;1000;NaN;NaN;NaN;NaN;
222590;1000;1000;NaN;NaN;NaN;NaN;
223091;1000;719;NaN;NaN;NaN;NaN;
223594;1000;394;NaN;NaN;NaN;NaN;
224107;1000;440;NaN;NaN;NaN;NaN;
225125;1000;817;NaN;NaN;NaN;NaN;
226139;1000;1000;NaN;NaN;NaN;NaN;
226649;1000;194;NaN;NaN;NaN;NaN;
227163;1000;611;NaN;NaN;NaN;NaN;
227663;1000;457;NaN;NaN;NaN;NaN;
228180;1000;788;NaN;NaN;NaN;NaN;
228686;1000;810;NaN;NaN;NaN;NaN;
229200;1000;1000;NaN;NaN;NaN;NaN;
229709;1000;1000;NaN;NaN;NaN;NaN;
230261;1000;163;NaN;NaN;NaN;NaN;
230766;1000;1000;NaN;NaN;NaN;NaN;
231280;1000;331;NaN;NaN;NaN;NaN;
231796;1000;766;NaN;NaN;NaN;NaN;
232295;1000;632;NaN;NaN;NaN;NaN;
232805;1000;734;NaN;NaN;NaN;NaN;
233306;1000;494;NaN;NaN;NaN;NaN;
233820;1000;355;NaN;NaN;NaN;NaN;
234321;1000;1000;NaN;NaN;NaN;NaN;
234832;1000;1000;NaN;NaN;NaN;NaN;
235333;1000;1000;NaN;NaN;NaN;NaN;
235843;1000;1000;NaN;NaN;NaN;NaN;
236346;1000;83;NaN;NaN;NaN;NaN;
236853;1000;567;NaN;NaN;NaN;NaN;
237357;1000;1000;NaN;NaN;NaN;NaN;
237869;1000;583;NaN;NaN;NaN;NaN;
238882;1000;468;NaN;NaN;NaN;NaN;
239895;1000;799;NaN;NaN;NaN;NaN;
240394;1000;374;NaN;NaN;NaN;NaN;
240906;1000;337;NaN;NaN;NaN;NaN;
241914;1000;371;NaN;NaN;NaN;NaN;
242416;1000;1000;NaN;NaN;NaN;NaN;
242926;1000;1000;NaN;NaN;NaN;NaN;
243427;1000;906;NaN;NaN;NaN;NaN;
243939;1000;1000;NaN;NaN;NaN;NaN;
244441;1000;1000;NaN;NaN;NaN;NaN;
244955;1000;1000;NaN;NaN;NaN;NaN;
245456;1000;407;NaN;NaN;NaN;NaN;
245968;1000;895;NaN;NaN;NaN;NaN;
246468;1000;577;NaN;NaN;NaN;NaN;
246978;1000;801;NaN;NaN;NaN;NaN;
247479;1000;1000;NaN;NaN;NaN;NaN;
247993;1000;1000;NaN;NaN;NaN;NaN;
248508;1000;1000;NaN;NaN;NaN;NaN;
249022;1000;1000;NaN;NaN;NaN;NaN;
249534;1000;1000;NaN;NaN;NaN;NaN;
250035;1000;1000;NaN;NaN;NaN;NaN;
250535;1000;1000;NaN;NaN;NaN;NaN;
251049;1000;824;NaN;NaN;NaN;NaN;
252073;1000;798;NaN;NaN;NaN;NaN;
253085;1000;936;NaN;NaN;NaN;NaN;
253597;1000;662;NaN;NaN;NaN;NaN;
254627;1000;1000;NaN;NaN;NaN;NaN;
255140;1000;929;NaN;NaN;NaN;NaN;
255651;1000;393;NaN;NaN;NaN;NaN;
256164;1000;909;NaN;NaN;NaN;NaN;
256680;1000;749;NaN;NaN;NaN;NaN;
257708;1000;849;NaN;NaN;NaN;NaN;
258735;1000;963;NaN;NaN;NaN;NaN;
259246;1000;748;NaN;NaN;NaN;NaN;
259748;1000;1000;NaN;NaN;NaN;NaN;
260262;1000;87;NaN;NaN;NaN;NaN;
260776;1000;889;NaN;NaN;NaN;NaN;
261791;1000;1000;NaN;NaN;NaN;NaN;
262305;1000;663;NaN;NaN;NaN;NaN;
262805;1000;435;NaN;NaN;NaN;NaN;
263829;1000;877;NaN;NaN;NaN;NaN;
264858;1000;823;NaN;NaN;NaN;NaN;
265358;1000;553;NaN;NaN;NaN;NaN;
265871;1000;1000;NaN;NaN;NaN;NaN;
266385;1000;1000;NaN;NaN;NaN;NaN;
266900;1000;1000;NaN;NaN;NaN;NaN;
267402;1000;1000;NaN;NaN;NaN;NaN;
267901;1000;1000;NaN;NaN;NaN;NaN;
268404;1000;821;NaN;NaN;NaN;NaN;
269409;1000;439;NaN;NaN;NaN;NaN;
269913;1000;96;NaN;NaN;NaN;NaN;
270930;1000;323;NaN;NaN;NaN;NaN;
271428;1000;347;NaN;NaN;NaN;NaN;
272449;1000;305;NaN;NaN;NaN;NaN;
273458;1000;112;NaN;NaN;NaN;NaN;
273964;1000;347;NaN;NaN;NaN;NaN;
274467;1000;336;NaN;NaN;NaN;NaN;
275475;1000;136;NaN;NaN;NaN;NaN;
275977;1000;65;NaN;NaN;NaN;NaN;
276480;1000;128;NaN;NaN;NaN;NaN;
276984;1000;209;NaN;NaN;NaN;NaN;
277488;1000;116;NaN;NaN;NaN;NaN;
277988;1000;151;NaN;NaN;NaN;NaN;
279015;1000;360;NaN;NaN;NaN;NaN;
279532;1000;86;NaN;NaN;NaN;NaN;
280045;1000;314;NaN;NaN;NaN;NaN;
280558;1000;100;NaN;NaN;NaN;NaN;
281070;1000;288;NaN;NaN;NaN;NaN;
281571;1000;109;NaN;NaN;NaN;NaN;
282072;1000;222;NaN;NaN;NaN;NaN;
282585;1000;158;NaN;NaN;NaN;NaN;
283599;1000;161;NaN;NaN;NaN;NaN;
284618;1000;129;NaN;NaN;NaN;NaN;
285636;1000;72;NaN;NaN;NaN;NaN;
286149;1000;161;NaN;NaN;NaN;NaN;
287162;1000;192;NaN;NaN;NaN;NaN;
288193;1000;168;NaN;NaN;NaN;NaN;
288708;1000;141;NaN;NaN;NaN;NaN;
289222;1000;195;NaN;NaN;NaN;NaN;
290225;1000;72;NaN;NaN;NaN;NaN;
290736;1000;101;NaN;NaN;NaN;NaN;
291250;1000;137;NaN;NaN;NaN;NaN;
292250;1000;127;NaN;NaN;NaN;NaN;
292763;1000;130;NaN;NaN;NaN;NaN;
293277;1000;117;NaN;NaN;NaN;NaN;
293790;1000;138;NaN;NaN;NaN;NaN;
294292;1000;140;NaN;NaN;NaN;NaN;
294791;1000;71;NaN;NaN;NaN;NaN;
295795;1000;158;NaN;NaN;NaN;NaN;
296305;1000;124;NaN;NaN;NaN;NaN;
296819;1000;232;NaN;NaN;NaN;NaN;
297328;1000;143;NaN;NaN;NaN;NaN;
297843;1000;327;NaN;NaN;NaN;NaN;
298355;1000;233;NaN;NaN;NaN;NaN;
299368;1000;143;NaN;NaN;NaN;NaN;
299869;1000;175;NaN;NaN;NaN;NaN;
300372;1000;78;NaN;NaN;NaN;NaN;
301376;1000;93;NaN;NaN;NaN;NaN;
301877;1000;124;NaN;NaN;NaN;NaN;
302905;1000;61;NaN;NaN;NaN;NaN;
303405;1000;98;NaN;NaN;NaN;NaN;
304419;1000;235;NaN;NaN;NaN;NaN;
305435;1000;74;NaN;NaN;NaN;NaN;
305937;1000;106;NaN;NaN;NaN;NaN;
306452;1000;79;NaN;NaN;NaN;NaN;
307477;1000;281;NaN;NaN;NaN;NaN;
307992;1000;167;NaN;NaN;NaN;NaN;
308506;1000;79;NaN;NaN;NaN;NaN;
309020;1000;120;NaN;NaN;NaN;NaN;
310047;1000;198;NaN;NaN;NaN;NaN;
311062;1000;173;NaN;NaN;NaN;NaN;
311573;1000;121;NaN;NaN;NaN;NaN;
312077;1000;150;NaN;NaN;NaN;NaN;
313088;1000;195;NaN;NaN;NaN;NaN;
313599;1000;320;NaN;NaN;NaN;NaN;
314608;1000;156;NaN;NaN;NaN;NaN;
315108;1000;178;NaN;NaN;NaN;NaN;
315624;1000;75;NaN;NaN;NaN;NaN;
316651;1000;94;NaN;NaN;NaN;NaN;
317675;1000;325;NaN;NaN;NaN;NaN;
318704;1000;88;NaN;NaN;NaN;NaN;
319218;1000;174;NaN;NaN;NaN;NaN;
320246;1000;343;NaN;NaN;NaN;NaN;
320749;1000;96;NaN;NaN;NaN;NaN;
321265;1000;178;NaN;NaN;NaN;NaN;
322279;1000;134;NaN;NaN;NaN;NaN;
322786;1000;79;NaN;NaN;NaN;NaN;
323289;1000;80;NaN;NaN;NaN;NaN;
324317;1000;113;NaN;NaN;NaN;NaN;
324817;1000;170;NaN;NaN;NaN;NaN;
325332;1000;195;NaN;NaN;NaN;NaN;
325845;1000;141;NaN;NaN;NaN;NaN;
326346;1000;81;NaN;NaN;NaN;NaN;
326847;1000;318;NaN;NaN;NaN;NaN;
327359;1000;160;NaN;NaN;NaN;NaN;
327862;1000;113;NaN;NaN;NaN;NaN;
328362;1000;236;NaN;NaN;NaN;NaN;
329378;1000;192;NaN;NaN;NaN;NaN;
330378;1000;146;NaN;NaN;NaN;NaN;
331409;1000;196;NaN;NaN;NaN;NaN;
332422;1000;103;NaN;NaN;NaN;NaN;
332923;1000;108;NaN;NaN;NaN;NaN;
333438;1000;108;NaN;NaN;NaN;NaN;
333952;1000;118;NaN;NaN;NaN;NaN;
334465;1000;99;NaN;NaN;NaN;NaN;
335490;1000;174;NaN;NaN;NaN;NaN;
336004;1000;200;NaN;NaN;NaN;NaN;
336518;1000;133;NaN;NaN;NaN;NaN;
337544;1000;193;NaN;NaN;NaN;NaN;
338057;1000;267;NaN;NaN;NaN;NaN;
338570;1000;288;NaN;NaN;NaN;NaN;
339070;1000;162;NaN;NaN;NaN;NaN;
339584;1000;66;NaN;NaN;NaN;NaN;
340095;1000;238;NaN;NaN;NaN;NaN;
340610;1000;173;NaN;NaN;NaN;NaN;
341635;1000;149;NaN;NaN;NaN;NaN;
342662;1000;214;NaN;NaN;NaN;NaN;
343179;1000;61;NaN;NaN;NaN;NaN;
344208;1000;262;NaN;NaN;NaN;NaN;
345215;1000;68;NaN;NaN;NaN;NaN;
345729;1000;279;NaN;NaN;NaN;NaN;
346241;1000;503;NaN;NaN;NaN;NaN;
346753;1000;149;NaN;NaN;NaN;NaN;
347767;1000;181;NaN;NaN;NaN;NaN;
348282;1000;159;NaN;NaN;NaN;NaN;
348797;1000;185;NaN;NaN;NaN;NaN;
349823;1000;109;NaN;NaN;NaN;NaN;
350336;1000;524;NaN;NaN;NaN;NaN;
350840;1000;156;NaN;NaN;NaN;NaN;
351354;1000;268;NaN;NaN;NaN;NaN;
351868;1000;158;NaN;NaN;NaN;NaN;
352882;1000;258;NaN;NaN;NaN;NaN;
353898;1000;149;NaN;NaN;NaN;NaN;
354412;1000;124;NaN;NaN;NaN;NaN;
354925;1000;163;NaN;NaN;NaN;NaN;
355939;1000;67;NaN;NaN;NaN;NaN;
356438;1000;81;NaN;NaN;NaN;NaN;
357439;1000;180;NaN;NaN;NaN;NaN;
357955;1000;90;NaN;NaN;NaN;NaN;
358456;1000;82;NaN;NaN;NaN;NaN;
358971;1000;314;NaN;NaN;NaN;NaN;
359472;1000;163;NaN;NaN;NaN;NaN;
359978;1000;147;NaN;NaN;NaN;NaN;
360490;1000;187;NaN;NaN;NaN;NaN;
361006;1000;158;NaN;NaN;NaN;NaN;
361515;1000;103;NaN;NaN;NaN;NaN;
362525;1000;287;NaN;NaN;NaN;NaN;
363539;1000;154;NaN;NaN;NaN;NaN;
364038;1000;113;NaN;NaN;NaN;NaN;
364550;1000;147;NaN;NaN;NaN;NaN;
365566;1000;143;NaN;NaN;NaN;NaN;
366577;1000;329;NaN;NaN;NaN;NaN;
367581;1000;134;NaN;NaN;NaN;NaN;
368092;1000;191;NaN;NaN;NaN;NaN;
369110;1000;74;NaN;NaN;NaN;NaN;
369626;1000;277;NaN;NaN;NaN;NaN;
370136;1000;151;NaN;NaN;NaN;NaN;
370637;1000;197;NaN;NaN;NaN;NaN;
371149;1000;317;NaN;NaN;NaN;NaN;
371651;1000;133;NaN;NaN;NaN;NaN;
372160;1000;190;NaN;NaN;NaN;NaN;
373171;1000;78;NaN;NaN;NaN;NaN;
373672;1000;173;NaN;NaN;NaN;NaN;
374183;1000;155;NaN;NaN;NaN;NaN;
374685;1000;205;NaN;NaN;NaN;NaN;
375194;1000;149;NaN;NaN;NaN;NaN;
375696;1000;284;NaN;NaN;NaN;NaN;
376708;1000;179;NaN;NaN;NaN;NaN;
377718;1000;137;NaN;NaN;NaN;NaN;
378232;1000;172;NaN;NaN;NaN;NaN;
378732;1000;165;NaN;NaN;NaN;NaN;
379746;1000;137;NaN;NaN;NaN;NaN;
380248;1000;187;NaN;NaN;NaN;NaN;
380751;1000;189;NaN;NaN;NaN;NaN;
381764;1000;81;NaN;NaN;NaN;NaN;
382274;1000;545;NaN;NaN;NaN;NaN;
382774;1000;69;NaN;NaN;NaN;NaN;
383787;1000;138;NaN;NaN;NaN;NaN;
384797;1000;128;NaN;NaN;NaN;NaN;
385313;1000;287;NaN;NaN;NaN;NaN;
386335;1000;62;NaN;NaN;NaN;NaN;
387347;1000;112;NaN;NaN;NaN;NaN;
387844;1000;131;NaN;NaN;NaN;NaN;
388859;1000;178;NaN;NaN;NaN;NaN;
389888;1000;184;NaN;NaN;NaN;NaN;
390405;1000;185;NaN;NaN;NaN;NaN;
390904;1000;247;NaN;NaN;NaN;NaN;
391416;1000;97;NaN;NaN;NaN;NaN;
392445;1000;153;NaN;NaN;NaN;NaN;
392959;1000;95;NaN;NaN;NaN;NaN;
393474;1000;155;NaN;NaN;NaN;NaN;
393988;1000;136;NaN;NaN;NaN;NaN;
394491;1000;316;NaN;NaN;NaN;NaN;
395508;1000;157;NaN;NaN;NaN;NaN;
396020;1000;159;NaN;NaN;NaN;NaN;
396535;1000;144;NaN;NaN;NaN;NaN;
397549;1000;131;NaN;NaN;NaN;NaN;
398062;1000;117;NaN;NaN;NaN;NaN;
398562;1000;93;NaN;NaN;NaN;NaN;
399078;1000;77;NaN;NaN;NaN;NaN;
399590;1000;90;NaN;NaN;NaN;NaN;
400104;1000;137;NaN;NaN;NaN;NaN;
400618;1000;102;NaN;NaN;NaN;NaN;
401130;1000;155;NaN;NaN;NaN;NaN;
401631;1000;89;NaN;NaN;NaN;NaN;
402143;1000;159;NaN;NaN;NaN;NaN;
402655;1000;143;NaN;NaN;NaN;NaN;
403685;1000;176;NaN;NaN;NaN;NaN;
404692;1000;165;NaN;NaN;NaN;NaN;
405194;1000;99;NaN;NaN;NaN;NaN;
405693;1000;313;NaN;NaN;NaN;NaN;
406720;1000;77;NaN;NaN;NaN;NaN;
407235;1000;171;NaN;NaN;NaN;NaN;
407734;1000;73;NaN;NaN;NaN;NaN;
408247;1000;84;NaN;NaN;NaN;NaN;
409271;1000;278;NaN;NaN;NaN;NaN;
409785;1000;98;NaN;NaN;NaN;NaN;
410811;1000;93;NaN;NaN;NaN;NaN;
411328;1000;108;NaN;NaN;NaN;NaN;
412337;1000;93;NaN;NaN;NaN;NaN;
412850;1000;88;NaN;NaN;NaN;NaN;
413866;1000;70;NaN;NaN;NaN;NaN;
414882;1000;76;NaN;NaN;NaN;NaN;
415394;1000;120;NaN;NaN;NaN;NaN;
415911;1000;176;NaN;NaN;NaN;NaN;
416423;1000;320;NaN;NaN;NaN;NaN;
417453;1000;189;NaN;NaN;NaN;NaN;
418544;1000;299;NaN;NaN;NaN;NaN;
419573;1000;91;NaN;NaN;NaN;NaN;
420576;1000;181;NaN;NaN;NaN;NaN;
421079;1000;121;NaN;NaN;NaN;NaN;
421592;1000;78;NaN;NaN;NaN;NaN;
422103;1000;294;NaN;NaN;NaN;NaN;
423106;1000;178;NaN;NaN;NaN;NaN;
424123;1000;157;NaN;NaN;NaN;NaN;
425150;1000;310;NaN;NaN;NaN;NaN;
425663;1000;137;NaN;NaN;NaN;NaN;
426177;1000;155;NaN;NaN;NaN;NaN;
426692;1000;185;NaN;NaN;NaN;NaN;
427207;1000;101;NaN;NaN;NaN;NaN;
427708;1000;197;NaN;NaN;NaN;NaN;
428717;1000;111;NaN;NaN;NaN;NaN;
429221;1000;111;NaN;NaN;NaN;NaN;
430234;1000;113;NaN;NaN;NaN;NaN;
430742;1000;279;NaN;NaN;NaN;NaN;
431755;1000;326;NaN;NaN;NaN;NaN;
432768;1000;170;NaN;NaN;NaN;NaN;
433267;1000;136;NaN;NaN;NaN;NaN;
434280;1000;168;NaN;NaN;NaN;NaN;
435290;1000;191;NaN;NaN;NaN;NaN;
435803;1000;89;NaN;NaN;NaN;NaN;
436304;1000;189;NaN;NaN;NaN;NaN;
437318;1000;302;NaN;NaN;NaN;NaN;
437827;1000;109;NaN;NaN;NaN;NaN;
438330;1000;109;NaN;NaN;NaN;NaN;
438839;1000;96;NaN;NaN;NaN;NaN;
439847;1000;245;NaN;NaN;NaN;NaN;
440851;1000;95;NaN;NaN;NaN;NaN;
441354;1000;124;NaN;NaN;NaN;NaN;
441854;1000;267;NaN;NaN;NaN;NaN;
442356;1000;175;NaN;NaN;NaN;NaN;
442870;1000;69;NaN;NaN;NaN;NaN;
443372;1000;360;NaN;NaN;NaN;NaN;
443881;1000;71;NaN;NaN;NaN;NaN;
444895;1000;126;NaN;NaN;NaN;NaN;
445396;1000;103;NaN;NaN;NaN;NaN;
446409;1000;219;NaN;NaN;NaN;NaN;
447423;1000;165;NaN;NaN;NaN;NaN;
447931;1000;143;NaN;NaN;NaN;NaN;
448430;1000;128;NaN;NaN;NaN;NaN;
449445;1000;194;NaN;NaN;NaN;NaN;
449946;1000;183;NaN;NaN;NaN;NaN;
450447;1000;96;NaN;NaN;NaN;NaN;
450958;1000;149;NaN;NaN;NaN;NaN;
451457;1000;343;NaN;NaN;NaN;NaN;
452474;1000;91;NaN;NaN;NaN;NaN;
453499;1000;207;NaN;NaN;NaN;NaN;
454001;1000;158;NaN;NaN;NaN;NaN;
454513;1000;317;NaN;NaN;NaN;NaN;
455542;1000;281;NaN;NaN;NaN;NaN;
456043;1000;135;NaN;NaN;NaN;NaN;
456553;1000;117;NaN;NaN;NaN;NaN;
457583;1000;160;NaN;NaN;NaN;NaN;
458094;1000;137;NaN;NaN;NaN;NaN;
458595;1000;194;NaN;NaN;NaN;NaN;
459110;1000;181;NaN;NaN;NaN;NaN;
460126;1000;146;NaN;NaN;NaN;NaN;
461130;1000;358;NaN;NaN;NaN;NaN;
462143;1000;63;NaN;NaN;NaN;NaN;
463173;1000;126;NaN;NaN;NaN;NaN;
463686;1000;81;NaN;NaN;NaN;NaN;
464193;1000;192;NaN;NaN;NaN;NaN;
465204;1000;146;NaN;NaN;NaN;NaN;
466221;1000;238;NaN;NaN;NaN;NaN;
467246;1000;89;NaN;NaN;NaN;NaN;
467760;1000;141;NaN;NaN;NaN;NaN;
468274;1000;68;NaN;NaN;NaN;NaN;
469302;1000;260;NaN;NaN;NaN;NaN;
470316;1000;123;NaN;NaN;NaN;NaN;
471320;1000;74;NaN;NaN;NaN;NaN;
471819;1000;64;NaN;NaN;NaN;NaN;
472320;1000;90;NaN;NaN;NaN;NaN;
473348;1000;91;NaN;NaN;NaN;NaN;
473851;1000;189;NaN;NaN;NaN;NaN;
474363;1000;73;NaN;NaN;NaN;NaN;
474873;1000;152;NaN;NaN;NaN;NaN;
475373;1000;188;NaN;NaN;NaN;NaN;
475876;1000;141;NaN;NaN;NaN;NaN;
476377;1000;136;NaN;NaN;NaN;NaN;
476879;1000;86;NaN;NaN;NaN;NaN;
477385;1000;166;NaN;NaN;NaN;NaN;
477888;1000;83;NaN;NaN;NaN;NaN;
478904;1000;173;NaN;NaN;NaN;NaN;
479419;1000;111;NaN;NaN;NaN;NaN;
479933;1000;174;NaN;NaN;NaN;NaN;
480446;1000;197;NaN;NaN;NaN;NaN;
480947;1000;105;NaN;NaN;NaN;NaN;
481448;1000;61;NaN;NaN;NaN;NaN;
481947;1000;180;NaN;NaN;NaN;NaN;
482951;1000;166;NaN;NaN;NaN;NaN;
483455;1000;138;NaN;NaN;NaN;NaN;
483970;1000;160;NaN;NaN;NaN;NaN;
484999;1000;104;NaN;NaN;NaN;NaN;
486029;1000;295;NaN;NaN;NaN;NaN;
486543;1000;136;NaN;NaN;NaN;NaN;
487058;1000;196;NaN;NaN;NaN;NaN;
488085;1000;540;NaN;NaN;NaN;NaN;
488599;1000;189;NaN;NaN;NaN;NaN;
489115;1000;177;NaN;NaN;NaN;NaN;
490130;1000;316;NaN;NaN;NaN;NaN;
491157;1000;212;NaN;NaN;NaN;NaN;
492186;1000;178;NaN;NaN;NaN;NaN;
493216;1000;544;NaN;NaN;NaN;NaN;
493729;1000;190;NaN;NaN;NaN;NaN;
494742;1000;81;NaN;NaN;NaN;NaN;
495254;1000;89;NaN;NaN;NaN;NaN;
496282;1000;73;NaN;NaN;NaN;NaN;
496796;1000;131;NaN;NaN;NaN;NaN;
497823;1000;121;NaN;NaN;NaN;NaN;
498337;1000;517;NaN;NaN;NaN;NaN;
499348;1000;195;NaN;NaN;NaN;NaN;
499849;1000;239;NaN;NaN;NaN;NaN;
500865;1000;183;NaN;NaN;NaN;NaN;
501366;1000;166;NaN;NaN;NaN;NaN;
501865;1000;254;NaN;NaN;NaN;NaN;
502376;1000;129;NaN;NaN;NaN;NaN;
503386;1000;134;NaN;NaN;NaN;NaN;
503886;1000;91;NaN;NaN;NaN;NaN;
504906;1000;112;NaN;NaN;NaN;NaN;
505408;1000;126;NaN;NaN;NaN;NaN;
505908;1000;192;NaN;NaN;NaN;NaN;
506922;1000;277;NaN;NaN;NaN;NaN;
507436;1000;138;NaN;NaN;NaN;NaN;
507944;1000;118;NaN;NaN;NaN;NaN;
508457;1000;71;NaN;NaN;NaN;NaN;
509486;1000;122;NaN;NaN;NaN;NaN;
509986;1000;87;NaN;NaN;NaN;NaN;
511003;1000;93;NaN;NaN;NaN;NaN;
511519;1000;138;NaN;NaN;NaN;NaN;
512532;1000;61;NaN;NaN;NaN;NaN;
513561;1000;78;NaN;NaN;NaN;NaN;
514568;1000;169;NaN;NaN;NaN;NaN;
515069;1000;188;NaN;NaN;NaN;NaN;
515581;1000;197;NaN;NaN;NaN;NaN;
516081;1000;259;NaN;NaN;NaN;NaN;
517107;1000;147;NaN;NaN;NaN;NaN;
518137;1000;262;NaN;NaN;NaN;NaN;
519163;1000;170;NaN;NaN;NaN;NaN;
519679;1000;119;NaN;NaN;NaN;NaN;
520695;1000;159;NaN;NaN;NaN;NaN;
521209;1000;97;NaN;NaN;NaN;NaN;
522237;1000;318;NaN;NaN;NaN;NaN;
522753;1000;173;NaN;NaN;NaN;NaN;
523781;1000;233;NaN;NaN;NaN;NaN;
524788;1000;177;NaN;NaN;NaN;NaN;
525298;1000;171;NaN;NaN;NaN;NaN;
526327;1000;133;NaN;NaN;NaN;NaN;
526839;1000;79;NaN;NaN;NaN;NaN;
527854;1000;189;NaN;NaN;NaN;NaN;
528354;1000;61;NaN;NaN;NaN;NaN;
529376;1000;148;NaN;NaN;NaN;NaN;
529889;1000;145;NaN;NaN;NaN;NaN;
530390;1000;153;NaN;NaN;NaN;NaN;
530903;1000;241;NaN;NaN;NaN;NaN;
531417;1000;88;NaN;NaN;NaN;NaN;
531930;1000;187;NaN;NaN;NaN;NaN;
532436;1000;262;NaN;NaN;NaN;NaN;
532950;1000;156;NaN;NaN;NaN;NaN;
533463;1000;164;NaN;NaN;NaN;NaN;
533965;1000;177;NaN;NaN;NaN;NaN;
534470;1000;185;NaN;NaN;NaN;NaN;
534971;1000;455;NaN;NaN;NaN;NaN;
535477;1000;752;NaN;NaN;NaN;NaN;
535994;1000;964;NaN;NaN;NaN;NaN;
536996;1000;996;NaN;NaN;NaN;NaN;
537512;1000;488;NaN;NaN;NaN;NaN;
538017;1000;817;NaN;NaN;NaN;NaN;
538522;1000;366;NaN;NaN;NaN;NaN;
539524;1000;521;NaN;NaN;NaN;NaN;
540537;1000;1000;NaN;NaN;NaN;NaN;
541038;1000;442;NaN;NaN;NaN;NaN;
542043;1000;813;NaN;NaN;NaN;NaN;
543048;1000;1000;NaN;NaN;NaN;NaN;
543551;1000;1000;NaN;NaN;NaN;NaN;
544065;1000;1000;NaN;NaN;NaN;NaN;
544574;1000;1000;NaN;NaN;NaN;NaN;
545074;1000;446;NaN;NaN;NaN;NaN;
545576;1000;775;NaN;NaN;NaN;NaN;
546089;1000;349;NaN;NaN;NaN;NaN;
546604;1000;429;NaN;NaN;NaN;NaN;
547632;1000;836;NaN;NaN;NaN;NaN;
548148;1000;932;NaN;NaN;NaN;NaN;
548659;1000;758;NaN;NaN;NaN;NaN;
549161;1000;628;NaN;NaN;NaN;NaN;
549674;1000;744;NaN;NaN;NaN;NaN;
550687;1000;354;NaN;NaN;NaN;NaN;
551189;1000;709;NaN;NaN;NaN;NaN;
552204;1000;660;NaN;NaN;NaN;NaN;
552714;1000;965;NaN;NaN;NaN;NaN;
553229;1000;472;NaN;NaN;NaN;NaN;
553726;1000;784;NaN;NaN;NaN;NaN;
554752;1000;978;NaN;NaN;NaN;NaN;
555766;1000;743;NaN;NaN;NaN;NaN;
556779;1000;823;NaN;NaN;NaN;NaN;
557283;1000;570;NaN;NaN;NaN;NaN;
557793;1000;1000;NaN;NaN;NaN;NaN;
558306;1000;40;NaN;NaN;NaN;NaN;
558819;1000;513;NaN;NaN;NaN;NaN;
559846;1000;953;NaN;NaN;NaN;NaN;
560360;1000;606;NaN;NaN;NaN;NaN;
561390;1000;356;NaN;NaN;NaN;NaN;
561905;1000;422;NaN;NaN;NaN;NaN;
562916;1000;1000;NaN;NaN;NaN;NaN;
563417;1000;338;NaN;NaN;NaN;NaN;
563930;1000;858;NaN;NaN;NaN;NaN;
564443;1000;527;NaN;NaN;NaN;NaN;
565454;1000;1000;NaN;NaN;NaN;NaN;
565957;1000;378;NaN;NaN;NaN;NaN;
566471;1000;1000;NaN;NaN;NaN;NaN;
566981;1000;87;NaN;NaN;NaN;NaN;
567494;1000;978;NaN;NaN;NaN;NaN;
568517;1000;1000;NaN;NaN;NaN;NaN;
569030;1000;360;NaN;NaN;NaN;NaN;
569545;1000;605;NaN;NaN;NaN;NaN;
570058;1000;792;NaN;NaN;NaN;NaN;
570555;1000;745;NaN;NaN;NaN;NaN;
571068;1000;531;NaN;NaN;NaN;NaN;
571567;1000;1000;NaN;NaN;NaN;NaN;
572081;1000;197;NaN;NaN;NaN;NaN;
572596;1000;1000;NaN;NaN;NaN;NaN;
573110;1000;1000;NaN;NaN;NaN;NaN;
573609;1000;1000;NaN;NaN;NaN;NaN;
574122;1000;1000;NaN;NaN;NaN;NaN;
574637;1000;1000;NaN;NaN;NaN;NaN;
575137;1000;1000;NaN;NaN;NaN;NaN;
575642;1000;1000;NaN;NaN;NaN;NaN;
576157;1000;1000;NaN;NaN;NaN;NaN;
576674;1000;1000;NaN;NaN;NaN;NaN;
577186;1000;680;NaN;NaN;NaN;NaN;
577684;1000;1000;NaN;NaN;NaN;NaN;
578194;1000;1000;NaN;NaN;NaN;NaN;
578696;1000;381;NaN;NaN;NaN;NaN;
579194;1000;932;NaN;NaN;NaN;NaN;
579709;1000;986;NaN;NaN;NaN;NaN;
580722;1000;743;NaN;NaN;NaN;NaN;
581221;1000;853;NaN;NaN;NaN;NaN;
581725;1000;911;NaN;NaN;NaN;NaN;
582226;1000;975;NaN;NaN;NaN;NaN;
582728;1000;1000;NaN;NaN;NaN;NaN;
583237;1000;932;NaN;NaN;NaN;NaN;
583752;1000;1000;NaN;NaN;NaN;NaN;
584253;1000;1000;NaN;NaN;NaN;NaN;
584758;1000;509;NaN;NaN;NaN;NaN;
585262;1000;471;NaN;NaN;NaN;NaN;
585762;1000;1000;NaN;NaN;NaN;NaN;
586272;1000;717;NaN;NaN;NaN;NaN;
586774;1000;771;NaN;NaN;NaN;NaN;
587788;1000;747;NaN;NaN;NaN;NaN;
588295;1000;550;NaN;NaN;NaN;NaN;
588797;1000;313;NaN;NaN;NaN;NaN;
589309;1000;1000;NaN;NaN;NaN;NaN;
589809;1000;881;NaN;NaN;NaN;NaN;
590321;1000;303;NaN;NaN;NaN;NaN;
590835;1000;1000;NaN;NaN;NaN;NaN;
591351;1000;479;NaN;NaN;NaN;NaN;
591866;1000;848;NaN;NaN;NaN;NaN;
592381;1000;361;NaN;NaN;NaN;NaN;
592894;1000;546;NaN;NaN;NaN;NaN;
593396;1000;1000;NaN;NaN;NaN;NaN;
593898;1000;1000;NaN;NaN;NaN;NaN;
594413;1000;1000;NaN;NaN;NaN;NaN;
594927;1000;891;NaN;NaN;NaN;NaN;
595440;1000;535;NaN;NaN;NaN;NaN;
595954;1000;545;NaN;NaN;NaN;NaN;
596967;1000;346;NaN;NaN;NaN;NaN;
597482;1000;878;NaN;NaN;NaN;NaN;
597998;1000;755;NaN;NaN;NaN;NaN;
599026;1000;682;NaN;NaN;NaN;NaN;
599527;1000;499;NaN;NaN;NaN;NaN;
600554;1000;834;NaN;NaN;NaN;NaN;
601070;1000;1000;NaN;NaN;NaN;NaN;
601582;1000;838;NaN;NaN;NaN;NaN;
602096;1000;873;NaN;NaN;NaN;NaN;
602608;1000;948;NaN;NaN;NaN;NaN;
603109;1000;348;NaN;NaN;NaN;NaN;
603620;1000;362;NaN;NaN;NaN;NaN;
604644;1000;585;NaN;NaN;NaN;NaN;
605148;1000;839;NaN;NaN;NaN;NaN;
606158;1000;1000;NaN;NaN;NaN;NaN;
606661;1000;1000;NaN;NaN;NaN;NaN;
607174;1000;1000;NaN;NaN;NaN;NaN;
607689;1000;1000;NaN;NaN;NaN;NaN;
608203;1000;778;NaN;NaN;NaN;NaN;
608704;1000;982;NaN;NaN;NaN;NaN;
609217;1000;953;NaN;NaN;NaN;NaN;
610244;1000;594;NaN;NaN;NaN;NaN;
610757;1000;1000;NaN;NaN;NaN;NaN;
611271;1000;940;NaN;NaN;NaN;NaN;
611780;1000;526;NaN;NaN;NaN;NaN;
612295;1000;319;NaN;NaN;NaN;NaN;
612809;1000;750;NaN;NaN;NaN;NaN;
613310;1000;840;NaN;NaN;NaN;NaN;
613825;1000;449;NaN;NaN;NaN;NaN;
614339;1000;672;NaN;NaN;NaN;NaN;
614853;1000;670;NaN;NaN;NaN;NaN;
615881;1000;1000;NaN;NaN;NaN;NaN;
616389;1000;316;NaN;NaN;NaN;NaN;
616903;1000;1000;NaN;NaN;NaN;NaN;
617412;1000;1000;NaN;NaN;NaN;NaN;
617916;1000;843;NaN;NaN;NaN;NaN;
618417;1000;466;NaN;NaN;NaN;NaN;
619427;1000;671;NaN;NaN;NaN;NaN;
619943;1000;809;NaN;NaN;NaN;NaN;
620960;1000;406;NaN;NaN;NaN;NaN;
621461;1000;1000;NaN;NaN;NaN;NaN;
621974;1000;522;NaN;NaN;NaN;NaN;
622475;1000;842;NaN;NaN;NaN;NaN;
622987;1000;920;NaN;NaN;NaN;NaN;
623486;1000;795;NaN;NaN;NaN;NaN;
624516;1000;536;NaN;NaN;NaN;NaN;
625532;1000;1000;NaN;NaN;NaN;NaN;
626038;1000;727;NaN;NaN;NaN;NaN;
626551;1000;961;NaN;NaN;NaN;NaN;
627095;1000;539;NaN;NaN;NaN;NaN;
627610;1000;984;NaN;NaN;NaN;NaN;
628124;1000;702;NaN;NaN;NaN;NaN;
628637;1000;470;NaN;NaN;NaN;NaN;
629147;1000;778;NaN;NaN;NaN;NaN;
630162;1000;627;NaN;NaN;NaN;NaN;
631192;1000;982;NaN;NaN;NaN;NaN;
631704;1000;946;NaN;NaN;NaN;NaN;
632207;1000;731;NaN;NaN;NaN;NaN;
632721;1000;408;NaN;NaN;NaN;NaN;
633736;1000;711;NaN;NaN;NaN;NaN;
634236;1000;839;NaN;NaN;NaN;NaN;
635242;1000;1000;NaN;NaN;NaN;NaN;
635758;1000;1000;NaN;NaN;NaN;NaN;
636258;1000;923;NaN;NaN;NaN;NaN;
636772;1000;372;NaN;NaN;NaN;NaN;
637802;1000;731;NaN;NaN;NaN;NaN;
638830;1000;486;NaN;NaN;NaN;NaN;
639345;1000;532;NaN;NaN;NaN;NaN;
640346;1000;608;NaN;NaN;NaN;NaN;
640856;1000;858;NaN;NaN;NaN;NaN;
641369;1000;486;NaN;NaN;NaN;NaN;
641883;1000;1000;NaN;NaN;NaN;NaN;
642401;1000;962;NaN;NaN;NaN;NaN;
642911;1000;856;NaN;NaN;NaN;NaN;
643423;1000;738;NaN;NaN;NaN;NaN;
643938;1000;687;NaN;NaN;NaN;NaN;
644442;1000;950;NaN;NaN;NaN;NaN;
644948;1000;504;NaN;NaN;NaN;NaN;
645452;1000;508;NaN;NaN;NaN;NaN;
645957;1000;1000;NaN;NaN;NaN;NaN;
646459;1000;579;NaN;NaN;NaN;NaN;
646959;1000;891;NaN;NaN;NaN;NaN;
647472;1000;1000;NaN;NaN;NaN;NaN;
647974;1000;335;NaN;NaN;NaN;NaN;
648479;1000;974;NaN;NaN;NaN;NaN;
648985;1000;690;NaN;NaN;NaN;NaN;
650013;1000;586;NaN;NaN;NaN;NaN;
650512;1000;323;NaN;NaN;NaN;NaN;
651013;1000;627;NaN;NaN;NaN;NaN;
651529;1000;1000;NaN;NaN;NaN;NaN;
652041;1000;1000;NaN;NaN;NaN;NaN;
652542;1000;1000;NaN;NaN;NaN;NaN;
653044;1000;834;NaN;NaN;NaN;NaN;
653549;1000;902;NaN;NaN;NaN;NaN;
654568;1000;1000;NaN;NaN;NaN;NaN;
655070;1000;687;NaN;NaN;NaN;NaN;
655582;1000;307;NaN;NaN;NaN;NaN;
656096;1000;1000;NaN;NaN;NaN;NaN;
656609;1000;348;NaN;NaN;NaN;NaN;
657112;1000;587;NaN;NaN;NaN;NaN;
658119;1000;702;NaN;NaN;NaN;NaN;
658632;1000;554;NaN;NaN;NaN;NaN;
659636;1000;1000;NaN;NaN;NaN;NaN;
660151;1000;1000;NaN;NaN;NaN;NaN;
660653;1000;778;NaN;NaN;NaN;NaN;
661678;1000;820;NaN;NaN;NaN;NaN;
662193;1000;926;NaN;NaN;NaN;NaN;
662694;1000;451;NaN;NaN;NaN;NaN;
663206;1000;847;NaN;NaN;NaN;NaN;
663721;1000;401;NaN;NaN;NaN;NaN;
664234;1000;820;NaN;NaN;NaN;NaN;
664750;1000;1000;NaN;NaN;NaN;NaN;
665248;1000;550;NaN;NaN;NaN;NaN;
665749;1000;441;NaN;NaN;NaN;NaN;
666755;1000;870;NaN;NaN;NaN;NaN;
667759;1000;746;NaN;NaN;NaN;NaN;
668789;1000;840;NaN;NaN;NaN;NaN;
669818;1000;626;NaN;NaN;NaN;NaN;
670318;1000;1000;NaN;NaN;NaN;NaN;
670833;1000;1000;NaN;NaN;NaN;NaN;
671345;1000;183;NaN;NaN;NaN;NaN;
671848;1000;789;NaN;NaN;NaN;NaN;
672355;1000;541;NaN;NaN;NaN;NaN;
673365;1000;412;NaN;NaN;NaN;NaN;
673871;1000;1000;NaN;NaN;NaN;NaN;
674375;1000;1000;NaN;NaN;NaN;NaN;
674879;1000;410;NaN;NaN;NaN;NaN;
675393;1000;600;NaN;NaN;NaN;NaN;
676406;1000;938;NaN;NaN;NaN;NaN;
677420;1000;386;NaN;NaN;NaN;NaN;
677935;1000;882;NaN;NaN;NaN;NaN;
678447;1000;1000;NaN;NaN;NaN;NaN;
678961;1000;538;NaN;NaN;NaN;NaN;
679476;1000;1000;NaN;NaN;NaN;NaN;
679975;1000;1000;NaN;NaN;NaN;NaN;
680489;1000;755;NaN;NaN;NaN;NaN;
681506;1000;907;NaN;NaN;NaN;NaN;
682509;1000;543;NaN;NaN;NaN;NaN;
683025;1000;304;NaN;NaN;NaN;NaN;
683527;1000;795;NaN;NaN;NaN;NaN;
684532;1000;1000;NaN;NaN;NaN;NaN;
685033;1000;735;NaN;NaN;NaN;NaN;
685546;1000;340;NaN;NaN;NaN;NaN;
686060;1000;853;NaN;NaN;NaN;NaN;
686562;1000;327;NaN;NaN;NaN;NaN;
687079;1000;959;NaN;NaN;NaN;NaN;
687578;1000;388;NaN;NaN;NaN;NaN;
688597;1000;1000;NaN;NaN;NaN;NaN;
689101;1000;1000;NaN;NaN;NaN;NaN;
689605;1000;1000;NaN;NaN;NaN;NaN;
690106;1000;971;NaN;NaN;NaN;NaN;
690611;1000;487;NaN;NaN;NaN;NaN;
691631;1000;1000;NaN;NaN;NaN;NaN;
692132;1000;1000;NaN;NaN;NaN;NaN;
692646;1000;1000;NaN;NaN;NaN;NaN;
693160;1000;521;NaN;NaN;NaN;NaN;
693660;1000;499;NaN;NaN;NaN;NaN;
694171;1000;441;NaN;NaN;NaN;NaN;
694674;1000;810;NaN;NaN;NaN;NaN;
695188;1000;486;NaN;NaN;NaN;NaN;
695702;1000;367;NaN;NaN;NaN;NaN;
696714;1000;1000;NaN;NaN;NaN;NaN;
697230;1000;1000;NaN;NaN;NaN;NaN;
697728;1000;1000;NaN;NaN;NaN;NaN;
698242;1000;947;NaN;NaN;NaN;NaN;
699270;1000;334;NaN;NaN;NaN;NaN;
700301;1000;590;NaN;NaN;NaN;NaN;
700805;1000;1000;NaN;NaN;NaN;NaN;
701317;1000;1000;NaN;NaN;NaN;NaN;
701815;1000;1000;NaN;NaN;NaN;NaN;
702330;1000;565;NaN;NaN;NaN;NaN;
702843;1000;933;NaN;NaN;NaN;NaN;
703353;1000;927;NaN;NaN;NaN;NaN;
703868;1000;1000;NaN;NaN;NaN;NaN;
704379;1000;1000;NaN;NaN;NaN;NaN;
704882;1000;1000;NaN;NaN;NaN;NaN;
705379;1000;1000;NaN;NaN;NaN;NaN;
705882;1000;904;NaN;NaN;NaN;NaN;
706895;1000;999;NaN;NaN;NaN;NaN;
707404;1000;874;NaN;NaN;NaN;NaN;
707904;1000;478;NaN;NaN;NaN;NaN;
708921;1000;1000;NaN;NaN;NaN;NaN;
709435;1000;1000;NaN;NaN;NaN;NaN;
709946;1000;564;NaN;NaN;NaN;NaN;
710449;1000;698;NaN;NaN;NaN;NaN;
711471;1000;846;NaN;NaN;NaN;NaN;
712475;1000;390;NaN;NaN;NaN;NaN;
712989;1000;819;NaN;NaN;NaN;NaN;
713489;1000;656;NaN;NaN;NaN;NaN;
714516;1000;509;NaN;NaN;NaN;NaN;
715533;1000;1000;NaN;NaN;NaN;NaN;
716048;1000;649;NaN;NaN;NaN;NaN;
716562;1000;868;NaN;NaN;NaN;NaN;
717576;1000;758;NaN;NaN;NaN;NaN;
718091;1000;352;NaN;NaN;NaN;NaN;
718589;1000;650;NaN;NaN;NaN;NaN;
719091;1000;719;NaN;NaN;NaN;NaN;
719601;1000;1000;NaN;NaN;NaN;NaN;
720116;1000;873;NaN;NaN;NaN;NaN;
720627;1000;333;NaN;NaN;NaN;NaN;
721128;1000;674;NaN;NaN;NaN;NaN;
722144;1000;1000;NaN;NaN;NaN;NaN;
722643;1000;827;NaN;NaN;NaN;NaN;
723158;1000;332;NaN;NaN;NaN;NaN;
723670;1000;504;NaN;NaN;NaN;NaN;
724671;1000;1000;NaN;NaN;NaN;NaN;
725173;1000;528;NaN;NaN;NaN;NaN;
725690;1000;1000;NaN;NaN;NaN;NaN;
726199;1000;149;NaN;NaN;NaN;NaN;
726715;1000;1000;NaN;NaN;NaN;NaN;
727228;1000;1000;NaN;NaN;NaN;NaN;
727741;1000;1000;NaN;NaN;NaN;NaN;
728255;1000;1000;NaN;NaN;NaN;NaN;
728768;1000;1000;NaN;NaN;NaN;NaN;
729284;1000;1000;NaN;NaN;NaN;NaN;
729795;1000;776;NaN;NaN;NaN;NaN;
730312;1000;767;NaN;NaN;NaN;NaN;
730824;1000;600;NaN;NaN;NaN;NaN;
731323;1000;725;NaN;NaN;NaN;NaN;
731838;1000;745;NaN;NaN;NaN;NaN;
732340;1000;677;NaN;NaN;NaN;NaN;
732853;1000;803;NaN;NaN;NaN;NaN;
733364;1000;969;NaN;NaN;NaN;NaN;
733874;1000;518;NaN;NaN;NaN;NaN;
734387;1000;333;NaN;NaN;NaN;NaN;
734901;1000;396;NaN;NaN;NaN;NaN;
735411;1000;598;NaN;NaN;NaN;NaN;
735926;1000;805;NaN;NaN;NaN;NaN;
736441;1000;970;NaN;NaN;NaN;NaN;
737453;1000;1000;NaN;NaN;NaN;NaN;
737957;1000;638;NaN;NaN;NaN;NaN;
738469;1000;353;NaN;NaN;NaN;NaN;
739496;1000;1000;NaN;NaN;NaN;NaN;
739999;1000;273;NaN;NaN;NaN;NaN;
740504;1000;414;NaN;NaN;NaN;NaN;
741006;1000;345;NaN;NaN;NaN;NaN;
741510;1000;303;NaN;NaN;NaN;NaN;
742535;1000;716;NaN;NaN;NaN;NaN;
743052;1000;557;NaN;NaN;NaN;NaN;
744064;1000;1000;NaN;NaN;NaN;NaN;
744577;1000;1000;NaN;NaN;NaN;NaN;
745094;1000;344;NaN;NaN;NaN;NaN;
745607;1000;465;NaN;NaN;NaN;NaN;
746106;1000;882;NaN;NaN;NaN;NaN;
746621;1000;786;NaN;NaN;NaN;NaN;
747179;1000;655;NaN;NaN;NaN;NaN;
747682;1000;1000;NaN;NaN;NaN;NaN;
748195;1000;732;NaN;NaN;NaN;NaN;
748711;1000;874;NaN;NaN;NaN;NaN;
749225;1000;1000;NaN;NaN;NaN;NaN;
749739;1000;1000;NaN;NaN;NaN;NaN;
750253;1000;1000;NaN;NaN;NaN;NaN;
750766;1000;1000;NaN;NaN;NaN;NaN;
751281;1000;1000;NaN;NaN;NaN;NaN;
751783;1000;1000;NaN;NaN;NaN;NaN;
752283;1000;1000;NaN;NaN;NaN;NaN;
752797;1000;1000;NaN;NaN;NaN;NaN;
753311;1000;1000;NaN;NaN;NaN;NaN;
753825;1000;1000;NaN;NaN;NaN;NaN;
754340;1000;1000;NaN;NaN;NaN;NaN;
754849;1000;1000;NaN;NaN;NaN;NaN;
755348;1000;1000;NaN;NaN;NaN;NaN;
755862;1000;1000;NaN;NaN;NaN;NaN;
756375;1000;1000;NaN;NaN;NaN;NaN;
756889;1000;460;NaN;NaN;NaN;NaN;
757403;1000;665;NaN;NaN;NaN;NaN;
758416;1000;884;NaN;NaN;NaN;NaN;
758928;1000;1000;NaN;NaN;NaN;NaN;
759427;1000;1000;NaN;NaN;NaN;NaN;
759941;1000;1000;NaN;NaN;NaN;NaN;
760441;1000;508;NaN;NaN;NaN;NaN;
760956;1000;601;NaN;NaN;NaN;NaN;
761467;1000;340;NaN;NaN;NaN;NaN;
761981;1000;1000;NaN;NaN;NaN;NaN;
762492;1000;74;NaN;NaN;NaN;NaN;
763009;1000;1000;NaN;NaN;NaN;NaN;
763509;1000;447;NaN;NaN;NaN;NaN;
764011;1000;367;NaN;NaN;NaN;NaN;
764512;1000;515;NaN;NaN;NaN;NaN;
765515;1000;434;NaN;NaN;NaN;NaN;
766542;1000;826;NaN;NaN;NaN;NaN;
767055;1000;798;NaN;NaN;NaN;NaN;
767566;1000;570;NaN;NaN;NaN;NaN;
768582;1000;576;NaN;NaN;NaN;NaN;
769095;1000;478;NaN;NaN;NaN;NaN;
769595;1000;342;NaN;NaN;NaN;NaN;
770109;1000;357;NaN;NaN;NaN;NaN;
770624;1000;963;NaN;NaN;NaN;NaN;
771138;1000;1000;NaN;NaN;NaN;NaN;
771641;1000;955;NaN;NaN;NaN;NaN;
772144;1000;672;NaN;NaN;NaN;NaN;
772657;1000;723;NaN;NaN;NaN;NaN;
773675;1000;1000;NaN;NaN;NaN;NaN;
774177;1000;1000;NaN;NaN;NaN;NaN;
774676;1000;1000;NaN;NaN;NaN;NaN;
775178;1000;1000;NaN;NaN;NaN;NaN;
775693;1000;322;NaN;NaN;NaN;NaN;
776197;1000;889;NaN;NaN;NaN;NaN;
776698;1000;1000;NaN;NaN;NaN;NaN;
777211;1000;1000;NaN;NaN;NaN;NaN;
777726;1000;1000;NaN;NaN;NaN;NaN;
778236;1000;282;NaN;NaN;NaN;NaN;
778751;1000;879;NaN;NaN;NaN;NaN;
779775;1000;714;NaN;NaN;NaN;NaN;
780275;1000;781;NaN;NaN;NaN;NaN;
780788;1000;860;NaN;NaN;NaN;NaN;
781805;1000;878;NaN;NaN;NaN;NaN;
782318;1000;542;NaN;NaN;NaN;NaN;
782818;1000;501;NaN;NaN;NaN;NaN;
783848;1000;1000;NaN;NaN;NaN;NaN;
784363;1000;1000;NaN;NaN;NaN;NaN;
784864;1000;311;NaN;NaN;NaN;NaN;
785378;1000;708;NaN;NaN;NaN;NaN;
785888;1000;1000;NaN;NaN;NaN;NaN;
786399;1000;1000;NaN;NaN;NaN;NaN;
786914;1000;1000;NaN;NaN;NaN;NaN;
787414;1000;1000;NaN;NaN;NaN;NaN;
787915;1000;1000;NaN;NaN;NaN;NaN;
788428;1000;1000;NaN;NaN;NaN;NaN;
788942;1000;1000;NaN;NaN;NaN;NaN;
789457;1000;1000;NaN;NaN;NaN;NaN;
789966;1000;1000;NaN;NaN;NaN;NaN;
790481;1000;1000;NaN;NaN;NaN;NaN;
790993;1000;394;NaN;NaN;NaN;NaN;
791506;1000;1000;NaN;NaN;NaN;NaN;
792013;1000;219;NaN;NaN;NaN;NaN;
792515;1000;178;NaN;NaN;NaN;NaN;
793026;1000;164;NaN;NaN;NaN;NaN;
793543;1000;332;NaN;NaN;NaN;NaN;
794566;1000;79;NaN;NaN;NaN;NaN;
795070;1000;509;NaN;NaN;NaN;NaN;
796085;1000;434;NaN;NaN;NaN;NaN;
797095;1000;133;NaN;NaN;NaN;NaN;
798111;1000;111;NaN;NaN;NaN;NaN;
798613;1000;82;NaN;NaN;NaN;NaN;
799113;1000;162;NaN;NaN;NaN;NaN;
800124;1000;260;NaN;NaN;NaN;NaN;
801140;1000;110;NaN;NaN;NaN;NaN;
801645;1000;303;NaN;NaN;NaN;NaN;
802660;1000;81;NaN;NaN;NaN;NaN;
803175;1000;161;NaN;NaN;NaN;NaN;
803689;1000;154;NaN;NaN;NaN;NaN;
804201;1000;327;NaN;NaN;NaN;NaN;
805223;1000;188;NaN;NaN;NaN;NaN;
806236;1000;163;NaN;NaN;NaN;NaN;
806750;1000;168;NaN;NaN;NaN;NaN;
807265;1000;166;NaN;NaN;NaN;NaN;
808278;1000;233;NaN;NaN;NaN;NaN;
809295;1000;60;NaN;NaN;NaN;NaN;
809809;1000;102;NaN;NaN;NaN;NaN;
810821;1000;251;NaN;NaN;NaN;NaN;
811321;1000;171;NaN;NaN;NaN;NaN;
811835;1000;171;NaN;NaN;NaN;NaN;
812850;1000;86;NaN;NaN;NaN;NaN;
813864;1000;107;NaN;NaN;NaN;NaN;
814363;1000;97;NaN;NaN;NaN;NaN;
815385;1000;331;NaN;NaN;NaN;NaN;
815886;1000;185;NaN;NaN;NaN;NaN;
816396;1000;133;NaN;NaN;NaN;NaN;
816909;1000;136;NaN;NaN;NaN;NaN;
817935;1000;282;NaN;NaN;NaN;NaN;
818963;1000;356;NaN;NaN;NaN;NaN;
819477;1000;131;NaN;NaN;NaN;NaN;
819988;1000;248;NaN;NaN;NaN;NaN;
820991;1000;124;NaN;NaN;NaN;NaN;
821994;1000;100;NaN;NaN;NaN;NaN;
822497;1000;183;NaN;NaN;NaN;NaN;
823011;1000;115;NaN;NaN;NaN;NaN;
823525;1000;81;NaN;NaN;NaN;NaN;
824040;1000;160;NaN;NaN;NaN;NaN;
824546;1000;146;NaN;NaN;NaN;NaN;
825048;1000;104;NaN;NaN;NaN;NaN;
825549;1000;145;NaN;NaN;NaN;NaN;
826062;1000;134;NaN;NaN;NaN;NaN;
826566;1000;184;NaN;NaN;NaN;NaN;
827080;1000;93;NaN;NaN;NaN;NaN;
827591;1000;155;NaN;NaN;NaN;NaN;
828093;1000;370;NaN;NaN;NaN;NaN;
829106;1000;192;NaN;NaN;NaN;NaN;
830108;1000;174;NaN;NaN;NaN;NaN;
830618;1000;91;NaN;NaN;NaN;NaN;
831621;1000;104;NaN;NaN;NaN;NaN;
832125;1000;186;NaN;NaN;NaN;NaN;
832633;1000;162;NaN;NaN;NaN;NaN;
833135;1000;165;NaN;NaN;NaN;NaN;
833636;1000;146;NaN;NaN;NaN;NaN;
834137;1000;99;NaN;NaN;NaN;NaN;
834649;1000;295;NaN;NaN;NaN;NaN;
835147;1000;145;NaN;NaN;NaN;NaN;
836154;1000;182;NaN;NaN;NaN;NaN;
836663;1000;101;NaN;NaN;NaN;NaN;
837664;1000;129;NaN;NaN;NaN;NaN;
838164;1000;193;NaN;NaN;NaN;NaN;
838666;1000;175;NaN;NaN;NaN;NaN;
839167;1000;91;NaN;NaN;NaN;NaN;
840183;1000;342;NaN;NaN;NaN;NaN;
840692;1000;252;NaN;NaN;NaN;NaN;
841196;1000;148;NaN;NaN;NaN;NaN;
842208;1000;129;NaN;NaN;NaN;NaN;
843224;1000;92;NaN;NaN;NaN;NaN;
843739;1000;64;NaN;NaN;NaN;NaN;
844763;1000;93;NaN;NaN;NaN;NaN;
845265;1000;120;NaN;NaN;NaN;NaN;
845768;1000;246;NaN;NaN;NaN;NaN;
846267;1000;339;NaN;NaN;NaN;NaN;
847282;1000;191;NaN;NaN;NaN;NaN;
848290;1000;252;NaN;NaN;NaN;NaN;
848804;1000;244;NaN;NaN;NaN;NaN;
849319;1000;81;NaN;NaN;NaN;NaN;
849824;1000;178;NaN;NaN;NaN;NaN;
850324;1000;194;NaN;NaN;NaN;NaN;
850827;1000;126;NaN;NaN;NaN;NaN;
851333;1000;191;NaN;NaN;NaN;NaN;
851838;1000;104;NaN;NaN;NaN;NaN;
852341;1000;172;NaN;NaN;NaN;NaN;
852848;1000;99;NaN;NaN;NaN;NaN;
853354;1000;472;NaN;NaN;NaN;NaN;
853857;1000;180;NaN;NaN;NaN;NaN;
854874;1000;122;NaN;NaN;NaN;NaN;
855388;1000;196;NaN;NaN;NaN;NaN;
856402;1000;379;NaN;NaN;NaN;NaN;
856917;1000;356;NaN;NaN;NaN;NaN;
857417;1000;120;NaN;NaN;NaN;NaN;
858435;1000;273;NaN;NaN;NaN;NaN;
858937;1000;173;NaN;NaN;NaN;NaN;
859451;1000;169;NaN;NaN;NaN;NaN;
859964;1000;502;NaN;NaN;NaN;NaN;
860980;1000;167;NaN;NaN;NaN;NaN;
862000;1000;178;NaN;NaN;NaN;NaN;
862502;1000;91;NaN;NaN;NaN;NaN;
863516;1000;68;NaN;NaN;NaN;NaN;
864030;1000;246;NaN;NaN;NaN;NaN;
864543;1000;230;NaN;NaN;NaN;NaN;
865056;1000;136;NaN;NaN;NaN;NaN;
866070;1000;260;NaN;NaN;NaN;NaN;
867084;1000;150;NaN;NaN;NaN;NaN;
867597;1000;139;NaN;NaN;NaN;NaN;
868097;1000;104;NaN;NaN;NaN;NaN;
868604;1000;309;NaN;NaN;NaN;NaN;
869611;1000;165;NaN;NaN;NaN;NaN;
870620;1000;187;NaN;NaN;NaN;NaN;
871623;1000;102;NaN;NaN;NaN;NaN;
872124;1000;166;NaN;NaN;NaN;NaN;
872629;1000;139;NaN;NaN;NaN;NaN;
873132;1000;176;NaN;NaN;NaN;NaN;
874136;1000;110;NaN;NaN;NaN;NaN;
874650;1000;252;NaN;NaN;NaN;NaN;
875672;1000;82;NaN;NaN;NaN;NaN;
876686;1000;66;NaN;NaN;NaN;NaN;
877188;1000;179;NaN;NaN;NaN;NaN;
877690;1000;81;NaN;NaN;NaN;NaN;
878701;1000;198;NaN;NaN;NaN;NaN;
879209;1000;128;NaN;NaN;NaN;NaN;
879721;1000;254;NaN;NaN;NaN;NaN;
880736;1000;155;NaN;NaN;NaN;NaN;
881250;1000;135;NaN;NaN;NaN;NaN;
882276;1000;238;NaN;NaN;NaN;NaN;
882790;1000;77;NaN;NaN;NaN;NaN;
883817;1000;142;NaN;NaN;NaN;NaN;
884332;1000;149;NaN;NaN;NaN;NaN;
884839;1000;302;NaN;NaN;NaN;NaN;
885355;1000;72;NaN;NaN;NaN;NaN;
885865;1000;165;NaN;NaN;NaN;NaN;
886381;1000;141;NaN;NaN;NaN;NaN;
887396;1000;244;NaN;NaN;NaN;NaN;
888407;1000;487;NaN;NaN;NaN;NaN;
889422;1000;253;NaN;NaN;NaN;NaN;
889936;1000;126;NaN;NaN;NaN;NaN;
890950;1000;112;NaN;NaN;NaN;NaN;
891963;1000;118;NaN;NaN;NaN;NaN;
892462;1000;87;NaN;NaN;NaN;NaN;
892972;1000;498;NaN;NaN;NaN;NaN;
893990;1000;144;NaN;NaN;NaN;NaN;
895004;1000;248;NaN;NaN;NaN;NaN;
895503;1000;190;NaN;NaN;NaN;NaN;
896016;1000;107;NaN;NaN;NaN;NaN;
896530;1000;74;NaN;NaN;NaN;NaN;
897544;1000;467;NaN;NaN;NaN;NaN;
898570;1000;125;NaN;NaN;NaN;NaN;
899082;1000;63;NaN;NaN;NaN;NaN;
899588;1000;256;NaN;NaN;NaN;NaN;
900601;1000;253;NaN;NaN;NaN;NaN;
901622;1000;189;NaN;NaN;NaN;NaN;
902123;1000;192;NaN;NaN;NaN;NaN;
902637;1000;216;NaN;NaN;NaN;NaN;
903652;1000;223;NaN;NaN;NaN;NaN;
904167;1000;152;NaN;NaN;NaN;NaN;
905181;1000;95;NaN;NaN;NaN;NaN;
906207;1000;168;NaN;NaN;NaN;NaN;
906721;1000;124;NaN;NaN;NaN;NaN;
907235;1000;132;NaN;NaN;NaN;NaN;
908250;1000;117;NaN;NaN;NaN;NaN;
908752;1000;70;NaN;NaN;NaN;NaN;
909767;1000;61;NaN;NaN;NaN;NaN;
910280;1000;100;NaN;NaN;NaN;NaN;
911308;1000;108;NaN;NaN;NaN;NaN;
911823;1000;152;NaN;NaN;NaN;NaN;
912337;1000;145;NaN;NaN;NaN;NaN;
913351;1000;133;NaN;NaN;NaN;NaN;
913862;1000;64;NaN;NaN;NaN;NaN;
914374;1000;109;NaN;NaN;NaN;NaN;
915384;1000;128;NaN;NaN;NaN;NaN;
916387;1000;216;NaN;NaN;NaN;NaN;
917395;1000;257;NaN;NaN;NaN;NaN;
917894;1000;119;NaN;NaN;NaN;NaN;
918407;1000;365;NaN;NaN;NaN;NaN;
919418;1000;241;NaN;NaN;NaN;NaN;
919921;1000;77;NaN;NaN;NaN;NaN;
920435;1000;72;NaN;NaN;NaN;NaN;
921456;1000;178;NaN;NaN;NaN;NaN;
921966;1000;115;NaN;NaN;NaN;NaN;
922980;1000;274;NaN;NaN;NaN;NaN;
923493;1000;133;NaN;NaN;NaN;NaN;
924006;1000;338;NaN;NaN;NaN;NaN;
925036;1000;286;NaN;NaN;NaN;NaN;
926052;1000;240;NaN;NaN;NaN;NaN;
926566;1000;231;NaN;NaN;NaN;NaN;
927571;1000;349;NaN;NaN;NaN;NaN;
928072;1000;107;NaN;NaN;NaN;NaN;
928585;1000;140;NaN;NaN;NaN;NaN;
929599;1000;133;NaN;NaN;NaN;NaN;
930112;1000;631;NaN;NaN;NaN;NaN;
930628;1000;148;NaN;NaN;NaN;NaN;
931141;1000;101;NaN;NaN;NaN;NaN;
932156;1000;197;NaN;NaN;NaN;NaN;
932667;1000;79;NaN;NaN;NaN;NaN;
933180;1000;100;NaN;NaN;NaN;NaN;
933694;1000;246;NaN;NaN;NaN;NaN;
934723;1000;168;NaN;NaN;NaN;NaN;
935238;1000;510;NaN;NaN;NaN;NaN;
935737;1000;104;NaN;NaN;NaN;NaN;
936764;1000;123;NaN;NaN;NaN;NaN;
937778;1000;75;undefined;NaN;NaN;NaN;
938281;1000;171;NaN;NaN;NaN;NaN;
938791;1000;314;NaN;NaN;NaN;NaN;
939290;1000;135;NaN;NaN;NaN;NaN;
939805;1000;191;NaN;NaN;NaN;NaN;
940833;1000;263;NaN;NaN;NaN;NaN;
941346;1000;164;NaN;NaN;NaN;NaN;
941856;1000;133;NaN;NaN;NaN;NaN;
942875;1000;173;NaN;NaN;NaN;NaN;
943902;1000;422;NaN;NaN;NaN;NaN;
944410;1000;142;NaN;NaN;NaN;NaN;
944913;1000;81;NaN;NaN;NaN;NaN;
945419;1000;190;NaN;NaN;NaN;NaN;
946438;1000;81;NaN;NaN;NaN;NaN;
946954;1000;306;NaN;NaN;NaN;NaN;
947983;1000;187;NaN;NaN;NaN;NaN;
948495;1000;150;NaN;NaN;NaN;NaN;
949005;1000;93;NaN;NaN;NaN;NaN;
949506;1000;307;NaN;NaN;NaN;NaN;
950016;1000;100;NaN;NaN;NaN;NaN;
950524;1000;65;NaN;NaN;NaN;NaN;
951029;1000;92;NaN;NaN;NaN;NaN;
951533;1000;256;NaN;NaN;NaN;NaN;
952545;1000;186;NaN;NaN;NaN;NaN;
953050;1000;85;NaN;NaN;NaN;NaN;
953565;1000;62;NaN;NaN;NaN;NaN;
954566;1000;117;NaN;NaN;NaN;NaN;
955067;1000;108;NaN;NaN;NaN;NaN;
956093;1000;324;NaN;NaN;NaN;NaN;
956608;1000;177;NaN;NaN;NaN;NaN;
957637;1000;83;NaN;NaN;NaN;NaN;
958149;1000;181;NaN;NaN;NaN;NaN;
959162;1000;151;NaN;NaN;NaN;NaN;
959674;1000;122;NaN;NaN;NaN;NaN;
960702;1000;186;NaN;NaN;NaN;NaN;
961729;1000;79;NaN;NaN;NaN;NaN;
962243;1000;76;NaN;NaN;NaN;NaN;
962755;1000;158;NaN;NaN;NaN;NaN;
963266;1000;61;NaN;NaN;NaN;NaN;
963765;1000;63;NaN;NaN;NaN;NaN;
964279;1000;93;NaN;NaN;NaN;NaN;
964789;1000;61;NaN;NaN;NaN;NaN;
965816;1000;96;NaN;NaN;NaN;NaN;
966829;1000;152;NaN;NaN;NaN;NaN;
967857;1000;358;NaN;NaN;NaN;NaN;
968374;1000;90;NaN;NaN;NaN;NaN;
968885;1000;132;NaN;NaN;NaN;NaN;
969911;1000;174;NaN;NaN;NaN;NaN;
970416;1000;170;NaN;NaN;NaN;NaN;
970916;1000;152;NaN;NaN;NaN;NaN;
971946;1000;340;NaN;NaN;NaN;NaN;
972957;1000;104;NaN;NaN;NaN;NaN;
973958;1000;176;NaN;NaN;NaN;NaN;
974463;1000;158;NaN;NaN;NaN;NaN;
974972;1000;127;NaN;NaN;NaN;NaN;
975989;1000;312;NaN;NaN;NaN;NaN;
976490;1000;144;NaN;NaN;NaN;NaN;
976994;1000;104;NaN;NaN;NaN;NaN;
977496;1000;145;NaN;NaN;NaN;NaN;
978513;1000;265;NaN;NaN;NaN;NaN;
979028;1000;177;NaN;NaN;NaN;NaN;
980046;1000;319;NaN;NaN;NaN;NaN;
981070;1000;98;NaN;NaN;NaN;NaN;
982083;1000;264;NaN;NaN;NaN;NaN;
982595;1000;346;NaN;NaN;NaN;NaN;
983599;1000;183;NaN;NaN;NaN;NaN;
984111;1000;148;NaN;NaN;NaN;NaN;
984625;1000;447;NaN;NaN;NaN;NaN;
985639;1000;286;NaN;NaN;NaN;NaN;
986153;1000;142;NaN;NaN;NaN;NaN;
986652;1000;207;NaN;NaN;NaN;NaN;
987168;1000;101;NaN;NaN;NaN;NaN;
987668;1000;74;NaN;NaN;NaN;NaN;
988669;1000;86;NaN;NaN;NaN;NaN;
989172;1000;87;NaN;NaN;NaN;NaN;
989685;1000;173;NaN;NaN;NaN;NaN;
990702;1000;101;NaN;NaN;NaN;NaN;
991215;1000;97;NaN;NaN;NaN;NaN;
991729;1000;87;NaN;NaN;NaN;NaN;
992744;1000;160;NaN;NaN;NaN;NaN;
993246;1000;281;NaN;NaN;NaN;NaN;
993760;1000;119;NaN;NaN;NaN;NaN;
994261;1000;110;NaN;NaN;NaN;NaN;
995288;1000;110;NaN;NaN;NaN;NaN;
995803;1000;272;NaN;NaN;NaN;NaN;
996808;1000;275;NaN;NaN;NaN;NaN;
997827;1000;332;NaN;NaN;NaN;NaN;
998337;1000;90;NaN;NaN;NaN;NaN;
998837;1000;149;NaN;NaN;NaN;NaN;
999338;1000;84;NaN;NaN;NaN;NaN;
1000353;1000;143;NaN;NaN;NaN;NaN;
1000852;1000;79;NaN;NaN;NaN;NaN;
1001352;1000;343;NaN;NaN;NaN;NaN;
1002379;1000;324;NaN;NaN;NaN;NaN;
1003407;1000;138;NaN;NaN;NaN;NaN;
1004437;1000;92;NaN;NaN;NaN;NaN;
1004938;1000;209;NaN;NaN;NaN;NaN;
1005439;1000;315;NaN;NaN;NaN;NaN;
1006469;1000;101;NaN;NaN;NaN;NaN;
1006970;1000;118;NaN;NaN;NaN;NaN;
1007486;1000;66;NaN;NaN;NaN;NaN;
1007998;1000;439;NaN;NaN;NaN;NaN;
1009011;1000;86;NaN;NaN;NaN;NaN;
1009511;1000;66;NaN;NaN;NaN;NaN;
1010525;1000;301;NaN;NaN;NaN;NaN;
1011526;1000;190;NaN;NaN;NaN;NaN;
1012541;1000;436;NaN;NaN;NaN;NaN;
1013053;1000;119;NaN;NaN;NaN;NaN;
1013553;1000;272;NaN;NaN;NaN;NaN;
1014569;1000;82;NaN;NaN;NaN;NaN;
1015083;1000;140;NaN;NaN;NaN;NaN;
1016096;1000;189;NaN;NaN;NaN;NaN;
1016610;1000;76;NaN;NaN;NaN;NaN;
1017113;1000;145;NaN;NaN;NaN;NaN;
1017628;1000;167;NaN;NaN;NaN;NaN;
1018642;1000;162;NaN;NaN;NaN;NaN;
1019156;1000;219;NaN;NaN;NaN;NaN;
1019666;1000;70;NaN;NaN;NaN;NaN;
1020181;1000;85;NaN;NaN;NaN;NaN;
1020694;1000;185;NaN;NaN;NaN;NaN;
1021197;1000;129;NaN;NaN;NaN;NaN;
1021714;1000;179;NaN;NaN;NaN;NaN;
1022224;1000;174;NaN;NaN;NaN;NaN;
1023225;1000;185;NaN;NaN;NaN;NaN;
1023739;1000;128;NaN;NaN;NaN;NaN;
1024769;1000;142;NaN;NaN;NaN;NaN;
1025783;1000;142;NaN;NaN;NaN;NaN;
1026810;1000;193;NaN;NaN;NaN;NaN;
1027325;1000;127;NaN;NaN;NaN;NaN;
1028341;1000;138;NaN;NaN;NaN;NaN;
1028855;1000;153;NaN;NaN;NaN;NaN;
1029882;1000;111;NaN;NaN;NaN;NaN;
1030397;1000;250;NaN;NaN;NaN;NaN;
1030897;1000;198;NaN;NaN;NaN;NaN;
1031396;1000;233;NaN;NaN;NaN;NaN;
1032426;1000;272;NaN;NaN;NaN;NaN;
1032941;1000;192;NaN;NaN;NaN;NaN;
1033968;1000;411;NaN;NaN;NaN;NaN;
1034480;1000;499;NaN;NaN;NaN;NaN;
1034994;1000;195;NaN;NaN;NaN;NaN;
1035508;1000;185;NaN;NaN;NaN;NaN;
1036536;1000;325;NaN;NaN;NaN;NaN;
1037036;1000;115;NaN;NaN;NaN;NaN;
1037547;1000;166;NaN;NaN;NaN;NaN;
1038558;1000;104;NaN;NaN;NaN;NaN;
1039060;1000;191;NaN;NaN;NaN;NaN;
1039571;1000;113;NaN;NaN;NaN;NaN;
1040587;1000;338;NaN;NaN;NaN;NaN;
1041600;1000;184;NaN;NaN;NaN;NaN;
1042102;1000;94;NaN;NaN;NaN;NaN;
1042602;1000;76;NaN;NaN;NaN;NaN;
1043618;1000;163;NaN;NaN;NaN;NaN;
1044117;1000;308;NaN;NaN;NaN;NaN;
1044629;1000;70;NaN;NaN;NaN;NaN;
1045131;1000;276;NaN;NaN;NaN;NaN;
1045646;1000;153;NaN;NaN;NaN;NaN;
1046656;1000;187;NaN;NaN;NaN;NaN;
1047672;1000;261;NaN;NaN;NaN;NaN;
1048174;1000;215;NaN;NaN;NaN;NaN;
1048683;1000;138;NaN;NaN;NaN;NaN;
1049186;1000;306;NaN;NaN;NaN;NaN;
1049699;1000;624;NaN;NaN;NaN;NaN;
1050711;1000;1000;NaN;NaN;NaN;NaN;
1051213;1000;1000;NaN;NaN;NaN;NaN;
1051725;1000;579;NaN;NaN;NaN;NaN;
1052225;1000;404;NaN;NaN;NaN;NaN;
1052728;1000;402;NaN;NaN;NaN;NaN;
1053741;1000;1000;NaN;NaN;NaN;NaN;
1054255;1000;1000;NaN;NaN;NaN;NaN;
1054770;1000;1000;NaN;NaN;NaN;NaN;
1055284;1000;794;NaN;NaN;NaN;NaN;
1055799;1000;977;NaN;NaN;NaN;NaN;
1056310;1000;701;NaN;NaN;NaN;NaN;
1056824;1000;1000;NaN;NaN;NaN;NaN;
1057338;1000;265;NaN;NaN;NaN;NaN;
1057839;1000;484;NaN;NaN;NaN;NaN;
1058351;1000;337;NaN;NaN;NaN;NaN;
1058866;1000;974;NaN;NaN;NaN;NaN;
1059366;1000;510;NaN;NaN;NaN;NaN;
1060398;1000;762;NaN;NaN;NaN;NaN;
1060908;1000;316;NaN;NaN;NaN;NaN;
1061923;1000;772;NaN;NaN;NaN;NaN;
1062438;1000;1000;NaN;NaN;NaN;NaN;
1062951;1000;1000;NaN;NaN;NaN;NaN;
1063465;1000;433;NaN;NaN;NaN;NaN;
1063979;1000;640;NaN;NaN;NaN;NaN;
1064985;1000;1000;NaN;NaN;NaN;NaN;
1065485;1000;1000;NaN;NaN;NaN;NaN;
1065999;1000;596;NaN;NaN;NaN;NaN;
1066500;1000;1000;NaN;NaN;NaN;NaN;
1067014;1000;1000;NaN;NaN;NaN;NaN;
1067516;1000;574;NaN;NaN;NaN;NaN;
1068542;1000;507;NaN;NaN;NaN;NaN;
1069056;1000;454;NaN;NaN;NaN;NaN;
1070073;1000;698;NaN;NaN;NaN;NaN;
1070587;1000;776;NaN;NaN;NaN;NaN;
1071100;1000;492;NaN;NaN;NaN;NaN;
1072130;1000;742;NaN;NaN;NaN;NaN;
1072631;1000;626;NaN;NaN;NaN;NaN;
1073660;1000;1000;NaN;NaN;NaN;NaN;
1074173;1000;1000;NaN;NaN;NaN;NaN;
1074673;1000;1000;NaN;NaN;NaN;NaN;
1075187;1000;429;NaN;NaN;NaN;NaN;
1075700;1000;393;NaN;NaN;NaN;NaN;
1076201;1000;892;NaN;NaN;NaN;NaN;
1076714;1000;798;NaN;NaN;NaN;NaN;
1077726;1000;1000;NaN;NaN;NaN;NaN;
1078228;1000;366;NaN;NaN;NaN;NaN;
1078741;1000;757;NaN;NaN;NaN;NaN;
1079756;1000;1000;NaN;NaN;NaN;NaN;
1080255;1000;1000;NaN;NaN;NaN;NaN;
1080770;1000;634;NaN;NaN;NaN;NaN;
1081269;1000;925;NaN;NaN;NaN;NaN;
1081783;1000;914;NaN;NaN;NaN;NaN;
1082299;1000;601;NaN;NaN;NaN;NaN;
1082799;1000;709;NaN;NaN;NaN;NaN;
1083309;1000;709;NaN;NaN;NaN;NaN;
1083825;1000;388;NaN;NaN;NaN;NaN;
1084326;1000;330;NaN;NaN;NaN;NaN;
1084839;1000;1000;NaN;NaN;NaN;NaN;
1085351;1000;73;NaN;NaN;NaN;NaN;
1085864;1000;889;NaN;NaN;NaN;NaN;
1086376;1000;1000;NaN;NaN;NaN;NaN;
1086890;1000;387;NaN;NaN;NaN;NaN;
1087403;1000;1000;NaN;NaN;NaN;NaN;
1087905;1000;71;NaN;NaN;NaN;NaN;
1088419;1000;300;NaN;NaN;NaN;NaN;
1088932;1000;327;NaN;NaN;NaN;NaN;
1089448;1000;1000;NaN;NaN;NaN;NaN;
1089960;1000;49;NaN;NaN;NaN;NaN;
1090464;1000;1000;NaN;NaN;NaN;NaN;
1090967;1000;841;NaN;NaN;NaN;NaN;
1091994;1000;1000;NaN;NaN;NaN;NaN;
1092496;1000;45;NaN;NaN;NaN;NaN;
1093012;1000;720;NaN;NaN;NaN;NaN;
1093512;1000;501;NaN;NaN;NaN;NaN;
1094537;1000;1000;NaN;NaN;NaN;NaN;
1095050;1000;523;NaN;NaN;NaN;NaN;
1095550;1000;750;NaN;NaN;NaN;NaN;
1096063;1000;781;NaN;NaN;NaN;NaN;
1096565;1000;956;NaN;NaN;NaN;NaN;
1097077;1000;1000;NaN;NaN;NaN;NaN;
1097590;1000;1000;NaN;NaN;NaN;NaN;
1098091;1000;825;NaN;NaN;NaN;NaN;
1098602;1000;605;NaN;NaN;NaN;NaN;
1099105;1000;997;NaN;NaN;NaN;NaN;
1100129;1000;350;NaN;NaN;NaN;NaN;
1100642;1000;521;NaN;NaN;NaN;NaN;
1101156;1000;651;NaN;NaN;NaN;NaN;
1101671;1000;938;NaN;NaN;NaN;NaN;
1102186;1000;548;NaN;NaN;NaN;NaN;
1102687;1000;624;NaN;NaN;NaN;NaN;
1103699;1000;365;NaN;NaN;NaN;NaN;
1104700;1000;600;NaN;NaN;NaN;NaN;
1105212;1000;709;NaN;NaN;NaN;NaN;
1106226;1000;689;NaN;NaN;NaN;NaN;
1107240;1000;424;NaN;NaN;NaN;NaN;
1107740;1000;336;NaN;NaN;NaN;NaN;
1108256;1000;1000;NaN;NaN;NaN;NaN;
1108755;1000;280;NaN;NaN;NaN;NaN;
1109257;1000;1000;NaN;NaN;NaN;NaN;
1109760;1000;500;NaN;NaN;NaN;NaN;
1110761;1000;997;NaN;NaN;NaN;NaN;
1111275;1000;475;NaN;NaN;NaN;NaN;
1111779;1000;792;NaN;NaN;NaN;NaN;
1112280;1000;628;NaN;NaN;NaN;NaN;
1112780;1000;692;NaN;NaN;NaN;NaN;
1113282;1000;504;NaN;NaN;NaN;NaN;
1113781;1000;344;NaN;NaN;NaN;NaN;
1114296;1000;808;NaN;NaN;NaN;NaN;
1115322;1000;813;NaN;NaN;NaN;NaN;
1115837;1000;1000;NaN;NaN;NaN;NaN;
1116351;1000;1000;NaN;NaN;NaN;NaN;
1116851;1000;827;NaN;NaN;NaN;NaN;
1117863;1000;981;NaN;NaN;NaN;NaN;
1118377;1000;566;NaN;NaN;NaN;NaN;
1118893;1000;1000;NaN;NaN;NaN;NaN;
1119405;1000;857;NaN;NaN;NaN;NaN;
1119920;1000;402;NaN;NaN;NaN;NaN;
1120434;1000;503;NaN;NaN;NaN;NaN;
1120949;1000;374;NaN;NaN;NaN;NaN;
1121450;1000;841;NaN;NaN;NaN;NaN;
1121963;1000;694;NaN;NaN;NaN;NaN;
1122465;1000;741;NaN;NaN;NaN;NaN;
1123489;1000;993;NaN;NaN;NaN;NaN;
1124003;1000;968;NaN;NaN;NaN;NaN;
1124503;1000;414;NaN;NaN;NaN;NaN;
1125006;1000;803;NaN;NaN;NaN;NaN;
1126022;1000;303;NaN;NaN;NaN;NaN;
1126537;1000;583;NaN;NaN;NaN;NaN;
1127565;1000;1000;NaN;NaN;NaN;NaN;
1128076;1000;868;NaN;NaN;NaN;NaN;
1128590;1000;805;NaN;NaN;NaN;NaN;
1129617;1000;1000;NaN;NaN;NaN;NaN;
1130120;1000;1000;NaN;NaN;NaN;NaN;
1130630;1000;1000;NaN;NaN;NaN;NaN;
1131135;1000;939;NaN;NaN;NaN;NaN;
1132151;1000;417;NaN;NaN;NaN;NaN;
1132664;1000;554;NaN;NaN;NaN;NaN;
1133182;1000;1000;NaN;NaN;NaN;NaN;
1133692;1000;901;NaN;NaN;NaN;NaN;
1134195;1000;1000;NaN;NaN;NaN;NaN;
1134707;1000;1000;NaN;NaN;NaN;NaN;
1135209;1000;1000;NaN;NaN;NaN;NaN;
1135721;1000;44;NaN;NaN;NaN;NaN;
1136237;1000;1000;NaN;NaN;NaN;NaN;
1136751;1000;346;NaN;NaN;NaN;NaN;
1137256;1000;608;NaN;NaN;NaN;NaN;
1138271;1000;768;NaN;NaN;NaN;NaN;
1138771;1000;757;NaN;NaN;NaN;NaN;
1139802;1000;821;NaN;NaN;NaN;NaN;
1140300;1000;1000;NaN;NaN;NaN;NaN;
1140816;1000;1000;NaN;NaN;NaN;NaN;
1141317;1000;715;NaN;NaN;NaN;NaN;
1141824;1000;888;NaN;NaN;NaN;NaN;
1142339;1000;675;NaN;NaN;NaN;NaN;
1142852;1000;330;NaN;NaN;NaN;NaN;
1143365;1000;674;NaN;NaN;NaN;NaN;
1143868;1000;733;NaN;NaN;NaN;NaN;
1144372;1000;1000;NaN;NaN;NaN;NaN;
1144875;1000;1000;NaN;NaN;NaN;NaN;
1145376;1000;694;NaN;NaN;NaN;NaN;
1145879;1000;419;NaN;NaN;NaN;NaN;
1146382;1000;400;NaN;NaN;NaN;NaN;
1146883;1000;635;NaN;NaN;NaN;NaN;
1147387;1000;1000;NaN;NaN;NaN;NaN;
1147886;1000;1000;NaN;NaN;NaN;NaN;
1148389;1000;981;NaN;NaN;NaN;NaN;
1148889;1000;826;NaN;NaN;NaN;NaN;
1149394;1000;796;NaN;NaN;NaN;NaN;
1149926;1000;722;NaN;NaN;NaN;NaN;
1150429;1000;388;NaN;NaN;NaN;NaN;
1150944;1000;747;NaN;NaN;NaN;NaN;
1151457;1000;1000;NaN;NaN;NaN;NaN;
1151958;1000;267;NaN;NaN;NaN;NaN;
1152474;1000;1000;NaN;NaN;NaN;NaN;
1152988;1000;1000;NaN;NaN;NaN;NaN;
1153500;1000;1000;NaN;NaN;NaN;NaN;
1154001;1000;1000;NaN;NaN;NaN;NaN;
1154504;1000;606;NaN;NaN;NaN;NaN;
1155005;1000;880;NaN;NaN;NaN;NaN;
1155521;1000;813;NaN;NaN;NaN;NaN;
1156036;1000;1000;NaN;NaN;NaN;NaN;
1156537;1000;1000;NaN;NaN;NaN;NaN;
1157038;1000;910;NaN;NaN;NaN;NaN;
1157551;1000;322;NaN;NaN;NaN;NaN;
1158553;1000;596;NaN;NaN;NaN;NaN;
1159556;1000;450;NaN;NaN;NaN;NaN;
1160060;1000;852;NaN;NaN;NaN;NaN;
1160562;1000;636;NaN;NaN;NaN;NaN;
1161066;1000;685;NaN;NaN;NaN;NaN;
1161565;1000;438;NaN;NaN;NaN;NaN;
1162569;1000;628;NaN;NaN;NaN;NaN;
1163071;1000;1000;NaN;NaN;NaN;NaN;
1163572;1000;1000;NaN;NaN;NaN;NaN;
1164075;1000;663;NaN;NaN;NaN;NaN;
1164588;1000;807;NaN;NaN;NaN;NaN;
1165603;1000;421;NaN;NaN;NaN;NaN;
1166118;1000;384;NaN;NaN;NaN;NaN;
1166616;1000;1000;NaN;NaN;NaN;NaN;
1167119;1000;1000;NaN;NaN;NaN;NaN;
1167633;1000;1000;NaN;NaN;NaN;NaN;
1168135;1000;1000;NaN;NaN;NaN;NaN;
1168637;1000;1000;NaN;NaN;NaN;NaN;
1169138;1000;327;NaN;NaN;NaN;NaN;
1169638;1000;940;NaN;NaN;NaN;NaN;
1170640;1000;438;NaN;NaN;NaN;NaN;
1171155;1000;862;NaN;NaN;NaN;NaN;
1171655;1000;721;NaN;NaN;NaN;NaN;
1172169;1000;310;NaN;NaN;NaN;NaN;
1172670;1000;995;NaN;NaN;NaN;NaN;
1173184;1000;1000;NaN;NaN;NaN;NaN;
1173685;1000;431;NaN;NaN;NaN;NaN;
1174188;1000;1000;NaN;NaN;NaN;NaN;
1174691;1000;1000;NaN;NaN;NaN;NaN;
1175192;1000;1000;NaN;NaN;NaN;NaN;
1175707;1000;342;NaN;NaN;NaN;NaN;
1176220;1000;377;NaN;NaN;NaN;NaN;
1176724;1000;550;NaN;NaN;NaN;NaN;
1177729;1000;337;NaN;NaN;NaN;NaN;
1178230;1000;508;NaN;NaN;NaN;NaN;
1178746;1000;748;NaN;NaN;NaN;NaN;
1179761;1000;529;NaN;NaN;NaN;NaN;
1180261;1000;373;NaN;NaN;NaN;NaN;
1180763;1000;323;NaN;NaN;NaN;NaN;
1181263;1000;375;NaN;NaN;NaN;NaN;
1182275;1000;443;NaN;NaN;NaN;NaN;
1182782;1000;672;NaN;NaN;NaN;NaN;
1183793;1000;553;NaN;NaN;NaN;NaN;
1184308;1000;461;NaN;NaN;NaN;NaN;
1185319;1000;409;NaN;NaN;NaN;NaN;
1185822;1000;1000;NaN;NaN;NaN;NaN;
1186326;1000;1000;NaN;NaN;NaN;NaN;
1186829;1000;266;NaN;NaN;NaN;NaN;
1187329;1000;543;NaN;NaN;NaN;NaN;
1188336;1000;514;NaN;NaN;NaN;NaN;
1188854;1000;1000;NaN;NaN;NaN;NaN;
1189353;1000;570;NaN;NaN;NaN;NaN;
1190357;1000;935;NaN;NaN;NaN;NaN;
1190870;1000;720;NaN;NaN;NaN;NaN;
1191370;1000;913;NaN;NaN;NaN;NaN;
1191872;1000;304;NaN;NaN;NaN;NaN;
1192374;1000;1000;NaN;NaN;NaN;NaN;
1192874;1000;903;NaN;NaN;NaN;NaN;
1193377;1000;1000;NaN;NaN;NaN;NaN;
1193880;1000;455;NaN;NaN;NaN;NaN;
1194382;1000;1000;NaN;NaN;NaN;NaN;
1194888;1000;1000;NaN;NaN;NaN;NaN;
1195388;1000;494;NaN;NaN;NaN;NaN;
1196393;1000;722;NaN;NaN;NaN;NaN;
1196905;1000;1000;NaN;NaN;NaN;NaN;
1197419;1000;1000;NaN;NaN;NaN;NaN;
1197923;1000;487;NaN;NaN;NaN;NaN;
1198426;1000;980;NaN;NaN;NaN;NaN;
1199434;1000;904;NaN;NaN;NaN;NaN;
1199936;1000;920;NaN;NaN;NaN;NaN;
1200951;1000;1000;NaN;NaN;NaN;NaN;
1201451;1000;73;NaN;NaN;NaN;NaN;
1201954;1000;1000;NaN;NaN;NaN;NaN;
1202455;1000;167;NaN;NaN;NaN;NaN;
1202957;1000;314;NaN;NaN;NaN;NaN;
1203460;1000;988;NaN;NaN;NaN;NaN;
1203975;1000;869;NaN;NaN;NaN;NaN;
1204990;1000;974;NaN;NaN;NaN;NaN;
1205491;1000;736;NaN;NaN;NaN;NaN;
1206506;1000;1000;NaN;NaN;NaN;NaN;
1207020;1000;768;NaN;NaN;NaN;NaN;
1207535;1000;622;NaN;NaN;NaN;NaN;
1208038;1000;390;NaN;NaN;NaN;NaN;
1208543;1000;650;NaN;NaN;NaN;NaN;
1209561;1000;629;NaN;NaN;NaN;NaN;
1210575;1000;583;NaN;NaN;NaN;NaN;
1211081;1000;691;NaN;NaN;NaN;NaN;
1211583;1000;606;NaN;NaN;NaN;NaN;
1212590;1000;941;NaN;NaN;NaN;NaN;
1213093;1000;1000;NaN;NaN;NaN;NaN;
1213599;1000;515;NaN;NaN;NaN;NaN;
1214100;1000;1000;NaN;NaN;NaN;NaN;
1214612;1000;646;NaN;NaN;NaN;NaN;
1215115;1000;1000;NaN;NaN;NaN;NaN;
1215615;1000;1000;NaN;NaN;NaN;NaN;
1216126;1000;1000;NaN;NaN;NaN;NaN;
1216640;1000;1000;NaN;NaN;NaN;NaN;
1217154;1000;1000;NaN;NaN;NaN;NaN;
1217652;1000;1000;NaN;NaN;NaN;NaN;
1218153;1000;1000;NaN;NaN;NaN;NaN;
1218669;1000;1000;NaN;NaN;NaN;NaN;
1219171;1000;188;NaN;NaN;NaN;NaN;
1219678;1000;1000;NaN;NaN;NaN;NaN;
1220183;1000;1000;NaN;NaN;NaN;NaN;
1220686;1000;1000;NaN;NaN;NaN;NaN;
1221190;1000;1000;NaN;NaN;NaN;NaN;
1221694;1000;1000;NaN;NaN;NaN;NaN;
1222201;1000;1000;NaN;NaN;NaN;NaN;
1222714;1000;1000;NaN;NaN;NaN;NaN;
1223216;1000;1000;NaN;NaN;NaN;NaN;
1223720;1000;1000;NaN;NaN;NaN;NaN;
1224227;1000;758;NaN;NaN;NaN;NaN;
