Timestamp; Priority1;Priority2;Priority3;Priority4;Total read
1069;31;74;114;587;806;
2031;57;107;168;899;1231;
3044;101;196;322;1599;2218;
4057;156;292;465;2305;3218;
5069;213;384;602;2944;4143;
6072;260;478;734;3573;5045;
7080;309;566;885;4285;6045;
8094;365;692;1031;4957;7045;
9107;410;793;1177;5665;8045;
10119;455;889;1317;6384;9045;
11129;513;1000;1470;7062;10045;
12129;553;1104;1612;7776;11045;
13138;610;1205;1772;8458;12045;
14153;661;1313;1909;9162;13045;
15163;700;1414;2067;9864;14045;
16165;747;1501;2212;10585;15045;
17174;780;1591;2354;11320;16045;
18186;832;1684;2472;12057;17045;
19200;869;1800;2621;12755;18045;
20210;918;1883;2786;13458;19045;
21225;963;1990;2927;14165;20045;
22234;1024;2089;3069;14863;21045;
23248;1075;2198;3218;15554;22045;
24260;1117;2292;3367;16269;23045;
25262;1166;2382;3513;16984;24045;
26263;1205;2505;3649;17686;25045;
27277;1241;2598;3801;18405;26045;
28291;1290;2685;3948;19122;27045;
29297;1350;2778;4090;19827;28045;
30312;1402;2880;4230;20533;29045;
31323;1460;2976;4373;21236;30045;
32332;1507;3070;4525;21943;31045;
33340;1564;3166;4679;22636;32045;
34354;1614;3258;4827;23346;33045;
35362;1657;3359;4981;24048;34045;
36366;1702;3463;5150;24730;35045;
37380;1737;3577;5300;25431;36045;
38390;1788;3679;5442;26136;37045;
39404;1833;3767;5597;26848;38045;
40418;1892;3876;5729;27548;39045;
41430;1935;3960;5893;28257;40045;
42440;1978;4060;6033;28974;41045;
43454;2041;4165;6178;29661;42045;
44454;2085;4266;6322;30372;43045;
45469;2149;4382;6480;31034;44045;
46483;2200;4480;6630;31735;45045;
47485;2248;4582;6794;32421;46045;
48496;2295;4680;6925;33145;47045;
49506;2354;4783;7058;33850;48045;
50514;2402;4874;7220;34549;49045;
51526;2456;4970;7354;35265;50045;
52527;2507;5067;7488;35983;51045;
53541;2552;5158;7646;36689;52045;
54543;2592;5266;7776;37411;53045;
55556;2646;5376;7924;38099;54045;
56570;2709;5469;8047;38820;55045;
57581;2767;5560;8185;39533;56045;
58592;2824;5679;8333;40209;57045;
59607;2875;5768;8488;40914;58045;
60620;2928;5884;8649;41584;59045;
61625;2976;5991;8797;42281;60045;
62631;3024;6087;8939;42995;61045;
63643;3082;6194;9085;43684;62045;
64655;3132;6292;9247;44374;63045;
65667;3203;6394;9385;45063;64045;
66684;3249;6506;9548;45742;65045;
67697;3297;6615;9703;46430;66045;
68709;3347;6722;9841;47135;67045;
69723;3396;6819;10003;47827;68045;
70725;3442;6929;10147;48527;69045;
71733;3489;7047;10279;49230;70045;
72748;3540;7149;10434;49922;71045;
73761;3589;7254;10576;50626;72045;
74769;3632;7357;10707;51349;73045;
75784;3681;7464;10862;52038;74045;
76786;3731;7577;10993;52744;75045;
77794;3783;7681;11152;53429;76045;
78798;3826;7774;11315;54130;77045;
79811;3876;7879;11457;54833;78045;
80813;3926;7960;11614;55545;79045;
81822;3975;8056;11782;56232;80045;
82826;4028;8148;11928;56941;81045;
83829;4074;8275;12074;57622;82045;
84832;4137;8370;12227;58311;83045;
85846;4208;8472;12358;59007;84045;
86863;4254;8571;12512;59708;85045;
87875;4303;8661;12664;60417;86045;
88892;4339;8765;12823;61118;87045;
89904;4387;8856;12967;61835;88045;
90904;4441;8968;13113;62523;89045;
91917;4501;9063;13248;63233;90045;
92932;4555;9157;13431;63902;91045;
93935;4612;9268;13584;64581;92045;
94950;4671;9383;13726;65265;93045;
95966;4723;9479;13888;65955;94045;
96965;4778;9569;14043;66655;95045;
97975;4822;9666;14190;67367;96045;
98987;4874;9771;14351;68049;97045;
100005;4929;9868;14501;68747;98045;
101017;4968;9978;14665;69434;99045;
102030;5018;10084;14810;70133;100045;
103045;5074;10188;14975;70808;101045;
104059;5126;10293;15117;71509;102045;
105059;5170;10392;15271;72212;103045;
106063;5210;10495;15418;72922;104045;
107073;5259;10593;15567;73626;105045;
108078;5307;10677;15731;74330;106045;
109091;5356;10782;15885;75022;107045;
110105;5407;10876;16035;75727;108045;
111120;5450;10976;16191;76428;109045;
112123;5501;11106;16342;77096;110045;
113124;5541;11207;16501;77796;111045;
114136;5603;11293;16665;78484;112045;
115138;5668;11380;16797;79200;113045;
116152;5722;11479;16956;79888;114045;
117158;5768;11577;17089;80611;115045;
118166;5814;11673;17250;81308;116045;
119178;5861;11758;17396;82030;117045;
120183;5907;11863;17517;82758;118045;
121193;5959;11966;17671;83449;119045;
122191;6009;12066;17822;84148;120045;
123202;6068;12157;17982;84838;121045;
124215;6128;12283;18110;85524;122045;
125231;6167;12380;18254;86244;123045;
126239;6216;12472;18392;86965;124045;
127243;6280;12581;18526;87658;125045;
128254;6337;12677;18671;88360;126045;
129266;6389;12780;18813;89063;127045;
130281;6441;12881;18945;89778;128045;
131293;6499;12979;19090;90477;129045;
132306;6541;13086;19238;91180;130045;
133304;6585;13181;19399;91880;131045;
134319;6641;13280;19555;92569;132045;
135333;6680;13398;19708;93259;133045;
136340;6735;13500;19860;93950;134045;
137342;6790;13605;19997;94653;135045;
138355;6861;13708;20131;95345;136045;
139357;6903;13806;20266;96070;137045;
140367;6949;13904;20433;96759;138045;
141383;7006;14003;20596;97440;139045;
142383;7050;14109;20747;98139;140045;
143400;7114;14189;20906;98836;141045;
144413;7160;14274;21074;99537;142045;
145426;7208;14367;21214;100256;143045;
146429;7263;14469;21366;100947;144045;
147442;7320;14551;21529;101645;145045;
148453;7375;14652;21666;102352;146045;
149465;7429;14763;21801;103052;147045;
150476;7481;14882;21953;103729;148045;
151490;7533;14992;22106;104414;149045;
152503;7577;15102;22251;105115;150045;
153517;7631;15205;22376;105833;151045;
154530;7677;15314;22534;106520;152045;
155532;7731;15412;22675;107227;153045;
156545;7782;15504;22818;107941;154045;
157553;7829;15617;22950;108649;155045;
158567;7875;15733;23100;109337;156045;
159586;7919;15830;23265;110031;157045;
160585;7971;15917;23424;110733;158045;
161596;8025;16004;23568;111448;159045;
162606;8072;16108;23703;112162;160045;
163622;8115;16209;23862;112859;161045;
164624;8158;16304;24013;113570;162045;
165629;8222;16411;24171;114241;163045;
166634;8280;16522;24333;114910;164045;
167651;8334;16623;24466;115622;165045;
168667;8381;16723;24619;116322;166045;
169675;8432;16827;24770;117016;167045;
170684;8484;16928;24901;117732;168045;
171691;8535;17018;25081;118411;169045;
172697;8572;17129;25235;119109;170045;
173706;8619;17230;25374;119822;171045;
174714;8655;17345;25527;120518;172045;
175729;8707;17442;25684;121212;173045;
176730;8760;17531;25842;121912;174045;
177742;8815;17640;25982;122608;175045;
178755;8855;17726;26118;123346;176045;
179769;8905;17817;26258;124065;177045;
180772;8954;17909;26416;124766;178045;
181786;8995;18022;26544;125484;179045;
182799;9042;18130;26693;126180;180045;
183798;9092;18239;26841;126873;181045;
184810;9147;18337;26999;127562;182045;
185825;9197;18442;27146;128260;183045;
186836;9237;18554;27302;128952;184045;
187848;9289;18641;27434;129681;185045;
188852;9341;18745;27569;130390;186045;
189870;9388;18849;27702;131106;187045;
190880;9440;18946;27861;131798;188045;
191890;9497;19028;28004;132516;189045;
192903;9545;19122;28178;133200;190045;
193917;9599;19215;28309;133922;191045;
194924;9644;19322;28457;134622;192045;
195938;9705;19431;28600;135309;193045;
196951;9753;19534;28729;136029;194045;
197958;9810;19639;28875;136721;195045;
198973;9869;19746;29017;137413;196045;
199985;9914;19852;29160;138119;197045;
200998;9952;19945;29308;138840;198045;
202009;10016;20043;29460;139526;199045;
203019;10065;20159;29591;140230;200045;
204033;10118;20264;29755;140908;201045;
205046;10162;20384;29899;141600;202045;
206051;10214;20487;30053;142291;203045;
207067;10274;20584;30191;142996;204045;
208069;10319;20685;30353;143688;205045;
209080;10380;20783;30515;144367;206045;
210097;10437;20877;30661;145070;207045;
211103;10485;20978;30804;145778;208045;
212103;10527;21083;30959;146476;209045;
213106;10586;21166;31116;147177;210045;
214114;10632;21276;31252;147885;211045;
215130;10677;21374;31418;148576;212045;
216143;10732;21464;31579;149270;213045;
217159;10783;21566;31715;149981;214045;
218173;10856;21657;31875;150657;215045;
219181;10905;21756;32016;151368;216045;
220198;10961;21873;32156;152055;217045;
221212;11011;21982;32307;152745;218045;
222223;11063;22070;32466;153446;219045;
223235;11123;22178;32597;154147;220045;
224244;11172;22262;32742;154869;221045;
225244;11223;22351;32901;155570;222045;
226254;11273;22465;33061;156246;223045;
227266;11330;22553;33226;156936;224045;
228282;11379;22645;33376;157645;225045;
229287;11430;22750;33551;158314;226045;
230293;11479;22841;33722;159003;227045;
231307;11534;22971;33871;159669;228045;
232320;11579;23071;34013;160382;229045;
233328;11635;23178;34158;161074;230045;
234342;11671;23286;34288;161800;231045;
235355;11727;23373;34452;162493;232045;
236368;11782;23470;34585;163208;233045;
237382;11841;23550;34729;163925;234045;
238393;11892;23646;34878;164629;235045;
239402;11938;23753;35016;165338;236045;
240419;11994;23854;35169;166028;237045;
241431;12034;23954;35311;166746;238045;
242440;12075;24056;35490;167424;239045;
243451;12119;24159;35649;168118;240045;
244453;12175;24261;35774;168835;241045;
245464;12231;24364;35920;169530;242045;
246474;12284;24474;36055;170232;243045;
247486;12335;24587;36181;170942;244045;
248487;12383;24689;36324;171649;245045;
249499;12429;24794;36479;172343;246045;
250511;12479;24895;36623;173048;247045;
251527;12539;25000;36774;173732;248045;
252536;12595;25083;36926;174441;249045;
253548;12638;25194;37064;175149;250045;
254556;12682;25305;37194;175864;251045;
255571;12725;25409;37382;176529;252045;
256579;12770;25523;37526;177226;253045;
257592;12819;25632;37667;177927;254045;
258604;12870;25733;37821;178621;255045;
259614;12918;25828;37977;179322;256045;
260625;12968;25930;38129;180018;257045;
261624;13021;26045;38264;180715;258045;
262638;13063;26135;38405;181442;259045;
263652;13102;26240;38550;182153;260045;
264665;13149;26348;38695;182853;261045;
265679;13195;26438;38837;183575;262045;
266690;13237;26538;38994;184276;263045;
267703;13288;26655;39130;184972;264045;
268708;13334;26773;39263;185675;265045;
269710;13373;26870;39427;186375;266045;
270717;13428;26964;39593;187060;267045;
271721;13470;27052;39739;187784;268045;
272728;13528;27136;39907;188474;269045;
273729;13564;27237;40071;189173;270045;
274738;13635;27332;40234;189844;271045;
275745;13684;27435;40379;190547;272045;
276754;13735;27542;40512;191256;273045;
277758;13773;27655;40663;191954;274045;
278766;13816;27742;40827;192660;275045;
279774;13861;27835;40984;193365;276045;
280789;13900;27929;41145;194071;277045;
281798;13960;28035;41289;194761;278045;
282795;14007;28119;41439;195480;279045;
283808;14064;28203;41595;196183;280045;
284825;14113;28310;41753;196869;281045;
285829;14160;28410;41904;197571;282045;
286831;14205;28516;42030;198294;283045;
287845;14261;28610;42178;198996;284045;
288844;14310;28719;42334;199682;285045;
289855;14362;28827;42481;200375;286045;
290857;14407;28925;42629;201084;287045;
291868;14457;29025;42775;201788;288045;
292884;14512;29130;42922;202481;289045;
293892;14561;29205;43088;203191;290045;
294907;14612;29320;43222;203891;291045;
295912;14655;29441;43355;204594;292045;
296923;14705;29537;43509;205294;293045;
297934;14760;29636;43655;205994;294045;
298943;14811;29735;43815;206684;295045;
299955;14856;29857;43954;207378;296045;
300957;14906;29962;44086;208091;297045;
301961;14959;30068;44237;208781;298045;
302964;15008;30166;44392;209479;299045;
303977;15060;30264;44539;210182;300045;
304990;15098;30374;44692;210881;301045;
305992;15138;30474;44844;211589;302045;
306990;15182;30570;44999;212294;303045;
308004;15219;30681;45141;213004;304045;
309016;15266;30774;45289;213716;305045;
310026;15329;30875;45420;214421;306045;
311024;15371;30983;45595;215096;307045;
312036;15430;31080;45741;215794;308045;
313048;15470;31185;45906;216484;309045;
314062;15518;31275;46055;217197;310045;
315069;15578;31376;46212;217879;311045;
316082;15629;31467;46364;218585;312045;
317098;15667;31571;46513;219294;313045;
318106;15725;31661;46650;220009;314045;
319120;15765;31761;46788;220731;315045;
320130;15808;31847;46923;221467;316045;
321130;15854;31951;47058;222182;317045;
322133;15906;32065;47216;222858;318045;
323132;15952;32171;47364;223558;319045;
324140;16011;32279;47518;224237;320045;
325153;16057;32384;47695;224909;321045;
326167;16106;32480;47848;225611;322045;
327165;16157;32584;48002;226302;323045;
328178;16197;32681;48145;227022;324045;
329182;16239;32776;48297;227733;325045;
330181;16291;32870;48443;228441;326045;
331181;16340;32960;48596;229149;327045;
332195;16393;33065;48751;229836;328045;
333196;16443;33155;48912;230535;329045;
334209;16491;33249;49067;231238;330045;
335223;16532;33354;49223;231936;331045;
336231;16577;33443;49368;232657;332045;
337244;16623;33535;49526;233361;333045;
338255;16664;33633;49672;234076;334045;
339267;16715;33724;49834;234772;335045;
340280;16773;33831;49965;235476;336045;
341293;16821;33934;50107;236183;337045;
342299;16875;34039;50258;236873;338045;
343314;16927;34133;50396;237589;339045;
344313;16987;34247;50547;238264;340045;
345326;17034;34340;50701;238970;341045;
346333;17094;34428;50831;239692;342045;
347341;17151;34521;50991;240382;343045;
348356;17196;34619;51129;241101;344045;
349370;17241;34726;51286;241792;345045;
350381;17292;34822;51439;242492;346045;
351393;17339;34929;51593;243184;347045;
352407;17373;35017;51721;243934;348045;
353408;17424;35115;51863;244643;349045;
354421;17476;35229;51983;245320;350008;
355433;17484;35243;52005;245400;350132;
356448;17493;35263;52042;245564;350362;
357462;17496;35269;52050;245628;350443;
358477;17513;35298;52085;245817;350713;
359480;17532;35347;52144;246086;351109;
360484;17535;35363;52175;246199;351272;
361495;17566;35412;52237;246549;351764;
362503;17571;35421;52251;246624;351867;
363518;17586;35450;52295;246823;352154;
364531;17595;35475;52343;247008;352421;
365541;17602;35489;52361;247116;352568;
366557;17607;35507;52386;247211;352711;
367571;17618;35542;52432;247448;353040;
368570;17630;35565;52473;247635;353303;
369573;17638;35576;52496;247729;353439;
370584;17662;35607;52560;248038;353867;
371594;17673;35623;52585;248183;354064;
372608;17696;35670;52662;248486;354514;
373620;17710;35694;52710;248668;354782;
374628;17722;35729;52750;248909;355110;
375641;17737;35743;52784;249051;355315;
376654;17764;35788;52842;249354;355748;
377665;17770;35806;52861;249490;355927;
378680;17775;35826;52894;249642;356137;
379692;17784;35857;52935;249825;356401;
380707;17796;35894;52981;250054;356725;
381708;17803;35912;53008;250191;356914;
382722;17821;35955;53068;250442;357286;
383732;17840;35990;53124;250655;357609;
384744;17847;36000;53142;250758;357747;
385757;17856;36005;53163;250851;357875;
386765;17871;36031;53211;251049;358162;
387777;17880;36053;53231;251172;358336;
388792;17885;36063;53253;251266;358467;
389803;17892;36079;53279;251395;358645;
390818;17902;36103;53311;251513;358829;
391833;17924;36142;53381;251814;359261;
392841;17938;36170;53414;251989;359511;
393856;17944;36178;53428;252056;359606;
394857;17965;36216;53493;252350;360024;
395858;17981;36245;53540;252604;360370;
396869;17995;36265;53561;252708;360529;
397884;18015;36290;53608;252891;360804;
398896;18028;36310;53636;253040;361014;
399912;18030;36318;53645;253098;361091;
400922;18047;36354;53690;253329;361420;
401934;18057;36364;53726;253428;361575;
402945;18071;36386;53770;253596;361823;
403945;18075;36399;53786;253706;361966;
404958;18086;36417;53820;253819;362142;
405968;18097;36446;53858;254005;362406;
406983;18107;36470;53913;254229;362719;
407993;18121;36486;53960;254400;362967;
409006;18131;36501;53990;254502;363124;
410013;18146;36528;54031;254697;363402;
411026;18154;36535;54047;254764;363500;
412037;18163;36557;54073;254908;363701;
413046;18171;36567;54085;254971;363794;
414059;18176;36575;54101;255030;363882;
415075;18178;36582;54110;255082;363952;
416076;18191;36599;54143;255215;364148;
417089;18210;36635;54179;255444;364468;
418102;18229;36669;54232;255703;364833;
419114;18234;36685;54257;255821;364997;
420128;18237;36695;54279;255921;365132;
421132;18255;36724;54319;256106;365404;
422134;18268;36742;54345;256248;365603;
423147;18287;36773;54383;256454;365897;
424149;18296;36789;54415;256575;366075;
425162;18301;36804;54431;256696;366232;
426174;18312;36834;54477;256919;366542;
427183;18333;36877;54551;257258;367019;
428199;18344;36911;54606;257456;367317;
429214;18349;36924;54620;257535;367428;
430223;18352;36934;54636;257617;367539;
431234;18357;36960;54680;257788;367785;
432248;18377;36993;54713;257991;368074;
433259;18394;37018;54771;258244;368427;
434274;18399;37023;54794;258347;368563;
435282;18407;37039;54814;258471;368731;
436298;18418;37060;54850;258594;368922;
437308;18432;37086;54900;258782;369200;
438319;18453;37117;54954;258978;369502;
439332;18468;37135;54988;259129;369720;
440340;18484;37161;55027;259323;369995;
441341;18488;37185;55052;259431;370156;
442347;18501;37215;55081;259612;370409;
443349;18522;37250;55145;259874;370791;
444359;18538;37288;55194;260131;371151;
445371;18549;37307;55226;260266;371348;
446383;18553;37318;55236;260344;371451;
447399;18566;37334;55271;260499;371670;
448409;18583;37366;55318;260711;371978;
449421;18591;37384;55335;260796;372106;
450421;18608;37428;55385;261062;372483;
451435;18615;37455;55424;261234;372728;
452447;18630;37494;55471;261476;373071;
453451;18631;37501;55488;261542;373162;
454464;18647;37521;55515;261686;373369;
455476;18668;37573;55590;262013;373844;
456489;18688;37599;55634;262204;374125;
457501;18702;37622;55664;262389;374377;
458510;18715;37653;55713;262593;374674;
459524;18729;37683;55747;262798;374957;
460535;18732;37691;55757;262869;375049;
461542;18750;37723;55806;263095;375374;
462543;18763;37738;55828;263224;375553;
463556;18775;37757;55862;263348;375742;
464565;18782;37764;55871;263406;375823;
465568;18792;37783;55895;263545;376015;
466573;18809;37807;55931;263754;376301;
467582;18823;37822;55960;263883;376488;
468596;18828;37835;55984;263982;376629;
469606;18835;37852;56017;264138;376842;
470618;18840;37867;56032;264218;376957;
471623;18849;37878;56060;264367;377154;
472638;18852;37885;56064;264417;377218;
473651;18858;37895;56081;264474;377308;
474652;18869;37926;56119;264674;377588;
475663;18884;37951;56150;264828;377813;
476678;18912;37998;56244;265124;378278;
477684;18921;38004;56254;265185;378364;
478691;18932;38031;56287;265363;378613;
479705;18941;38046;56317;265482;378786;
480720;18956;38062;56381;265672;379071;
481734;18967;38094;56419;265893;379373;
482749;18974;38122;56454;266064;379614;
483755;18980;38139;56473;266188;379780;
484758;18994;38174;56509;266401;380078;
485770;18999;38188;56525;266470;380182;
486784;19012;38214;56559;266692;380477;
487798;19026;38231;56610;266942;380809;
488810;19049;38289;56700;267311;381349;
489822;19063;38328;56748;267576;381715;
490824;19086;38368;56793;267784;382031;
491837;19094;38392;56826;267931;382243;
492849;19106;38411;56851;268053;382421;
493865;19142;38450;56944;268429;382965;
494877;19153;38470;56979;268553;383155;
495888;19155;38486;56990;268605;383236;
496898;19164;38499;57014;268721;383398;
497910;19171;38518;57031;268809;383529;
498922;19189;38557;57102;269051;383899;
499932;19209;38595;57189;269369;384362;
500932;19222;38613;57224;269542;384601;
501932;19235;38647;57268;269800;384950;
502944;19249;38675;57314;270095;385333;
503953;19252;38688;57332;270195;385467;
504965;19257;38694;57353;270254;385558;
505976;19270;38730;57377;270419;385796;
506990;19279;38751;57404;270554;385988;
508004;19298;38784;57460;270788;386330;
509009;19310;38804;57488;270919;386521;
510022;19314;38810;57500;270968;386592;
511022;19324;38828;57536;271113;386801;
512025;19330;38838;57550;271176;386894;
513037;19336;38859;57573;271325;387093;
514049;19339;38865;57589;271378;387171;
515059;19348;38881;57614;271497;387340;
516070;19364;38920;57664;271777;387725;
517084;19383;38954;57694;271953;387984;
518096;19394;38970;57717;272050;388131;
519110;19401;38990;57752;272250;388393;
520121;19410;39007;57777;272369;388563;
521120;19419;39016;57795;272452;388682;
522122;19434;39040;57835;272629;388938;
523133;19451;39085;57884;272917;389337;
524148;19463;39103;57908;273061;389535;
525148;19479;39130;57965;273265;389839;
526163;19488;39148;57992;273382;390010;
527176;19499;39160;58015;273469;390143;
528191;19503;39165;58028;273526;390222;
529201;19517;39202;58059;273694;390472;
530211;19535;39232;58107;273891;390765;
531211;19537;39249;58138;273994;390918;
532220;19550;39286;58189;274222;391247;
533226;19571;39329;58258;274538;391696;
534235;19591;39358;58306;274761;392016;
535243;19606;39390;58361;275021;392378;
536249;19657;39478;58531;275712;393378;
537250;19711;39569;58697;276401;394378;
538254;19765;39655;58873;277085;395378;
539264;19814;39730;59024;277810;396378;
540265;19862;39818;59195;278503;397378;
541279;19910;39905;59354;279209;398378;
542282;19941;39985;59467;279786;399179;
543284;19993;40082;59634;280470;400179;
544290;20039;40180;59783;281177;401179;
545298;20079;40283;59935;281882;402179;
546298;20127;40378;60076;282598;403179;
547314;20179;40495;60224;283281;404179;
548325;20222;40588;60380;283989;405179;
549338;20275;40698;60515;284691;406179;
550352;20318;40805;60669;285387;407179;
551366;20368;40904;60826;286081;408179;
552381;20426;41003;60967;286783;409179;
553392;20490;41095;61106;287488;410179;
554404;20542;41192;61268;288177;411179;
555414;20587;41298;61412;288882;412179;
556430;20634;41412;61584;289549;413179;
557443;20685;41506;61747;290241;414179;
558458;20744;41597;61901;290937;415179;
559467;20783;41702;62050;291644;416179;
560479;20828;41789;62223;292339;417179;
561493;20880;41892;62369;293038;418179;
562503;20931;41989;62511;293748;419179;
563516;20974;42101;62656;294448;420179;
564529;21025;42224;62793;295137;421179;
565543;21070;42329;62955;295825;422179;
566556;21120;42419;63114;296526;423179;
567565;21166;42518;63258;297237;424179;
568575;21230;42611;63414;297924;425179;
569583;21280;42710;63557;298632;426179;
570594;21324;42814;63716;299325;427179;
571604;21365;42907;63886;300021;428179;
572617;21423;43013;64041;300702;429179;
573632;21476;43140;64189;301374;430179;
574645;21528;43243;64331;302077;431179;
575659;21575;43344;64479;302781;432179;
576666;21619;43439;64638;303483;433179;
577676;21680;43517;64789;304193;434179;
578684;21723;43621;64944;304891;435179;
579684;21766;43717;65088;305608;436179;
580698;21813;43817;65245;306304;437179;
581710;21855;43899;65415;307010;438179;
582716;21906;43989;65567;307717;439179;
583715;21955;44100;65706;308418;440179;
584725;22002;44194;65858;309125;441179;
585736;22053;44295;66001;309830;442179;
586748;22111;44385;66148;310535;443179;
587759;22153;44485;66292;311249;444179;
588772;22206;44575;66453;311945;445179;
589782;22263;44673;66608;312635;446179;
590799;22321;44791;66755;313312;447179;
591812;22383;44895;66894;314007;448179;
592826;22429;44979;67044;314727;449179;
593841;22483;45063;67188;315445;450179;
594842;22526;45160;67334;316159;451179;
595852;22573;45264;67492;316850;452179;
596866;22630;45345;67645;317559;453179;
597879;22687;45446;67792;318254;454179;
598895;22740;45562;67938;318939;455179;
599908;22788;45655;68084;319652;456179;
600920;22829;45755;68238;320357;457179;
601934;22884;45864;68395;321036;458179;
602946;22947;45978;68559;321695;459179;
603959;22986;46078;68727;322388;460179;
604967;23030;46170;68882;323097;461179;
605965;23087;46291;69015;323786;462179;
606976;23145;46394;69176;324464;463179;
607990;23197;46487;69342;325153;464179;
608990;23251;46585;69491;325852;465179;
610004;23304;46683;69653;326539;466179;
611015;23355;46768;69807;327249;467179;
612025;23401;46868;69975;327935;468179;
613036;23461;46965;70120;328633;469179;
614051;23519;47058;70268;329334;470179;
615062;23572;47165;70405;330037;471179;
616075;23622;47291;70546;330720;472179;
617084;23679;47391;70682;331427;473179;
618091;23719;47473;70834;332153;474179;
619098;23771;47584;70969;332855;475179;
620105;23813;47675;71118;333573;476179;
621105;23871;47791;71243;334274;477179;
622108;23926;47892;71376;334985;478179;
623122;23974;47991;71519;335695;479179;
624133;24028;48077;71685;336389;480179;
625146;24077;48176;71821;337105;481179;
626146;24126;48270;71988;337795;482179;
627151;24180;48359;72141;338499;483179;
628162;24222;48462;72310;339185;484179;
629164;24270;48566;72483;339860;485179;
630171;24322;48676;72617;340564;486179;
631185;24376;48771;72775;341257;487179;
632201;24426;48876;72922;341955;488179;
633213;24483;48982;73088;342626;489179;
634228;24541;49085;73243;343310;490179;
635240;24585;49182;73379;344033;491179;
636250;24623;49289;73517;344750;492179;
637265;24665;49396;73673;345445;493179;
638280;24715;49474;73823;346167;494179;
639292;24766;49585;73966;346862;495179;
640305;24819;49688;74103;347569;496179;
641320;24864;49807;74247;348261;497179;
642328;24913;49920;74384;348962;498179;
643343;24955;50019;74540;349665;499179;
644354;25002;50115;74691;350371;500179;
645359;25047;50224;74842;351066;501179;
646367;25109;50316;74973;351781;502179;
647376;25157;50409;75123;352490;503179;
648389;25204;50530;75270;353175;504179;
649395;25254;50626;75398;353901;505179;
650399;25297;50709;75549;354624;506179;
651411;25354;50815;75705;355305;507179;
652412;25398;50915;75846;356020;508179;
653426;25439;51016;75989;356735;509179;
654433;25496;51124;76149;357410;510179;
655434;25550;51227;76288;358114;511179;
656447;25601;51322;76443;358813;512179;
657463;25654;51423;76586;359516;513179;
658465;25708;51519;76712;360240;514179;
659481;25755;51626;76839;360959;515179;
660486;25800;51732;76992;361655;516179;
661486;25855;51816;77149;362359;517179;
662496;25915;51914;77312;363038;518179;
663499;25969;52015;77467;363728;519179;
664510;26010;52114;77623;364432;520179;
665522;26058;52206;77780;365135;521179;
666536;26102;52282;77908;365887;522179;
667543;26148;52392;78057;366582;523179;
668548;26199;52494;78203;367283;524179;
669562;26256;52599;78362;367962;525179;
670575;26302;52697;78518;368662;526179;
671588;26352;52804;78662;369361;527179;
672589;26390;52901;78822;370066;528179;
673602;26439;53005;78981;370754;529179;
674612;26490;53105;79131;371453;530179;
675622;26533;53198;79275;372173;531179;
676634;26578;53302;79432;372867;532179;
677649;26623;53409;79594;373553;533179;
678660;26672;53496;79737;374274;534179;
679672;26715;53612;79887;374965;535179;
680685;26766;53714;80023;375676;536179;
681697;26814;53797;80182;376386;537179;
682702;26862;53893;80339;377085;538179;
683703;26920;53983;80509;377767;539179;
684709;26980;54071;80649;378479;540179;
685711;27032;54150;80783;379214;541179;
686723;27077;54257;80949;379896;542179;
687723;27133;54370;81093;380583;543179;
688726;27177;54457;81253;381292;544179;
689734;27227;54538;81392;382022;545179;
690739;27281;54652;81533;382713;546179;
691751;27332;54745;81703;383399;547179;
692764;27393;54853;81838;384095;548179;
693779;27433;54950;81984;384812;549179;
694789;27490;55033;82154;385502;550179;
695791;27544;55123;82306;386206;551179;
696804;27606;55227;82454;386892;552179;
697815;27656;55319;82619;387585;553179;
698815;27700;55412;82780;388287;554179;
699826;27761;55494;82916;389008;555179;
700838;27816;55586;83084;389693;556179;
701858;27871;55694;83236;390378;557179;
702869;27923;55807;83394;391055;558179;
703877;27962;55911;83538;391768;559179;
704888;28014;56020;83696;392449;560179;
705887;28069;56117;83852;393141;561179;
706899;28118;56222;83982;393857;562179;
707916;28166;56318;84134;394561;563179;
708927;28211;56453;84272;395243;564179;
709940;28247;56560;84410;395962;565179;
710941;28299;56658;84549;396673;566179;
711943;28350;56747;84706;397376;567179;
712953;28396;56838;84856;398089;568179;
713965;28436;56927;85014;398802;569179;
714979;28488;57033;85165;399493;570179;
715983;28544;57125;85313;400197;571179;
716995;28593;57232;85477;400877;572179;
718006;28642;57319;85613;401605;573179;
719021;28701;57423;85748;402307;574179;
720035;28749;57513;85903;403014;575179;
721044;28805;57593;86055;403726;576179;
722053;28846;57697;86191;404445;577179;
723056;28894;57793;86339;405153;578179;
724069;28949;57893;86497;405840;579179;
725081;28996;57995;86632;406556;580179;
726087;29050;58083;86770;407276;581179;
727095;29088;58177;86904;408010;582179;
728109;29153;58279;87053;408694;583179;
729121;29207;58375;87215;409382;584179;
730132;29263;58479;87351;410086;585179;
731145;29311;58578;87512;410778;586179;
732158;29361;58668;87652;411498;587179;
733170;29392;58781;87815;412191;588179;
734180;29449;58881;87957;412892;589179;
735190;29495;58984;88091;413609;590179;
736197;29556;59072;88247;414304;591179;
737211;29605;59167;88387;415020;592179;
738224;29657;59267;88545;415710;593179;
739224;29710;59370;88712;416387;594179;
740236;29758;59478;88862;417081;595179;
741243;29801;59581;88997;417800;596179;
742251;29848;59686;89144;418501;597179;
743260;29899;59788;89306;419186;598179;
744276;29954;59880;89461;419884;599179;
745286;30009;59985;89614;420571;600179;
746300;30056;60077;89765;421281;601179;
747315;30111;60161;89930;421977;602179;
748330;30163;60261;90079;422676;603179;
749340;30221;60361;90231;423366;604179;
750354;30281;60461;90376;424061;605179;
751367;30326;60567;90533;424753;606179;
752369;30370;60652;90690;425467;607179;
753385;30420;60751;90838;426170;608179;
754395;30462;60834;90985;426898;609179;
755405;30521;60924;91135;427599;610179;
756419;30562;61039;91279;428299;611179;
757426;30616;61143;91413;429007;612179;
758427;30668;61240;91558;429713;613179;
759434;30710;61335;91691;430443;614179;
760434;30758;61432;91840;431149;615179;
761447;30810;61527;91968;431874;616179;
762457;30860;61632;92095;432592;617179;
763468;30906;61721;92242;433310;618179;
764470;30949;61826;92388;434016;619179;
765471;31002;61925;92529;434723;620179;
766474;31067;62030;92680;435402;621179;
767483;31116;62131;92830;436102;622179;
768493;31169;62227;92988;436795;623179;
769494;31226;62334;93123;437496;624179;
770504;31265;62442;93251;438221;625179;
771519;31320;62540;93393;438926;626179;
772520;31367;62631;93545;439636;627179;
773520;31413;62736;93705;440325;628179;
774523;31456;62831;93864;441028;629179;
775527;31506;62925;94017;441731;630179;
776543;31555;63019;94150;442455;631179;
777544;31598;63119;94297;443165;632179;
778554;31651;63218;94465;443845;633179;
779568;31702;63325;94622;444530;634179;
780578;31754;63440;94783;445202;635179;
781590;31809;63559;94917;445894;636179;
782605;31854;63655;95063;446607;637179;
783605;31912;63753;95251;447263;638179;
784618;31966;63848;95406;447959;639179;
785617;32020;63936;95561;448662;640179;
786627;32072;64049;95696;449362;641179;
787638;32122;64151;95876;450030;642179;
788640;32172;64278;96006;450723;643179;
789652;32203;64398;96140;451438;644179;
790661;32240;64499;96299;452141;645179;
791673;32293;64593;96449;452844;646179;
792679;32354;64695;96597;453533;647179;
793691;32403;64790;96744;454242;648179;
794700;32441;64886;96894;454958;649179;
795701;32495;64981;97035;455668;650179;
796715;32547;65101;97178;456353;651179;
797727;32598;65199;97324;457058;652179;
798742;32649;65309;97463;457758;653179;
799745;32696;65416;97611;458456;654179;
800757;32735;65511;97768;459165;655179;
801772;32786;65609;97914;459870;656179;
802778;32833;65731;98076;460539;657179;
803791;32877;65840;98235;461227;658179;
804803;32919;65957;98392;461911;659179;
805808;32975;66048;98520;462636;660179;
806821;33029;66141;98668;463341;661179;
807833;33086;66245;98816;464032;662179;
808846;33139;66358;98977;464705;663179;
809847;33190;66439;99143;465407;664179;
810847;33237;66543;99278;466121;665179;
811859;33279;66638;99430;466832;666179;
812873;33319;66744;99572;467544;667179;
813886;33377;66835;99702;468265;668179;
814887;33424;66942;99862;468951;669179;
815892;33482;67026;100009;469662;670179;
816904;33536;67120;100163;470360;671179;
817913;33590;67240;100295;471054;672179;
818926;33630;67343;100462;471744;673179;
819938;33670;67435;100610;472464;674179;
820950;33726;67527;100745;473181;675179;
821954;33760;67628;100912;473879;676179;
822959;33835;67725;101046;474573;677179;
823972;33886;67824;101201;475268;678179;
824978;33926;67913;101364;475976;679179;
825978;33972;68016;101523;476668;680179;
826991;34018;68123;101668;477370;681179;
827991;34069;68231;101824;478055;682179;
829006;34118;68327;101968;478766;683179;
830023;34167;68439;102132;479441;684179;
831029;34220;68537;102290;480132;685179;
832035;34276;68628;102430;480845;686179;
833042;34345;68699;102596;481539;687179;
834051;34394;68806;102750;482229;688179;
835062;34453;68896;102895;482935;689179;
836066;34500;68995;103046;483638;690179;
837074;34546;69100;103180;484353;691179;
838082;34590;69204;103322;485063;692179;
839095;34631;69315;103484;485749;693179;
840110;34678;69421;103647;486433;694179;
841123;34722;69516;103786;487155;695179;
842138;34785;69605;103946;487843;696179;
843150;34824;69705;104106;488544;697179;
844154;34873;69800;104262;489244;698179;
845162;34930;69896;104399;489954;699179;
846164;34979;70003;104560;490637;700179;
847167;35020;70101;104717;491341;701179;
848166;35085;70204;104874;492016;702179;
849174;35135;70303;105027;492714;703179;
850187;35186;70393;105181;493419;704179;
851193;35241;70492;105320;494126;705179;
852200;35294;70593;105452;494840;706179;
853212;35340;70690;105592;495557;707179;
854221;35409;70793;105740;496237;708179;
855226;35452;70879;105901;496947;709179;
856238;35511;70996;106051;497621;710179;
857252;35559;71091;106203;498326;711179;
858254;35620;71182;106362;499015;712179;
859254;35682;71275;106494;499728;713179;
860267;35724;71356;106646;500453;714179;
861283;35771;71457;106811;501140;715179;
862285;35826;71556;106973;501824;716179;
863292;35877;71653;107124;502525;717179;
864304;35932;71753;107294;503200;718179;
865317;35988;71855;107438;503898;719179;
866328;36042;71960;107569;504608;720179;
867342;36075;72073;107734;505297;721179;
868356;36128;72156;107895;506000;722179;
869362;36190;72243;108053;506693;723179;
870372;36241;72349;108206;507383;724179;
871378;36292;72453;108368;508066;725179;
872383;36354;72554;108534;508737;726179;
873385;36404;72661;108690;509424;727179;
874392;36451;72745;108862;510121;728179;
875409;36502;72830;109008;510839;729179;
876414;36560;72924;109170;511525;730179;
877428;36609;73018;109317;512235;731179;
878432;36654;73120;109496;512909;732179;
879442;36707;73234;109638;513600;733179;
880447;36751;73337;109788;514303;734179;
881460;36807;73430;109941;515001;735179;
882470;36853;73537;110092;515697;736179;
883485;36903;73639;110238;516399;737179;
884497;36951;73740;110399;517089;738179;
885502;37017;73839;110556;517767;739179;
886513;37063;73928;110705;518483;740179;
887525;37106;73999;110834;519065;741004;
888538;37121;74028;110867;519232;741248;
889552;37143;74068;110941;519583;741735;
890552;37155;74094;110981;519758;741988;
891567;37168;74108;111022;519928;742226;
892579;37174;74122;111036;520012;742344;
893589;37200;74194;111136;520399;742929;
894590;37206;74205;111160;520502;743073;
895604;37212;74230;111205;520674;743321;
896616;37218;74244;111231;520818;743511;
897629;37228;74261;111269;520934;743692;
898643;37250;74308;111329;521272;744159;
899652;37262;74328;111356;521401;744347;
900661;37282;74351;111393;521577;744603;
901676;37293;74376;111430;521757;744856;
902692;37311;74413;111503;522010;745237;
903705;37322;74438;111533;522160;745453;
904720;37341;74471;111592;522424;745828;
905733;37344;74480;111606;522493;745923;
906745;37351;74492;111628;522620;746091;
907756;37362;74526;111669;522790;746347;
908771;37367;74532;111687;522878;746464;
909774;37373;74538;111698;522925;746534;
910787;37380;74554;111711;523050;746695;
911800;37389;74563;111730;523121;746803;
912811;37407;74597;111776;523320;747100;
913823;37411;74606;111797;523419;747233;
914837;37414;74610;111808;523465;747297;
915844;37417;74625;111818;523546;747406;
916847;37422;74633;111841;523638;747534;
917859;37439;74656;111886;523842;747823;
918867;37465;74712;111956;524168;748301;
919879;37479;74755;112020;524478;748732;
920895;37480;74765;112030;524534;748809;
921904;37483;74773;112039;524586;748881;
922911;37495;74806;112078;524795;749174;
923924;37507;74826;112123;524992;749448;
924935;37531;74873;112192;525323;749919;
925949;37537;74896;112244;525528;750205;
926961;37549;74933;112292;525798;750572;
927964;37557;74969;112330;525957;750813;
928970;37571;74997;112369;526195;751132;
929983;37580;75004;112391;526297;751272;
931004;37612;75085;112539;526948;752184;
932005;37615;75095;112552;527023;752285;
933020;37624;75119;112581;527158;752482;
934031;37633;75133;112606;527289;752661;
935043;37639;75157;112656;527455;752907;
936056;37671;75218;112766;527930;753585;
937071;37680;75244;112804;528084;753812;
938081;37680;75252;112814;528141;753887;
939087;37686;75274;112847;528251;754058;
940094;37715;75326;112912;528554;754507;
941109;37723;75342;112938;528695;754698;
942118;37744;75395;112993;528993;755125;
943130;37749;75402;113015;529092;755258;
944130;37762;75438;113063;529326;755589;
945135;37792;75485;113123;529676;756076;
946145;37801;75509;113158;529798;756266;
947146;37807;75514;113168;529858;756347;
948160;37825;75539;113207;530082;756653;
949176;37836;75577;113267;530310;756990;
950184;37852;75614;113319;530605;757390;
951189;37861;75632;113348;530714;757555;
952195;37881;75663;113398;530961;757903;
953211;37893;75682;113427;531087;758089;
954215;37900;75692;113455;531189;758236;
955214;37906;75705;113472;531270;758353;
956226;37912;75717;113488;531344;758461;
957239;37922;75760;113571;531709;758962;
958251;37928;75766;113584;531767;759045;
959265;37933;75782;113607;531904;759226;
960275;37943;75794;113626;532014;759377;
961286;37957;75818;113663;532158;759596;
962298;37970;75838;113692;532264;759764;
963310;37972;75846;113708;532314;759840;
964319;37985;75871;113748;532518;760122;
965329;37996;75886;113772;532622;760276;
966342;37999;75897;113785;532691;760372;
967352;38007;75910;113807;532800;760524;
968368;38021;75933;113850;532963;760767;
969380;38041;75958;113911;533194;761104;
970387;38052;75976;113937;533313;761278;
971392;38058;75988;113960;533442;761448;
972405;38066;76011;113996;533622;761695;
973419;38076;76056;114049;533863;762044;
974432;38081;76070;114078;533991;762220;
975437;38091;76090;114103;534094;762378;
976448;38106;76129;114175;534407;762817;
977452;38114;76140;114197;534510;762961;
978458;38131;76161;114228;534690;763210;
979472;38155;76191;114288;535018;763652;
980475;38170;76224;114327;535250;763971;
981486;38175;76238;114339;535317;764069;
982494;38183;76273;114375;535502;764333;
983510;38197;76307;114421;535754;764679;
984523;38216;76346;114458;535990;765010;
985537;38235;76393;114517;536312;765457;
986536;38255;76443;114587;536600;765885;
987547;38273;76474;114641;536805;766193;
988563;38275;76481;114657;536854;766267;
989570;38277;76489;114674;536913;766353;
990581;38288;76516;114721;537088;766613;
991581;38298;76529;114755;537229;766811;
992597;38301;76538;114762;537297;766898;
993612;38316;76571;114809;537535;767231;
994611;38326;76592;114843;537697;767458;
995627;38334;76598;114860;537776;767568;
996638;38347;76647;114921;538035;767950;
997644;38364;76674;114960;538227;768225;
998647;38392;76714;115032;538509;768647;
999657;38408;76739;115065;538668;768880;
1000672;38415;76756;115084;538768;769023;
1001687;38426;76776;115132;538953;769287;
1002698;38434;76789;115155;539067;769445;
1003698;38453;76825;115214;539277;769769;
1004711;38465;76847;115249;539438;769999;
1005713;38475;76862;115277;539594;770208;
1006713;38497;76896;115344;539887;770624;
1007712;38506;76907;115365;539964;770742;
1008723;38525;76965;115446;540311;771247;
1009737;38527;76971;115457;540378;771333;
1010751;38532;76980;115468;540419;771399;
1011768;38548;77019;115511;540622;771700;
1012782;38563;77059;115564;540869;772055;
1013796;38575;77099;115619;541152;772445;
1014808;38592;77127;115666;541332;772717;
1015824;38605;77153;115694;541487;772939;
1016837;38610;77173;115720;541625;773128;
1017853;38616;77196;115765;541772;773349;
1018854;38623;77213;115793;541887;773516;
1019864;38647;77255;115847;542148;773897;
1020875;38653;77274;115875;542250;774052;
1021878;38671;77311;115912;542472;774366;
1022889;38692;77351;115966;542710;774719;
1023905;38700;77369;116000;542835;774904;
1024917;38705;77381;116015;542931;775032;
1025931;38715;77397;116037;543025;775174;
1026942;38720;77410;116061;543125;775316;
1027957;38739;77450;116093;543354;775636;
1028957;38743;77470;116121;543440;775774;
1029970;38755;77490;116135;543547;775927;
1030982;38774;77516;116183;543815;776288;
1031998;38797;77564;116256;544102;776719;
1033013;38813;77587;116296;544295;776991;
1034024;38824;77604;116332;544423;777183;
1035033;38839;77655;116385;544715;777594;
1036048;38870;77717;116502;545199;778288;
1037059;38893;77765;116574;545566;778798;
1038070;38899;77782;116587;545645;778913;
1039083;38909;77808;116632;545834;779183;
1040094;38922;77826;116655;545971;779374;
1041096;38940;77848;116703;546172;779663;
1042107;38949;77891;116752;546417;780009;
1043110;38952;77899;116764;546488;780103;
1044111;38968;77921;116793;546660;780342;
1045122;38992;77962;116868;546898;780720;
1046137;39001;77993;116902;547100;780996;
1047147;39016;78029;116951;547340;781336;
1048162;39022;78051;116990;547458;781521;
1049177;39030;78074;117044;547664;781812;
1050188;39078;78161;117189;548384;782812;
1051190;39133;78257;117342;549080;783812;
1052202;39182;78379;117479;549772;784812;
1053202;39234;78487;117638;550453;785812;
1054217;39287;78586;117794;551145;786812;
1055232;39339;78690;117954;551829;787812;
1056245;39395;78775;118103;552539;788812;
1057254;39431;78885;118259;553237;789812;
1058267;39488;78978;118411;553935;790812;
1059279;39545;79076;118561;554630;791812;
1060294;39587;79168;118732;555325;792812;
1061309;39629;79266;118897;556020;793812;
1062319;39673;79361;119035;556743;794812;
1063322;39754;79446;119192;557420;795812;
1064331;39802;79555;119338;558117;796812;
1065349;39841;79645;119493;558833;797812;
1066351;39894;79776;119615;559527;798812;
1067349;39946;79886;119755;560225;799812;
1068365;40005;79983;119914;560910;800812;
1069379;40064;80063;120071;561614;801812;
1070378;40114;80165;120217;562316;802812;
1071388;40157;80260;120373;563022;803812;
1072404;40204;80354;120524;563730;804812;
1073405;40265;80448;120655;564444;805812;
1074416;40311;80555;120820;565126;806812;
1075431;40344;80659;120993;565816;807812;
1076441;40393;80746;121130;566543;808812;
1077454;40445;80857;121277;567233;809812;
1078467;40493;80969;121430;567920;810812;
1079483;40539;81064;121577;568632;811812;
1080497;40593;81153;121736;569330;812812;
1081511;40641;81249;121885;570037;813812;
1082525;40691;81348;122038;570735;814812;
1083540;40740;81448;122203;571421;815812;
1084549;40792;81556;122347;572117;816812;
1085563;40846;81649;122511;572806;817812;
1086572;40894;81751;122671;573496;818812;
1087586;40950;81861;122833;574168;819812;
1088600;41001;81975;122981;574855;820812;
1089615;41054;82060;123119;575579;821812;
1090628;41095;82157;123268;576292;822812;
1091629;41145;82240;123448;576979;823812;
1092643;41198;82341;123593;577680;824812;
1093645;41253;82442;123726;578391;825812;
1094661;41306;82558;123875;579073;826812;
1095668;41353;82666;124027;579766;827812;
1096682;41399;82768;124172;580473;828812;
1097691;41445;82864;124323;581180;829812;
1098708;41486;82959;124464;581903;830812;
1099720;41532;83052;124624;582604;831812;
1100735;41578;83152;124763;583319;832812;
1101742;41630;83233;124905;584044;833812;
1102754;41690;83336;125064;584722;834812;
1103770;41743;83451;125213;585405;835812;
1104771;41792;83546;125369;586105;836812;
1105781;41851;83631;125525;586805;837812;
1106798;41904;83737;125676;587495;838812;
1107813;41960;83838;125823;588191;839812;
1108825;42015;83932;125982;588883;840812;
1109829;42076;84048;126151;589537;841812;
1110832;42120;84151;126306;590235;842812;
1111846;42174;84263;126446;590929;843812;
1112851;42238;84369;126589;591616;844812;
1113850;42293;84475;126721;592323;845812;
1114866;42338;84557;126900;593017;846812;
1115879;42394;84657;127038;593723;847812;
1116891;42443;84764;127216;594389;848812;
1117902;42503;84866;127358;595085;849812;
1118917;42552;84965;127524;595771;850812;
1119930;42596;85066;127653;596497;851812;
1120942;42659;85159;127831;597163;852812;
1121945;42708;85270;127980;597854;853812;
1122955;42758;85382;128137;598535;854812;
1123963;42812;85481;128290;599229;855812;
1124978;42862;85582;128444;599924;856812;
1125983;42908;85683;128597;600624;857812;
1126997;42960;85784;128735;601333;858812;
1128012;43010;85890;128894;602018;859812;
1129018;43068;85997;129018;602729;860812;
1130031;43110;86098;129163;603441;861812;
1131030;43165;86190;129312;604145;862812;
1132045;43220;86271;129480;604841;863812;
1133049;43272;86385;129627;605528;864812;
1134063;43315;86497;129779;606221;865812;
1135075;43368;86586;129937;606921;866812;
1136088;43413;86680;130094;607625;867812;
1137102;43460;86774;130257;608321;868812;
1138105;43504;86887;130407;609014;869812;
1139120;43555;86987;130550;609720;870812;
1140135;43599;87094;130722;610397;871812;
1141135;43656;87184;130872;611100;872812;
1142139;43713;87285;131013;611801;873812;
1143145;43758;87410;131155;612489;874812;
1144152;43822;87512;131305;613173;875812;
1145162;43872;87612;131438;613890;876812;
1146168;43920;87709;131576;614607;877812;
1147173;43977;87805;131719;615311;878812;
1148173;44022;87906;131855;616029;879812;
1149176;44072;88013;132013;616714;880812;
1150182;44120;88106;132171;617415;881812;
1151187;44170;88218;132306;618118;882812;
1152201;44216;88323;132450;618823;883812;
1153199;44258;88420;132596;619538;884812;
1154210;44305;88521;132757;620229;885812;
1155214;44350;88598;132893;620971;886812;
1156215;44395;88708;133055;621654;887812;
1157217;44440;88796;133195;622381;888812;
1158216;44486;88888;133369;623069;889812;
1159232;44533;88981;133504;623794;890812;
1160236;44578;89074;133662;624498;891812;
1161244;44616;89183;133822;625191;892812;
1162246;44664;89277;133967;625904;893812;
1163249;44709;89379;134123;626601;894812;
1164251;44753;89500;134270;627289;895812;
1165252;44813;89600;134427;627972;896812;
1166251;44856;89696;134584;628676;897812;
1167265;44910;89789;134755;629358;898812;
1168268;44963;89881;134882;630086;899812;
1169269;45010;90004;135036;630762;900812;
1170271;45067;90104;135179;631462;901812;
1171273;45119;90191;135330;632172;902812;
1172289;45185;90292;135470;632865;903812;
1173286;45236;90403;135609;633564;904812;
1174303;45288;90504;135772;634248;905812;
1175308;45358;90592;135920;634942;906812;
1176308;45408;90684;136097;635623;907812;
1177309;45448;90792;136236;636336;908812;
1178315;45507;90910;136385;637010;909812;
1179316;45560;91018;136522;637712;910812;
1180318;45605;91105;136682;638420;911812;
1181317;45648;91179;136860;639125;912812;
1182331;45704;91274;137008;639826;913812;
1183338;45751;91370;137150;640541;914812;
1184350;45803;91458;137304;641247;915812;
1185353;45851;91545;137426;641990;916812;
1186364;45896;91636;137574;642706;917812;
1187367;45943;91731;137741;643397;918812;
1188374;45988;91841;137908;644075;919812;
1189375;46025;91940;138076;644771;920812;
1190377;46071;92041;138211;645489;921812;
1191379;46112;92149;138343;646208;922812;
1192382;46165;92251;138504;646892;923812;
1193384;46212;92359;138672;647569;924812;
1194390;46245;92486;138839;648242;925812;
1195390;46290;92584;138990;648948;926812;
1196399;46340;92677;139151;649644;927812;
1197414;46398;92790;139306;650318;928812;
1198417;46440;92895;139457;651020;929812;
1199420;46470;93010;139611;651721;930812;
1200427;46524;93118;139768;652402;931812;
1201431;46575;93220;139904;653113;932812;
1202430;46633;93321;140063;653795;933812;
1203437;46682;93435;140205;654490;934812;
1204436;46730;93529;140349;655204;935812;
1205437;46791;93633;140498;655890;936812;
1206450;46838;93730;140646;656598;937812;
1207448;46884;93820;140808;657300;938812;
1208450;46930;93917;140953;658012;939812;
1209456;46969;94018;141096;658729;940812;
1210459;47033;94111;141250;659418;941812;
1211461;47084;94221;141388;660119;942812;
1212467;47130;94326;141558;660798;943812;
1213473;47182;94434;141710;661486;944812;
1214486;47225;94542;141853;662192;945812;
1215497;47278;94644;142000;662890;946812;
1216495;47322;94756;142155;663579;947812;
1217509;47372;94864;142323;664253;948812;
1218520;47422;94964;142461;664965;949812;
1219522;47474;95067;142619;665652;950812;
1220531;47518;95171;142754;666369;951812;
1221536;47561;95288;142891;667072;952812;
1222546;47621;95394;143038;667759;953812;
1223549;47668;95493;143196;668455;954812;
1224558;47728;95605;143340;669139;955812;
1225562;47773;95699;143499;669841;956812;
1226573;47825;95790;143665;670532;957812;
1227572;47877;95885;143807;671243;958812;
1228576;47920;95985;143938;671969;959812;
1229580;47973;96090;144091;672658;960812;
1230592;48022;96202;144254;673334;961812;
1231602;48066;96297;144423;674026;962812;
1232606;48124;96380;144561;674747;963812;
1233618;48170;96474;144721;675447;964812;
1234632;48208;96572;144846;676186;965812;
1235645;48255;96658;144999;676900;966812;
1236657;48319;96763;145150;677580;967812;
1237671;48362;96868;145300;678282;968812;
1238682;48412;96975;145444;678981;969812;
1239698;48462;97068;145597;679685;970812;
1240711;48505;97180;145751;680376;971812;
1241724;48565;97274;145893;681080;972812;
1242723;48612;97363;146042;681795;973812;
1243738;48672;97448;146201;682491;974812;
1244751;48719;97552;146350;683191;975812;
1245757;48751;97659;146503;683899;976812;
1246762;48804;97756;146651;684601;977812;
1247775;48842;97853;146804;685313;978812;
1248788;48898;97939;146948;686027;979812;
1249799;48940;98048;147105;686719;980812;
1250810;48991;98138;147250;687433;981812;
1251826;49029;98244;147395;688144;982812;
1252837;49075;98360;147533;688844;983812;
1253838;49122;98456;147683;689551;984812;
1254853;49186;98547;147834;690245;985812;
1255867;49230;98653;147996;690933;986812;
1256882;49273;98747;148140;691652;987812;
1257892;49318;98848;148290;692356;988812;
1258893;49367;98943;148450;693052;989812;
1259904;49419;99029;148608;693756;990812;
1260919;49477;99115;148758;694462;991812;
1261922;49523;99217;148943;695129;992812;
1262934;49572;99330;149084;695826;993812;
1263947;49622;99420;149235;696535;994812;
1264956;49683;99537;149383;697209;995812;
1265970;49745;99635;149539;697893;996812;
1266984;49791;99744;149662;698615;997812;
1267997;49842;99830;149812;699328;998812;
1269010;49885;99942;149946;700039;999812;
1270022;49901;99984;150002;700302;1000189;
