Timestamp; Shipment; Messages generated in shipment; Queue lenght; Next shipment; Total produced
14;1;806;806;826;806
845;2;425;425;661;1231
1512;3;489;489;678;1720
2198;4;498;498;566;2218
2775;5;701;701;634;2919
3413;6;571;571;611;3490
4036;7;653;653;625;4143
4677;8;902;902;881;5045
5569;9;887;887;805;5932
6376;10;621;621;98;6553
6484;11;316;937;557;6869
7044;12;462;462;764;7331
7823;13;398;398;193;7729
8025;14;950;1348;907;8679
8947;15;506;506;359;9185
9320;16;909;909;191;10094
9523;17;356;1265;472;10450
10003;18;568;833;961;11018
10972;19;661;661;631;11679
11611;20;800;800;233;12479
11860;21;354;354;291;12833
12155;22;455;809;286;13288
12451;23;667;667;940;13955
13404;24;967;967;366;14922
13776;25;536;536;888;15458
14677;26;710;710;554;16168
15240;27;462;462;49;16630
15302;28;649;649;263;17279
15567;29;558;1207;418;17837
15988;30;839;1046;606;18676
16609;31;901;947;184;19577
16795;32;399;1346;819;19976
17620;33;559;559;701;20535
18323;34;900;900;562;21435
18900;35;600;600;951;22035
19866;36;854;854;422;22889
20301;37;510;510;42;23399
20347;38;894;1404;602;24293
20957;39;866;866;212;25159
21174;40;893;1759;732;26052
21907;41;726;726;579;26778
22497;42;657;657;607;27435
23118;43;679;679;125;28114
23257;44;574;1253;220;28688
23492;45;943;1196;552;29631
24057;46;630;826;654;30261
24713;47;896;896;21;31157
24744;48;846;1742;975;32003
25727;49;407;407;985;32410
26712;50;511;511;927;32921
27648;51;453;453;14;33374
27664;52;938;1391;353;34312
28020;53;618;1009;60;34930
28082;54;758;1767;533;35688
28625;55;682;1449;251;36370
28889;56;651;2100;922;37021
29825;57;797;897;863;37818
30696;58;833;833;885;38651
31584;59;646;646;471;39297
32062;60;925;1571;480;40222
32545;61;955;1526;174;41177
32729;62;352;878;616;41529
33350;63;683;683;759;42212
34113;64;701;701;358;42913
34486;65;940;940;186;43853
34687;66;818;818;869;44671
35570;67;885;885;185;45556
35755;68;827;827;77;46383
35834;69;794;1621;801;47177
36645;70;636;1257;861;47813
37516;71;487;487;616;48300
38139;72;834;834;755;49134
38902;73;954;954;252;50088
39167;74;580;1534;134;50668
39307;75;652;1186;965;51320
40274;76;837;837;594;52157
40882;77;768;768;347;52925
41241;78;884;1652;165;53809
41410;79;494;1146;435;54303
41860;80;464;610;333;54767
42202;81;305;915;111;55072
42315;82;572;572;371;55644
42701;83;932;1504;524;56576
43233;84;804;1308;778;57380
44014;85;832;832;784;58212
44812;86;902;902;936;59114
45762;87;638;638;590;59752
46357;88;899;899;560;60651
46919;89;507;507;638;61158
47559;90;865;865;448;62023
48008;91;529;529;301;62552
48321;92;466;995;939;63018
49273;93;614;614;816;63632
50105;94;320;320;499;63952
50616;95;673;673;402;64625
51026;96;693;693;706;65318
51744;97;711;711;547;66029
52295;98;533;533;844;66562
53147;99;946;946;472;67508
53634;100;655;655;276;68163
53916;101;740;1395;731;68903
54649;102;684;684;376;69587
55038;103;983;983;10;70570
55054;104;981;1964;34;71551
55103;105;759;2723;281;72310
55400;106;632;3355;823;72942
56226;107;732;2087;143;73674
56382;108;971;3058;116;74645
56506;109;837;3895;346;75482
56862;110;592;3487;671;76074
57546;111;983;3470;807;77057
58357;112;925;2395;692;77982
59058;113;791;2186;470;78773
59539;114;545;1731;908;79318
60449;115;328;328;190;79646
60654;116;765;765;974;80411
61629;117;475;475;853;80886
62499;118;814;814;137;81700
62639;119;768;1582;455;82468
63107;120;938;1520;699;83406
63809;121;976;976;391;84382
64213;122;659;659;980;85041
65196;123;613;613;686;85654
65884;124;796;796;116;86450
66008;125;318;1114;199;86768
66212;126;901;2015;954;87669
67179;127;613;628;843;88282
68036;128;999;999;844;89281
68895;129;342;342;645;89623
69549;130;494;494;856;90117
70409;131;472;472;354;90589
70766;132;460;932;659;91049
71436;133;819;819;312;91868
71761;134;597;1416;285;92465
72057;135;767;1183;543;93232
72603;136;356;539;737;93588
73351;137;554;554;759;94142
74111;138;771;771;632;94913
74753;139;606;606;976;95519
75734;140;671;671;65;96190
75812;141;520;1191;35;96710
75860;142;638;1829;556;97348
76426;143;999;1828;990;98347
77418;144;985;985;450;99332
77872;145;425;425;839;99757
78719;146;580;580;433;100337
79169;147;981;981;664;101318
79841;148;852;852;981;102170
80831;149;390;390;770;102560
81605;150;591;591;469;103151
82091;151;665;665;144;103816
82247;152;367;1032;625;104183
82886;153;794;826;498;104977
83390;154;533;533;817;105510
84208;155;771;771;44;106281
84266;156;329;1100;228;106610
84503;157;567;1667;928;107177
85436;158;362;362;918;107539
86361;159;688;688;633;108227
87001;160;666;666;728;108893
87732;161;686;686;644;109579
88386;162;876;876;594;110455
88993;163;363;363;710;110818
89715;164;590;590;853;111408
90574;165;679;679;293;112087
90871;166;359;359;908;112446
91790;167;370;370;283;112816
92088;168;926;1296;681;113742
92776;169;307;307;352;114049
93135;170;941;1248;612;114990
93760;171;991;991;776;115981
94541;172;372;372;495;116353
95042;173;806;806;312;117159
95367;174;353;353;278;117512
95649;175;951;1304;905;118463
96568;176;637;637;93;119100
96662;177;833;1470;717;119933
97392;178;825;825;529;120758
97922;179;576;576;466;121334
98390;180;518;518;833;121852
99232;181;667;667;716;122519
99952;182;477;477;375;122996
100342;183;849;1326;965;123845
101309;184;525;525;787;124370
102103;185;619;619;130;124989
102244;186;938;1557;830;125927
103087;187;725;725;872;126652
103963;188;728;728;826;127380
104793;189;532;532;133;127912
104934;190;734;734;559;128646
105495;191;659;659;9;129305
105510;192;605;1264;672;129910
106196;193;860;1124;791;130770
106993;194;398;398;550;131168
107557;195;879;879;857;132047
108414;196;765;765;965;132812
109381;197;652;652;750;133464
110148;198;710;710;903;134174
111055;199;715;715;763;134889
111826;200;656;656;176;135545
112014;201;414;1070;884;135959
112903;202;668;668;85;136627
112997;203;921;1589;490;137548
113494;204;850;1439;266;138398
113776;205;566;1005;246;138964
114027;206;920;1925;69;139884
114105;207;655;1580;819;140539
114932;208;961;1541;582;141500
115522;209;823;1364;783;142323
116308;210;674;674;69;142997
116386;211;316;990;190;143313
116591;212;773;1763;997;144086
117599;213;955;955;51;145041
117661;214;845;1800;597;145886
118266;215;607;607;310;146493
118579;216;585;1192;298;147078
118880;217;432;624;833;147510
119723;218;344;344;87;147854
119818;219;685;1029;770;148539
120593;220;584;613;812;149123
121407;221;733;733;541;149856
121949;222;379;379;786;150235
122747;223;940;940;719;151175
123477;224;799;799;764;151974
124246;225;917;917;700;152891
124958;226;497;497;157;153388
125129;227;938;1435;804;154326
125939;228;917;917;26;155243
125970;229;755;1672;793;155998
126770;230;850;1522;353;156848
127127;231;310;832;883;157158
128015;232;765;765;685;157923
128714;233;883;883;137;158806
128855;234;392;392;26;159198
128886;235;638;1030;420;159836
129309;236;673;1703;422;160509
129745;237;537;1240;19;161046
129776;238;644;1884;612;161690
130398;239;956;956;792;162646
131193;240;523;523;639;163169
131847;241;399;399;815;163568
132676;242;827;827;180;164395
132862;243;969;1796;363;165364
133238;244;886;1682;478;166250
133721;245;855;1537;528;167105
134264;246;446;983;810;167551
135090;247;585;585;489;168136
135587;248;356;356;29;168492
135618;249;759;1115;343;169251
135965;250;477;1592;54;169728
136027;251;913;1505;120;170641
136153;252;581;2086;164;171222
136322;253;643;2729;862;171865
137197;254;977;1706;931;172842
138132;255;947;947;932;173789
139069;256;512;512;775;174301
139847;257;802;802;295;175103
140145;258;359;359;785;175462
140944;259;895;895;100;176357
141053;260;735;1630;636;177092
141693;261;331;331;612;177423
142318;262;395;395;605;177818
142925;263;467;467;702;178285
143628;264;527;527;722;178812
144364;265;547;547;981;179359
145360;266;758;758;362;180117
145736;267;567;567;726;180684
146470;268;638;638;612;181322
147092;269;921;921;220;182243
147326;270;354;354;349;182597
147684;271;383;737;219;182980
147917;272;543;543;747;183523
148666;273;809;809;137;184332
148807;274;471;471;786;184803
149599;275;907;907;834;185710
150436;276;881;881;343;186591
150784;277;603;603;117;187194
150907;278;756;1359;913;187950
151827;279;760;760;867;188710
152700;280;753;753;204;189463
152918;281;527;527;787;189990
153716;282;426;426;569;190416
154294;283;322;322;647;190738
154949;284;868;868;426;191606
155385;285;333;333;603;191939
155993;286;555;555;545;192494
156552;287;743;743;537;193237
157099;288;632;632;225;193869
157333;289;550;1182;728;194419
158064;290;381;381;546;194800
158626;291;447;447;734;195247
159376;292;587;587;510;195834
159894;293;443;443;340;196277
160235;294;772;772;358;197049
160609;295;479;479;108;197528
160733;296;734;1213;604;198262
161340;297;898;1111;255;199160
161605;298;917;1028;662;200077
162276;299;349;377;721;200426
163010;300;936;936;524;201362
163542;301;656;656;580;202018
164135;302;655;655;30;202673
164182;303;935;1590;533;203608
164718;304;579;1169;405;204187
165125;305;364;533;653;204551
165788;306;732;732;607;205283
166396;307;832;832;863;206115
167270;308;384;384;706;206499
167988;309;369;369;101;206868
168099;310;988;988;686;207856
168799;311;709;709;99;208565
168909;312;930;1639;806;209495
169717;313;300;300;627;209795
170354;314;537;537;226;210332
170591;315;567;1104;595;210899
171189;316;331;331;725;211230
171929;317;612;612;504;211842
172441;318;661;661;330;212503
172782;319;725;725;690;213228
173481;320;858;858;818;214086
174304;321;525;525;276;214611
174586;322;630;1155;127;215241
174727;323;356;511;645;215597
175381;324;984;984;943;216581
176333;325;935;935;466;217516
176801;326;532;532;500;218048
177302;327;698;698;497;218746
177813;328;347;347;988;219093
178813;329;301;301;720;219394
179544;330;413;413;1000;219807
180550;331;898;898;756;220705
181313;332;675;675;945;221380
182262;333;568;568;256;221948
182527;334;635;635;299;222583
182828;335;466;466;63;223049
182904;336;782;1248;77;223831
182997;337;678;1926;19;224509
183027;338;464;2390;22;224973
183060;339;437;2827;906;225410
183979;340;544;1371;815;225954
184804;341;488;859;168;226442
184975;342;909;909;865;227351
185847;343;685;685;254;228036
186113;344;824;824;283;228860
186408;345;794;1618;16;229654
186439;346;979;1597;590;230633
187031;347;668;1265;464;231301
187501;348;354;619;167;231655
187675;349;700;1319;134;232355
187816;350;701;2020;743;233056
188569;351;361;381;973;233417
189550;352;622;622;243;234039
189797;353;549;1171;444;234588
190251;354;347;518;995;234935
191248;355;642;642;876;235577
192134;356;711;711;431;236288
192571;357;582;582;303;236870
192883;358;601;1183;974;237471
193862;359;407;407;713;237878
194578;360;898;898;591;238776
195184;361;476;476;909;239252
196103;362;523;523;991;239775
197098;363;362;362;810;240137
197923;364;469;469;517;240606
198453;365;698;698;661;241304
199121;366;693;693;968;241997
200102;367;734;734;933;242731
201039;368;936;936;32;243667
201085;369;587;1523;796;244254
201894;370;871;871;885;245125
202794;371;558;558;441;245683
203248;372;773;1331;794;246456
204058;373;482;482;996;246938
205067;374;766;766;886;247704
205968;375;787;787;136;248491
206109;376;760;1547;452;249251
206563;377;437;984;880;249688
207444;378;932;932;4;250620
207454;379;673;1605;994;251293
208451;380;662;662;497;251955
208951;381;300;300;285;252255
209249;382;780;1080;121;253035
209373;383;771;1851;388;253806
209776;384;801;1652;470;254607
210258;385;878;1530;775;255485
211040;386;769;769;62;256254
211117;387;619;1388;790;256873
211915;388;468;856;629;257341
212555;389;873;873;380;258214
212945;390;784;1657;772;258998
213725;391;622;622;255;259620
213990;392;331;331;987;259951
214988;393;579;579;977;260530
215969;394;599;599;746;261129
216729;395;889;889;697;262018
217434;396;535;535;675;262553
218118;397;522;522;395;263075
218524;398;634;1156;793;263709
219319;399;329;329;300;264038
219630;400;436;436;362;264474
220004;401;572;1008;344;265046
220364;402;572;580;346;265618
220722;403;383;383;53;266001
220786;404;554;937;85;266555
220881;405;768;1705;291;267323
221174;406;985;1690;815;268308
222001;407;705;1395;81;269013
222096;408;912;2307;496;269925
222594;409;412;1719;864;270337
223459;410;394;394;554;270731
224020;411;440;440;998;271171
225035;412;817;817;853;271988
225891;413;826;826;254;272814
226157;414;368;1194;702;273182
226872;415;611;611;549;273793
227432;416;457;457;797;274250
228246;417;788;788;1;275038
228248;418;810;810;586;275848
228849;419;526;526;233;276374
229087;420;846;1372;406;277220
229494;421;791;1163;832;278011
230331;422;545;545;391;278556
230725;423;786;1331;760;279342
231488;424;766;766;799;280108
232297;425;632;632;221;280740
232530;426;734;734;372;281474
232903;427;494;494;635;281968
233543;428;355;355;347;282323
233891;429;822;822;23;283145
233918;430;563;1385;333;283708
234260;431;543;1928;559;284251
234835;432;472;1400;483;284723
235334;433;712;1112;282;285435
235630;434;971;1083;879;286406
236520;435;567;567;494;286973
237030;436;757;757;13;287730
237045;437;354;1111;880;288084
237935;438;472;583;817;288556
238762;439;468;468;961;289024
239729;440;799;799;268;289823
240008;441;374;374;791;290197
240802;442;337;337;927;290534
241732;443;371;371;269;290905
242011;444;994;994;302;291899
242323;445;991;1985;533;292890
242868;446;921;1906;641;293811
243524;447;576;576;160;294387
243698;448;866;1442;277;295253
243991;449;985;2427;929;296238
244928;450;980;1407;918;297218
245849;451;315;315;136;297533
245987;452;580;895;218;298113
246220;453;577;577;560;298690
246795;454;801;801;267;299491
247074;455;505;505;77;299996
247153;456;962;1467;384;300958
247542;457;849;2316;172;301807
247716;458;339;1655;608;302146
248339;459;858;1513;178;303004
248528;460;941;2454;331;303945
248870;461;602;2056;960;304547
249836;462;938;994;74;305485
249914;463;650;1644;442;306135
250368;464;356;1000;561;306491
250944;465;824;824;783;307315
251736;466;402;402;338;307717
252077;467;396;798;727;308113
252810;468;936;936;652;309049
253477;469;662;662;725;309711
254207;470;421;421;89;310132
254302;471;810;1231;807;310942
255113;472;698;929;493;311640
255610;473;393;393;567;312033
256184;474;909;909;463;312942
256652;475;749;749;805;313691
257463;476;849;849;956;314540
258428;477;963;963;882;315503
259312;478;748;748;61;316251
259375;479;495;495;121;316746
259501;480;592;1087;977;317338
260484;481;889;889;992;318227
261482;482;890;890;268;319117
261763;483;773;1663;952;319890
262716;484;435;435;714;320325
263444;485;474;474;214;320799
263662;486;403;877;754;321202
264424;487;823;823;640;322025
265065;488;553;553;539;322578
265611;489;406;406;19;322984
265642;490;725;1131;15;323709
265658;491;489;1620;119;324198
265783;492;945;2565;443;325143
266233;493;481;2046;255;325624
266497;494;643;1689;343;326267
266841;495;352;2041;22;326619
266872;496;488;2529;156;327107
267044;497;368;1897;691;327475
267748;498;398;1295;194;327873
267953;499;448;1743;437;328321
268392;500;78;821;632;328399
269036;501;147;147;225;328546
269271;502;135;282;108;328681
269382;503;157;439;369;328838
269758;504;96;96;873;328934
270636;505;82;82;102;329016
270745;506;97;179;113;329113
270870;507;144;323;155;329257
271026;508;154;154;387;329411
271416;509;193;347;765;329604
272190;510;96;96;56;329700
272253;511;124;220;14;329824
272268;512;85;305;772;329909
273052;513;112;112;733;330021
273792;514;186;186;31;330207
273838;515;161;347;457;330368
274298;516;150;150;169;330518
274472;517;186;336;982;330704
275463;518;136;136;472;330840
275950;519;65;65;390;330905
276343;520;128;128;386;331033
276737;521;64;64;287;331097
277036;522;145;209;398;331242
277444;523;116;116;581;331358
278026;524;151;151;811;331509
278849;525;184;184;62;331693
278927;526;176;360;465;331869
279395;527;86;86;308;331955
279708;528;183;183;8;332138
279724;529;131;314;747;332269
280487;530;100;100;297;332369
280795;531;146;146;310;332515
281107;532;142;288;471;332657
281591;533;109;109;49;332766
281641;534;152;152;344;332918
281999;535;70;222;621;332988
282622;536;158;158;880;333146
283510;537;161;161;792;333307
284306;538;129;129;950;333436
285262;539;72;72;878;333508
286154;540;161;161;915;333669
287076;541;192;192;753;333861
287839;542;168;168;575;334029
288416;543;141;141;475;334170
288900;544;120;120;216;334290
289117;545;75;195;721;334365
289851;546;72;72;587;334437
290446;547;101;101;501;334538
290961;548;137;137;906;334675
291880;549;127;127;590;334802
292472;550;130;130;444;334932
292922;551;117;117;603;335049
293530;552;138;138;597;335187
294139;553;140;140;576;335327
294717;554;71;71;759;335398
295483;555;158;158;485;335556
295972;556;124;124;482;335680
296464;557;148;148;38;335828
296509;558;84;232;438;335912
296962;559;82;82;17;335994
296993;560;61;143;457;336055
297457;561;158;158;256;336213
297723;562;70;228;46;336283
297771;563;99;327;251;336382
298034;564;106;106;353;336488
298391;565;127;233;997;336615
299389;566;143;143;66;336758
299467;567;175;175;853;336933
300329;568;78;78;701;337011
301034;569;93;93;591;337104
301631;570;124;124;870;337228
302505;571;61;61;865;337289
303379;572;98;98;714;337387
304096;573;124;124;312;337511
304409;574;111;235;991;337622
305408;575;74;74;467;337696
305877;576;106;106;515;337802
306394;577;79;79;650;337881
307049;578;165;165;453;338046
307515;579;116;281;504;338162
308030;580;167;167;164;338329
308200;581;79;79;576;338408
308777;582;120;120;971;338528
309758;583;198;198;912;338726
310676;584;75;75;16;338801
310708;585;98;173;910;338899
311627;586;121;121;376;339020
312017;587;150;150;984;339170
313013;588;195;195;281;339365
313310;589;184;184;324;339549
313637;590;136;320;841;339685
314489;591;156;156;642;339841
315143;592;178;178;252;340019
315409;593;75;75;970;340094
316392;594;94;94;929;340188
317325;595;177;177;235;340365
317571;596;148;325;695;340513
318273;597;88;88;789;340601
319067;598;174;174;895;340775
319969;599;76;76;47;340851
320030;600;94;170;67;340945
320109;601;173;343;365;341118
320487;602;96;96;747;341214
321238;603;178;178;699;341392
321939;604;134;134;793;341526
322744;605;79;79;465;341605
323217;606;80;80;790;341685
324013;607;113;113;549;341798
324573;608;170;170;576;341968
325151;609;195;195;702;342163
325867;610;141;141;546;342304
326414;611;81;81;331;342385
326761;612;179;179;48;342564
326822;613;139;318;537;342703
327365;614;160;160;330;342863
327709;615;113;113;261;342976
327977;616;166;166;431;343142
328416;617;70;236;692;343212
329119;618;192;192;971;343404
330104;619;76;76;244;343480
330352;620;70;146;944;343550
331304;621;196;196;823;343746
332130;622;103;103;718;343849
332850;623;108;108;144;343957
332994;624;108;108;564;344065
333567;625;118;118;848;344183
334424;626;99;99;717;344282
335155;627;174;174;667;344456
335822;628;101;101;143;344557
335977;629;99;200;597;344656
336585;630;133;133;738;344789
337332;631;193;193;403;344982
337736;632;197;197;210;345179
337954;633;70;267;543;345249
338499;634;182;182;136;345431
338638;635;106;288;461;345537
339107;636;162;162;357;345699
339479;637;66;66;288;345765
339776;638;98;98;245;345863
340024;639;140;238;510;346003
340537;640;173;173;970;346176
341516;641;149;149;884;346325
342402;642;127;127;309;346452
342715;643;87;214;239;346539
342966;644;61;61;863;346600
343837;645;177;177;136;346777
343977;646;85;262;824;346862
344810;647;68;68;524;346930
345345;648;92;92;207;347022
345563;649;187;279;283;347209
345858;650;182;182;145;347391
346015;651;173;355;19;347564
346045;652;148;503;564;347712
346619;653;149;149;823;347861
347447;654;181;181;860;348042
348320;655;159;159;435;348201
348757;656;185;185;645;348386
349410;657;109;109;572;348495
349983;658;160;160;277;348655
350264;659;185;345;122;348840
350389;660;179;524;440;349019
350844;661;156;156;181;349175
351030;662;101;101;256;349276
351296;663;167;268;536;349443
351840;664;158;158;798;349601
352653;665;66;66;132;349667
352794;666;192;258;927;349859
353730;667;149;149;466;350008
354200;668;124;124;658;350132
354869;669;163;163;943;350295
355820;670;67;67;285;350362
356117;671;81;81;1000;350443
357132;672;180;180;383;350623
357520;673;90;90;834;350713
358370;674;82;82;334;350795
358711;675;165;165;25;350960
358742;676;149;314;396;351109
359147;677;163;163;749;351272
359904;678;147;147;612;351419
360527;679;187;187;313;351606
360854;680;158;158;525;351764
361384;681;103;103;788;351867
362187;682;162;162;219;352029
362422;683;125;287;750;352154
363184;684;68;68;11;352222
363199;685;86;154;667;352308
363873;686;113;113;593;352421
364478;687;147;147;895;352568
365381;688;143;143;940;352711
366333;689;164;164;227;352875
366567;690;165;329;848;353040
367429;691;134;134;368;353174
367803;692;129;129;226;353303
368035;693;62;191;713;353365
368759;694;74;74;725;353439
369493;695;140;140;3;353579
369496;696;72;212;76;353651
369585;697;65;277;201;353716
369801;698;151;151;517;353867
370329;699;136;136;145;354003
370485;700;61;197;565;354064
371060;701;173;173;51;354237
371123;702;144;317;331;354381
371467;703;133;133;528;354514
372010;704;190;190;900;354704
372914;705;78;78;585;354782
373503;706;173;173;254;354955
373767;707;155;155;644;355110
374421;708;84;84;44;355194
374467;709;121;205;561;355315
375043;710;149;149;329;355464
375387;711;133;133;12;355597
375402;712;151;284;935;355748
376338;713;179;179;981;355927
377334;714;137;137;591;356064
377927;715;73;73;245;356137
378176;716;99;172;489;356236
378674;717;165;165;856;356401
379545;718;137;137;282;356538
379842;719;187;187;758;356725
380615;720;189;189;853;356914
381471;721;81;81;440;356995
381923;722;138;138;16;357133
381954;723;153;291;176;357286
382140;724;106;397;120;357392
382264;725;148;545;161;357540
382434;726;69;69;995;357609
383431;727;138;138;952;357747
384396;728;128;128;847;357875
385255;729;144;144;124;358019
385380;730;143;287;880;358162
386262;731;62;62;846;358224
387120;732;112;112;592;358336
387727;733;131;131;955;358467
388695;734;108;108;102;358575
388805;735;70;178;738;358645
389554;736;62;62;240;358707
389803;737;122;184;606;358829
390409;738;185;185;511;359014
390927;739;133;133;19;359147
390957;740;114;247;257;359261
391221;741;97;97;808;359358
392045;742;153;153;579;359511
392638;743;95;95;731;359606
393370;744;155;155;486;359761
393869;745;136;136;353;359897
394231;746;127;127;237;360024
394482;747;189;316;701;360213
395185;748;157;157;738;360370
395931;749;73;73;142;360443
396087;750;86;159;312;360529
396399;751;144;144;843;360673
397257;752;131;131;379;360804
397647;753;117;117;516;360921
398176;754;93;93;807;361014
398990;755;77;77;640;361091
399645;756;90;90;370;361181
400016;757;137;137;207;361318
400234;758;102;102;771;361420
401013;759;155;155;637;361575
401653;760;89;89;107;361664
401762;761;66;66;95;361730
401870;762;93;159;809;361823
402693;763;143;143;917;361966
403613;764;176;176;924;362142
404539;765;165;165;378;362307
404918;766;99;99;758;362406
405684;767;72;72;17;362478
405716;768;81;153;24;362559
405746;769;160;313;683;362719
406432;770;77;77;743;362796
407178;771;171;171;572;362967
407756;772;73;73;315;363040
408081;773;84;84;780;363124
408873;774;103;103;109;363227
408996;775;77;180;201;363304
409199;776;98;278;566;363402
409775;777;98;98;939;363500
410725;778;93;93;303;363593
411038;779;108;108;900;363701
411948;780;93;93;766;363794
412718;781;88;88;880;363882
413606;782;70;70;964;363952
414571;783;76;76;658;364028
415230;784;120;120;398;364148
415635;785;176;176;477;364324
416118;786;144;144;348;364468
416476;787;176;320;840;364644
417318;788;189;189;837;364833
418160;789;164;164;393;364997
418613;790;135;299;925;365132
419547;791;91;91;686;365223
420235;792;181;181;445;365404
420693;793;121;121;678;365525
421379;794;78;78;465;365603
421846;795;147;147;265;365750
422126;796;147;294;894;365897
423032;797;178;178;965;366075
424005;798;157;157;840;366232
424859;799;155;155;85;366387
424952;800;155;310;720;366542
425684;801;137;137;372;366679
426057;802;155;155;259;366834
426322;803;99;99;192;366933
426524;804;86;185;427;367019
426962;805;101;101;557;367120
427524;806;197;197;908;367317
428444;807;111;111;451;367428
428909;808;111;111;918;367539
429829;809;113;113;702;367652
430545;810;133;133;172;367785
430732;811;146;279;594;367931
431340;812;143;143;333;368074
431683;813;183;326;857;368257
432553;814;170;170;391;368427
432959;815;136;136;896;368563
433860;816;82;82;182;368645
434047;817;86;168;829;368731
434886;818;106;106;102;368837
434995;819;85;191;677;368922
435672;820;89;89;561;369011
436244;821;189;189;784;369200
437039;822;116;116;53;369316
437101;823;186;302;676;369502
437786;824;109;109;502;369611
438301;825;109;109;537;369720
438845;826;96;96;795;369816
439650;827;179;179;207;369995
439869;828;66;245;634;370061
440510;829;95;95;422;370156
440934;830;124;124;670;370280
441610;831;129;129;124;370409
441734;832;138;267;464;370547
442203;833;175;175;247;370722
442454;834;69;69;827;370791
443295;835;162;162;68;370953
443373;836;198;360;382;371151
443763;837;71;71;892;371222
444665;838;126;126;666;371348
445338;839;103;103;915;371451
446256;840;66;66;97;371517
446365;841;153;219;977;371670
447347;842;82;82;72;371752
447423;843;83;165;77;371835
447501;844;143;143;784;371978
448295;845;128;128;977;372106
449279;846;194;194;327;372300
449621;847;183;183;608;372483
450231;848;96;96;514;372579
450761;849;149;149;313;372728
451087;850;155;155;93;372883
451196;851;188;343;954;373071
452164;852;91;91;944;373162
453117;853;116;116;83;373278
453211;854;91;207;701;373369
453913;855;158;158;248;373527
454177;856;144;144;320;373671
454504;857;173;317;618;373844
455127;858;162;162;137;374006
455268;859;119;281;662;374125
455938;860;135;135;262;374260
456204;861;117;117;937;374377
457140;862;160;160;532;374537
457682;863;137;137;795;374674
458491;864;194;194;347;374868
458849;865;89;89;141;374957
459006;866;92;181;919;375049
459939;867;146;146;797;375195
460742;868;179;179;181;375374
460929;869;78;257;104;375452
461040;870;101;358;998;375553
462054;871;63;63;717;375616
462787;872;126;126;535;375742
463333;873;81;81;851;375823
464199;874;192;192;826;376015
465033;875;146;146;860;376161
465898;876;140;140;116;376301
466024;877;98;238;881;376399
466908;878;89;89;890;376488
467812;879;141;141;197;376629
468015;880;68;68;909;376697
468934;881;145;145;188;376842
469136;882;115;260;957;376957
470100;883;123;123;835;377080
470935;884;74;74;704;377154
471652;885;64;64;735;377218
472387;886;90;90;926;377308
473323;887;91;91;237;377399
473571;888;189;189;733;377588
474305;889;73;73;228;377661
474539;890;152;152;525;377813
475067;891;188;188;868;378001
475943;892;141;141;87;378142
476036;893;136;136;705;378278
476744;894;86;86;670;378364
477420;895;166;166;356;378530
477784;896;83;83;878;378613
478677;897;173;173;667;378786
479347;898;111;111;165;378897
479518;899;174;174;721;379071
480248;900;197;197;535;379268
480797;901;105;105;618;379373
481425;902;61;61;561;379434
481986;903;180;180;569;379614
482566;904;166;166;700;379780
483272;905;138;138;739;379918
484023;906;160;160;825;380078
484850;907;104;104;749;380182
485614;908;174;174;233;380356
485848;909;121;295;396;380477
486253;910;136;136;674;380613
486939;911;196;196;757;380809
487703;912;75;75;113;380884
487829;913;196;271;46;381080
487891;914;88;359;196;381168
488092;915;181;540;195;381349
488294;916;189;189;629;381538
488935;917;177;177;968;381715
489918;918;187;187;10;381902
489934;919;129;316;993;382031
490932;920;138;138;108;382169
491041;921;74;212;975;382243
492022;922;178;178;750;382421
492772;923;187;187;123;382608
492910;924;198;385;261;382806
493176;925;159;544;464;382965
493641;926;190;190;737;383155
494392;927;81;81;909;383236
495308;928;89;89;821;383325
496134;929;73;73;654;383398
496801;930;131;131;869;383529
497670;931;121;121;373;383650
498046;932;184;184;46;383834
498093;933;65;249;204;383899
498299;934;152;401;4;384051
498303;935;116;517;666;384167
498984;936;195;195;449;384362
499447;937;144;144;325;384506
499776;938;95;239;688;384601
500477;939;183;183;634;384784
501120;940;166;166;712;384950
501838;941;188;188;16;385138
501870;942;66;254;435;385204
502320;943;129;129;656;385333
502987;944;134;134;913;385467
503906;945;91;91;762;385558
504683;946;112;112;302;385670
504990;947;126;126;892;385796
505884;948;192;192;755;385988
506645;949;161;161;318;386149
506976;950;116;277;198;386265
507177;951;65;65;252;386330
507442;952;73;138;372;386403
507830;953;118;118;594;386521
508432;954;71;71;992;386592
509429;955;122;122;479;386714
509914;956;87;87;876;386801
510790;957;93;93;673;386894
511477;958;138;138;933;387032
512412;959;61;61;942;387093
513362;960;78;78;821;387171
514187;961;169;169;683;387340
514884;962;188;188;432;387528
515322;963;197;197;462;387725
515789;964;162;162;134;387887
515928;965;97;259;880;387984
516818;966;147;147;942;388131
517768;967;179;179;422;388310
518206;968;83;262;793;388393
519013;969;170;170;565;388563
519590;970;119;119;977;388682
520575;971;159;159;638;388841
521215;972;97;97;844;388938
522074;973;120;120;12;389058
522089;974;198;318;418;389256
522508;975;81;81;241;389337
522757;976;92;173;756;389429
523523;977;106;106;12;389535
523538;978;127;233;847;389662
524401;979;177;177;466;389839
524871;980;88;88;453;389927
525337;981;83;171;977;390010
526318;982;133;133;559;390143
526893;983;79;79;880;390222
527782;984;189;189;598;390411
528391;985;61;61;680;390472
529073;986;148;148;511;390620
529585;987;145;145;814;390765
530413;988;153;153;173;390918
530586;989;78;78;240;390996
530832;990;163;241;278;391159
531111;991;88;88;780;391247
531906;992;187;187;235;391434
532157;993;110;110;190;391544
532362;994;152;262;442;391696
532818;995;156;156;254;391852
533081;996;164;164;893;392016
533988;997;177;177;346;392193
534349;998;71;71;56;392264
534412;999;114;185;562;392378
534977;1000;455;455;473;392833
535452;1001;752;752;218;393585
535687;1002;964;964;983;394549
536671;1003;996;996;861;395545
537533;1004;488;488;399;396033
537943;1005;496;496;75;396529
538021;1006;321;817;383;396850
538416;1007;366;366;743;397216
539170;1008;521;521;973;397737
540147;1009;645;645;21;398382
540178;1010;463;1108;663;398845
540856;1011;334;442;918;399179
541782;1012;486;486;19;399665
541812;1013;327;813;799;399992
542613;1014;670;670;117;400662
542739;1015;798;1468;352;401460
543100;1016;509;1977;77;401969
543179;1017;879;1856;621;402848
543804;1018;922;1778;739;403770
544549;1019;668;1446;737;404438
545298;1020;775;775;436;405213
545735;1021;349;349;927;405562
546671;1022;429;429;641;405991
547328;1023;836;836;593;406827
547934;1024;932;932;617;407759
548555;1025;758;758;558;408517
549119;1026;628;628;591;409145
549711;1027;744;744;799;409889
550522;1028;354;354;727;410243
551256;1029;709;709;733;410952
552004;1030;660;660;444;411612
552457;1031;965;965;477;412577
552939;1032;472;472;776;413049
553717;1033;784;784;659;413833
554384;1034;622;622;133;414455
554523;1035;356;978;980;414811
555506;1036;743;743;977;415554
556489;1037;823;823;559;416377
557053;1038;570;570;483;416947
557550;1039;466;466;303;417413
557861;1040;574;1040;998;417987
558872;1041;513;513;683;418500
559572;1042;953;953;771;419453
560350;1043;606;606;876;420059
561238;1044;356;356;617;420415
561862;1045;422;422;965;420837
562843;1046;454;454;60;421291
562905;1047;884;1338;742;422175
563655;1048;858;858;659;423033
564325;1049;527;527;779;423560
565118;1050;762;762;30;424322
565163;1051;616;1378;970;424938
566145;1052;553;553;69;425491
566224;1053;534;1087;877;426025
567109;1054;498;498;49;426523
567172;1055;480;978;939;427003
568121;1056;841;841;435;427844
568570;1057;519;1360;737;428363
569315;1058;605;605;551;428968
569875;1059;792;792;424;429760
570311;1060;745;745;390;430505
570715;1061;531;531;534;431036
571259;1062;545;545;85;431581
571353;1063;652;1197;838;432233
572195;1064;777;777;118;433010
572320;1065;862;1639;152;433872
572476;1066;608;2247;64;434480
572554;1067;652;2899;389;435132
572959;1068;895;2794;237;436027
573208;1069;760;2554;97;436787
573318;1070;967;3521;381;437754
573708;1071;697;3218;931;438451
574641;1072;880;3098;706;439331
575363;1073;719;1817;628;440050
575992;1074;536;1353;336;440586
576334;1075;659;1012;849;441245
577190;1076;668;680;255;441913
577453;1077;464;464;132;442377
577595;1078;300;764;29;442677
577625;1079;744;1508;609;443421
578247;1080;873;1381;558;444294
578808;1081;932;932;895;445226
579713;1082;986;986;661;446212
580381;1083;743;743;818;446955
581210;1084;853;853;335;447808
581556;1085;911;911;318;448719
581886;1086;975;975;417;449694
582307;1087;465;465;90;450159
582401;1088;649;1114;642;450808
583057;1089;818;932;630;451626
583696;1090;672;672;30;452298
583726;1091;563;1235;380;452861
584113;1092;830;1065;298;453691
584427;1093;444;509;398;454135
584826;1094;471;471;695;454606
585531;1095;439;439;117;455045
585653;1096;720;1159;306;455765
585963;1097;558;717;459;456323
586431;1098;361;361;394;456684
586837;1099;410;771;531;457094
587369;1100;747;747;927;457841
588300;1101;550;550;359;458391
588673;1102;313;313;292;458704
588970;1103;905;905;121;459609
589093;1104;976;1881;856;460585
589951;1105;303;303;623;460888
590577;1106;757;757;124;461645
590702;1107;722;1479;767;462367
591482;1108;848;848;772;463215
592261;1109;361;361;517;463576
592789;1110;546;546;478;464122
593275;1111;511;511;90;464633
593368;1112;554;1065;65;465187
593447;1113;309;1374;444;465496
593903;1114;705;1079;358;466201
594276;1115;332;411;91;466533
594370;1116;610;1021;611;467143
594994;1117;870;891;364;468013
595367;1118;535;535;459;468548
595833;1119;545;545;798;469093
596645;1120;346;346;578;469439
597237;1121;878;878;691;470317
597939;1122;755;755;786;471072
598734;1123;682;682;515;471754
599250;1124;499;499;904;472253
600168;1125;834;834;532;473087
600714;1126;558;558;247;473645
600965;1127;714;1272;267;474359
601244;1128;566;838;530;474925
601789;1129;873;873;864;475798
602661;1130;948;948;105;476746
602769;1131;348;348;886;477094
603657;1132;362;362;865;477456
604525;1133;585;585;382;478041
604914;1134;839;839;958;478880
605883;1135;817;817;305;479697
606196;1136;691;1508;36;480388
606241;1137;609;1117;76;480997
606319;1138;814;1931;225;481811
606554;1139;449;2380;884;482260
607441;1140;845;1225;116;483105
607566;1141;553;1778;992;483658
608568;1142;982;982;594;484640
609176;1143;953;953;635;485593
609826;1144;594;594;597;486187
610435;1145;991;991;353;487178
610793;1146;949;1940;782;488127
611582;1147;526;526;403;488653
611988;1148;319;319;780;488972
612782;1149;750;750;132;489722
612923;1150;840;840;894;490562
613830;1151;449;449;335;491011
614171;1152;672;672;508;491683
614685;1153;670;670;959;492353
615650;1154;410;410;57;492763
615712;1155;906;1316;993;493669
616720;1156;697;697;112;494366
616845;1157;900;1597;134;495266
616984;1158;563;1160;396;495829
617387;1159;683;1843;888;496512
618278;1160;466;466;849;496978
619135;1161;671;671;705;497649
619855;1162;809;809;929;498458
620793;1163;406;406;450;498864
621249;1164;735;735;124;499599
621388;1165;787;1522;679;500386
622071;1166;842;842;650;501228
622727;1167;920;920;744;502148
623475;1168;795;795;951;502943
624442;1169;536;536;780;503479
625224;1170;984;984;374;504463
625598;1171;743;1727;786;505206
626401;1172;961;961;680;506167
627084;1173;539;539;246;506706
627335;1174;984;984;783;507690
628127;1175;702;702;412;508392
628549;1176;470;470;486;508862
629042;1177;778;778;731;509640
629779;1178;627;627;992;510267
630773;1179;466;466;162;510733
630946;1180;516;982;497;511249
631445;1181;464;464;284;511713
631740;1182;482;946;208;512195
631958;1183;731;731;461;512926
632429;1184;408;408;973;513334
633411;1185;711;711;851;514045
634267;1186;839;839;925;514884
635199;1187;987;987;91;515871
635293;1188;658;1645;403;516529
635701;1189;938;1583;327;517467
636043;1190;340;923;664;517807
636714;1191;372;372;972;518179
637696;1192;731;731;913;518910
638618;1193;486;486;636;519396
639257;1194;532;532;854;519928
640116;1195;608;608;407;520536
640537;1196;473;473;359;521009
640907;1197;385;858;470;521394
641389;1198;486;486;112;521880
641513;1199;910;910;386;522790
641905;1200;544;1454;134;523334
642044;1201;508;962;672;523842
642717;1202;856;856;305;524698
643023;1203;738;738;876;525436
643911;1204;687;687;246;526123
644163;1205;950;950;391;527073
644555;1206;504;504;781;527577
645344;1207;508;508;334;528085
645692;1208;670;670;277;528755
645976;1209;909;1579;699;529664
646683;1210;891;891;421;530555
647105;1211;945;945;4;531500
647120;1212;390;1335;972;531890
648105;1213;622;622;307;532512
648420;1214;352;974;453;532864
648878;1215;690;690;698;533554
649581;1216;586;586;870;534140
650455;1217;323;323;250;534463
650720;1218;627;627;366;535090
651096;1219;658;658;56;535748
651160;1220;652;1310;111;536400
651284;1221;765;2075;812;537165
652108;1222;891;1966;66;538056
652185;1223;565;1531;624;538621
652814;1224;303;834;393;538924
653222;1225;357;357;339;539281
653570;1226;545;902;665;539826
654240;1227;625;625;130;540451
654383;1228;490;1115;314;540941
654698;1229;572;687;872;541513
655571;1230;307;307;170;541820
655757;1231;511;511;202;542331
655974;1232;837;1348;884;543168
656865;1233;587;587;855;543755
657729;1234;702;702;778;544457
658511;1235;554;554;929;545011
659449;1236;937;937;93;545948
659544;1237;776;1713;232;546724
659781;1238;520;1233;922;547244
660719;1239;545;778;689;547789
661418;1240;820;820;624;548609
662057;1241;926;926;331;549535
662402;1242;451;451;812;549986
663227;1243;847;847;353;550833
663585;1244;401;401;384;551234
663976;1245;820;820;475;552054
664456;1246;851;851;354;552905
664816;1247;353;1204;40;553258
664864;1248;346;550;782;553604
665660;1249;441;441;931;554045
666602;1250;870;870;986;554915
667590;1251;746;746;964;555661
668560;1252;840;840;815;556501
669376;1253;626;626;574;557127
669950;1254;949;949;190;558076
670151;1255;896;1845;489;558972
670648;1256;338;1183;835;559310
671491;1257;789;789;733;560099
672233;1258;541;541;970;560640
673211;1259;412;412;379;561052
673592;1260;595;595;175;561647
673780;1261;816;1411;257;562463
674048;1262;646;1057;499;563109
674552;1263;353;410;771;563462
675337;1264;600;600;819;564062
676164;1265;938;938;869;565000
677038;1266;386;386;594;565386
677645;1267;882;882;727;566268
678375;1268;939;939;84;567207
678468;1269;599;1538;727;567806
679202;1270;819;819;303;568625
679511;1271;475;1294;44;569100
679558;1272;927;1221;905;570027
680478;1273;534;755;945;570561
681430;1274;907;907;830;571468
682275;1275;543;543;387;572011
682670;1276;304;304;495;572315
683170;1277;795;795;934;573110
684113;1278;465;465;116;573575
684238;1279;835;1300;376;574410
684616;1280;435;735;871;574845
685490;1281;340;340;516;575185
686016;1282;853;853;460;576038
686486;1283;327;327;654;576365
687145;1284;959;959;211;577324
687363;1285;388;388;885;577712
688255;1286;920;920;166;578632
688427;1287;583;1503;2;579215
688443;1288;714;2217;325;579929
688773;1289;866;2083;750;580795
689530;1290;888;1971;743;581683
690283;1291;487;487;978;582170
691264;1292;888;888;295;583058
691575;1293;468;1356;43;583526
691622;1294;946;2302;548;584472
692185;1295;754;2056;518;585226
692714;1296;465;1521;891;585691
693620;1297;499;499;319;586190
693944;1298;441;441;585;586631
694538;1299;810;810;289;587441
694835;1300;486;486;844;587927
695692;1301;367;367;860;588294
696563;1302;417;417;124;588711
696703;1303;962;1379;340;589673
697046;1304;503;882;87;590176
697139;1305;726;1608;320;590902
697467;1306;507;1115;800;591409
698278;1307;321;436;23;591730
698310;1308;511;947;940;592241
699262;1309;334;334;713;592575
699978;1310;590;590;465;593165
700448;1311;752;752;37;593917
700495;1312;743;1495;789;594660
701290;1313;528;1023;435;595188
701742;1314;814;837;68;596002
701820;1315;728;1565;957;596730
702785;1316;933;933;403;597663
703203;1317;607;607;24;598270
703235;1318;320;927;608;598590
703857;1319;589;589;43;599179
703905;1320;898;1487;92;600077
703997;1321;846;1333;505;600923
704511;1322;883;1216;307;601806
704822;1323;978;2194;954;602784
705792;1324;710;904;913;603494
706710;1325;999;999;361;604493
707085;1326;874;874;856;605367
707956;1327;478;478;875;605845
708834;1328;991;991;56;606836
708895;1329;673;1664;320;607509
709220;1330;900;1564;830;608409
710061;1331;333;333;107;608742
710172;1332;365;698;974;609107
711157;1333;846;846;976;609953
712136;1334;390;390;883;610343
713026;1335;819;819;349;611162
713385;1336;656;656;797;611818
714196;1337;509;509;933;612327
715134;1338;520;520;428;612847
715571;1339;760;1280;155;613607
715741;1340;369;649;547;613976
716305;1341;868;868;852;614844
717158;1342;758;758;581;615602
717754;1343;352;352;798;615954
718562;1344;650;650;536;616604
719111;1345;719;719;308;617323
719422;1346;915;915;72;618238
719500;1347;958;1873;797;619196
720308;1348;333;333;835;619529
721148;1349;674;674;797;620203
721959;1350;413;413;131;620616
722099;1351;947;1360;508;621563
722618;1352;467;827;256;622030
722882;1353;332;332;548;622362
723442;1354;504;504;882;622866
724332;1355;939;939;74;623805
724409;1356;589;1528;974;624394
725395;1357;589;589;82;624983
725490;1358;560;1149;945;625543
726438;1359;641;641;24;626184
726470;1360;762;1403;38;626946
726516;1361;797;2200;360;627743
726891;1362;703;1903;634;628446
727528;1363;612;1515;461;629058
727995;1364;831;1346;413;629889
728415;1365;896;1242;832;630785
729258;1366;759;1001;53;631544
729320;1367;775;1776;578;632319
729911;1368;767;767;617;633086
730534;1369;600;600;707;633686
731251;1370;725;725;358;634411
731624;1371;745;745;591;635156
732216;1372;677;677;311;635833
732530;1373;803;803;648;636636
733184;1374;969;969;336;637605
733522;1375;518;518;637;638123
734174;1376;333;333;686;638456
734876;1377;396;396;406;638852
735293;1378;598;598;415;639450
735713;1379;349;349;272;639799
735993;1380;456;805;25;640255
736024;1381;566;566;397;640821
736429;1382;404;970;591;641225
737024;1383;575;575;331;641800
737363;1384;573;1148;571;642373
737947;1385;490;638;335;642863
738287;1386;353;353;990;643216
739284;1387;600;600;190;643816
739486;1388;673;1273;941;644489
740429;1389;414;414;141;644903
740574;1390;345;345;719;645248
741296;1391;303;303;823;645551
742123;1392;716;716;688;646267
742823;1393;557;557;806;646824
743634;1394;880;880;320;647704
743961;1395;448;1328;85;648152
744055;1396;710;2038;346;648862
744411;1397;306;1344;906;649168
745330;1398;465;465;670;649633
746017;1399;882;882;416;650515
746437;1400;786;786;741;651301
747186;1401;655;655;64;651956
747250;1402;716;716;465;652672
747718;1403;499;1215;274;653171
747998;1404;517;732;588;653688
748590;1405;874;874;215;654562
748807;1406;415;415;179;654977
748996;1407;711;1126;429;655688
749430;1408;901;1027;118;656589
749556;1409;949;1976;378;657538
749945;1410;959;1935;24;658497
749976;1411;533;2468;512;659030
750491;1412;870;2338;426;659900
750926;1413;999;2337;99;660899
751036;1414;809;3146;409;661708
751456;1415;591;2737;608;662299
752069;1416;870;2607;246;663169
752320;1417;960;3567;863;664129
753192;1418;735;2302;249;664864
753456;1419;662;1964;187;665526
753644;1420;863;2827;69;666389
753721;1421;315;3142;388;666704
754123;1422;340;2482;46;667044
754171;1423;575;3057;819;667619
754995;1424;400;1457;294;668019
755292;1425;852;2309;73;668871
755369;1426;822;3131;849;669693
756224;1427;329;1460;1000;670022
757237;1428;665;665;943;670687
758186;1429;353;353;254;671040
758450;1430;531;884;348;671571
758806;1431;693;693;68;672264
758883;1432;872;1565;12;673136
758899;1433;486;2051;232;673622
759133;1434;539;1590;712;674161
759852;1435;918;1508;791;675079
760648;1436;601;601;674;675680
761333;1437;340;340;384;676020
761721;1438;529;529;262;676549
761985;1439;545;1074;902;677094
762904;1440;568;568;55;677662
762966;1441;879;1447;787;678541
763766;1442;367;367;500;678908
764280;1443;515;515;853;679423
765145;1444;434;434;986;679857
766143;1445;826;826;677;680683
766823;1446;365;365;185;681048
767012;1447;433;798;337;681481
767354;1448;570;570;952;682051
768320;1449;576;576;522;682627
768852;1450;478;478;545;683105
769412;1451;342;342;654;683447
770082;1452;357;357;366;683804
770456;1453;624;624;127;684428
770597;1454;339;963;99;684767
770705;1455;602;602;8;685369
770720;1456;675;1277;383;686044
771109;1457;678;1955;767;686722
771880;1458;672;672;763;687394
772647;1459;723;723;814;688117
773473;1460;925;925;176;689042
773662;1461;884;1809;477;689926
774148;1462;690;1499;87;690616
774244;1463;984;2483;838;691600
775092;1464;839;1322;865;692439
775964;1465;889;889;376;693328
776341;1466;488;488;349;693816
776704;1467;742;1230;439;694558
777153;1468;792;1022;227;695350
777387;1469;564;586;220;695914
777621;1470;696;1282;994;696610
778616;1471;565;565;156;697175
778787;1472;314;879;781;697489
779578;1473;714;714;699;698203
780280;1474;781;781;437;698984
780731;1475;860;860;895;699844
781638;1476;878;878;438;700722
782086;1477;542;542;517;701264
782618;1478;501;501;865;701765
783494;1479;484;484;63;702249
783573;1480;555;1039;90;702804
783667;1481;728;1767;606;703532
784289;1482;544;1311;867;704076
785162;1483;708;708;648;704784
785815;1484;535;535;71;705319
785892;1485;590;1125;96;705909
786001;1486;689;814;240;706598
786250;1487;774;1588;37;707372
786296;1488;754;2342;48;708126
786358;1489;745;3087;80;708871
786452;1490;966;4053;116;709837
786576;1491;695;3748;461;710532
787042;1492;732;3480;34;711264
787090;1493;804;4284;137;712068
787230;1494;336;4620;946;712404
788185;1495;404;3024;868;712808
789056;1496;768;1792;273;713576
789337;1497;881;2673;825;714457
790174;1498;721;1394;993;715178
791171;1499;932;932;249;716110
791434;1500;98;1030;327;716208
791774;1501;189;219;372;716397
792160;1502;178;178;783;716575
792955;1503;164;164;440;716739
793407;1504;144;144;49;716883
793469;1505;188;332;682;717071
794167;1506;79;79;512;717150
794680;1507;148;148;68;717298
794760;1508;172;320;105;717470
794869;1509;189;509;889;717659
795762;1510;184;184;18;717843
795792;1511;109;293;290;717952
796088;1512;141;434;972;718093
797070;1513;133;133;648;718226
797723;1514;111;111;769;718337
798505;1515;82;82;398;718419
798915;1516;162;162;785;718581
799709;1517;105;105;288;718686
800006;1518;155;260;775;718841
800787;1519;110;110;698;718951
801491;1520;105;105;125;719056
801618;1521;198;303;992;719254
802620;1522;81;81;359;719335
802995;1523;161;161;276;719496
803273;1524;154;154;543;719650
803817;1525;135;135;448;719785
804269;1526;192;327;732;719977
805012;1527;188;188;878;720165
805901;1528;163;163;466;720328
806383;1529;168;168;684;720496
807067;1530;166;166;949;720662
808017;1531;151;151;16;720813
808049;1532;82;233;926;720895
808985;1533;60;60;648;720955
809641;1534;102;102;894;721057
810546;1535;69;69;56;721126
810610;1536;182;251;655;721308
811279;1537;171;171;443;721479
811733;1538;171;171;921;721650
812668;1539;86;86;869;721736
813539;1540;107;107;579;721843
814120;1541;97;97;818;721940
814939;1542;129;129;363;722069
815312;1543;133;262;33;722202
815359;1544;69;331;504;722271
815873;1545;185;185;386;722456
816262;1546;133;133;545;722589
816820;1547;136;136;701;722725
817522;1548;186;186;399;722911
817925;1549;96;282;655;723007
818594;1550;197;197;162;723204
818767;1551;159;356;766;723363
819545;1552;131;131;60;723494
819609;1553;155;155;340;723649
819963;1554;93;248;843;723742
820808;1555;124;124;884;723866
821702;1556;100;100;585;723966
822300;1557;183;183;422;724149
822737;1558;115;115;494;724264
823235;1559;81;81;517;724345
823766;1560;160;160;817;724505
824598;1561;146;146;147;724651
824754;1562;104;104;715;724755
825477;1563;145;145;325;724900
825803;1564;134;134;460;725034
826271;1565;184;184;809;725218
827085;1566;93;93;484;725311
827583;1567;155;155;109;725466
827707;1568;196;196;166;725662
827877;1569;174;370;949;725836
828830;1570;192;192;857;726028
829693;1571;174;174;656;726202
830355;1572;91;91;931;726293
831296;1573;104;104;481;726397
831785;1574;186;186;463;726583
832257;1575;162;162;543;726745
832810;1576;165;165;842;726910
833656;1577;146;146;100;727056
833768;1578;99;99;516;727155
834293;1579;197;197;409;727352
834717;1580;98;295;460;727450
835191;1581;145;145;591;727595
835785;1582;182;182;684;727777
836477;1583;101;101;805;727878
837296;1584;129;129;751;728007
838060;1585;193;193;513;728200
838578;1586;175;175;343;728375
838922;1587;91;91;959;728466
839890;1588;196;196;232;728662
840124;1589;146;342;520;728808
840650;1590;125;125;48;728933
840713;1591;127;252;468;729060
841184;1592;148;148;904;729208
842104;1593;129;129;961;729337
843075;1594;92;92;342;729429
843419;1595;64;64;965;729493
844397;1596;93;93;756;729586
845161;1597;120;120;386;729706
845554;1598;93;93;124;729799
845680;1599;153;246;433;729952
846118;1600;158;158;196;730110
846321;1601;181;339;815;730291
847147;1602;191;191;930;730482
848091;1603;171;171;195;730653
848295;1604;81;252;178;730734
848485;1605;180;180;137;730914
848624;1606;64;244;655;730978
849292;1607;81;81;124;731059
849419;1608;178;178;744;731237
850172;1609;194;194;720;731431
850896;1610;126;126;249;731557
851148;1611;191;191;472;731748
851636;1612;104;104;612;731852
852253;1613;172;172;471;732024
852728;1614;99;99;288;732123
853025;1615;194;194;249;732317
853280;1616;147;341;58;732464
853343;1617;131;472;530;732595
853878;1618;180;180;787;732775
854679;1619;122;122;509;732897
855191;1620;118;118;47;733015
855253;1621;78;196;866;733093
856127;1622;188;188;90;733281
856221;1623;63;251;22;733344
856253;1624;67;318;159;733411
856424;1625;61;379;411;733472
856846;1626;97;97;40;733569
856892;1627;161;258;65;733730
856970;1628;98;356;299;733828
857283;1629;120;120;758;733948
858053;1630;171;171;213;734119
858271;1631;102;273;676;734221
858959;1632;173;173;100;734394
859068;1633;169;169;716;734563
859796;1634;176;176;64;734739
859875;1635;195;371;127;734934
860017;1636;131;502;762;735065
860781;1637;76;76;180;735141
860970;1638;91;167;771;735232
861753;1639;178;178;781;735410
862540;1640;91;91;940;735501
863488;1641;68;68;206;735569
863707;1642;77;77;95;735646
863815;1643;169;246;378;735815
864208;1644;121;121;227;735936
864442;1645;109;230;527;736045
864971;1646;136;136;848;736181
865825;1647;102;102;32;736283
865872;1648;158;260;876;736441
866762;1649;150;150;485;736591
867262;1650;139;139;512;736730
867775;1651;104;104;782;736834
868561;1652;143;143;1;736977
868563;1653;166;309;859;737143
869428;1654;165;165;940;737308
870371;1655;187;187;933;737495
871314;1656;102;102;469;737597
871785;1657;166;166;482;737763
872271;1658;139;139;616;737902
872900;1659;176;176;873;738078
873781;1660;110;110;460;738188
874251;1661;96;96;122;738284
874375;1662;156;252;993;738440
875384;1663;82;82;894;738522
876283;1664;66;66;608;738588
876897;1665;179;179;785;738767
877696;1666;81;81;685;738848
878394;1667;198;198;628;739046
879031;1668;128;128;273;739174
879308;1669;173;173;267;739347
879585;1670;81;254;785;739428
880386;1671;155;155;754;739583
881146;1672;135;135;727;739718
881875;1673;133;133;344;739851
882234;1674;105;238;520;739956
882763;1675;77;77;949;740033
883715;1676;142;142;225;740175
883949;1677;149;149;528;740324
884481;1678;110;110;172;740434
884655;1679;192;302;670;740626
885330;1680;72;72;234;740698
885578;1681;165;165;533;740863
886121;1682;141;141;888;741004
887024;1683;153;153;331;741157
887369;1684;91;244;741;741248
888117;1685;126;126;7;741374
888132;1686;162;288;321;741536
888460;1687;199;487;938;741735
889411;1688;141;141;32;741876
889458;1689;112;253;470;741988
889928;1690;126;126;977;742114
890908;1691;112;112;901;742226
891815;1692;118;118;235;742344
892062;1693;87;87;570;742431
892634;1694;191;191;117;742622
892759;1695;182;373;63;742804
892822;1696;125;498;843;742929
893667;1697;144;144;977;743073
894651;1698;65;65;178;743138
894839;1699;183;248;278;743321
895120;1700;190;190;934;743511
896069;1701;107;107;381;743618
896459;1702;74;74;691;743692
897159;1703;162;162;397;743854
897567;1704;117;279;26;743971
897598;1705;188;467;941;744159
898547;1706;125;125;239;744284
898795;1707;63;63;531;744347
899341;1708;163;163;114;744510
899467;1709;93;256;802;744603
900274;1710;144;144;130;744747
900416;1711;109;253;998;744856
901428;1712;189;189;631;745045
902066;1713;192;192;133;745237
902207;1714;88;88;7;745325
902222;1715;128;216;996;745453
903220;1716;85;85;465;745538
903689;1717;138;223;368;745676
904061;1718;152;152;842;745828
904904;1719;95;95;961;745923
905869;1720;168;168;518;746091
906400;1721;124;124;711;746215
907114;1722;132;132;923;746347
908051;1723;117;117;634;746464
908693;1724;70;70;892;746534
909598;1725;61;61;540;746595
910144;1726;100;100;886;746695
911031;1727;108;108;729;746803
911766;1728;152;152;214;746955
911984;1729;145;145;988;747100
912978;1730;133;133;814;747233
913803;1731;64;64;443;747297
914255;1732;109;109;999;747406
915264;1733;128;128;988;747534
916267;1734;141;141;69;747675
916345;1735;75;216;689;747750
917044;1736;73;73;270;747823
917323;1737;107;180;108;747930
917432;1738;77;257;465;748007
917912;1739;119;119;169;748126
918085;1740;62;62;132;748188
918226;1741;113;175;114;748301
918349;1742;190;365;691;748491
919051;1743;90;90;82;748581
919143;1744;151;241;690;748732
919845;1745;77;77;520;748809
920377;1746;72;72;965;748881
921354;1747;178;178;538;749059
921894;1748;115;115;780;749174
922688;1749;148;148;194;749322
922890;1750;126;274;640;749448
923531;1751;133;133;135;749581
923670;1752;122;122;218;749703
923889;1753;92;214;85;749795
923982;1754;124;338;642;749919
924635;1755;187;187;365;750106
925010;1756;99;286;787;750205
925802;1757;72;72;26;750277
925833;1758;168;240;485;750445
926319;1759;127;127;56;750572
926380;1760;104;231;789;750676
927179;1761;137;137;317;750813
927511;1762;126;263;67;750939
927590;1763;86;349;141;751025
927733;1764;107;107;916;751132
928652;1765;140;140;810;751272
929464;1766;133;133;220;751405
929697;1767;155;155;212;751560
929915;1768;146;301;6;751706
929930;1769;147;448;174;751853
930116;1770;183;631;176;752036
930304;1771;148;148;724;752184
931037;1772;101;101;904;752285
931953;1773;197;197;691;752482
932656;1774;79;79;499;752561
933170;1775;100;100;329;752661
933511;1776;111;111;235;752772
933761;1777;135;246;817;752907
934587;1778;168;168;234;753075
934836;1779;170;170;53;753245
934899;1780;162;332;22;753407
934931;1781;178;510;735;753585
935678;1782;104;104;749;753689
936442;1783;123;123;975;753812
937423;1784;75;75;637;753887
938063;1785;171;171;419;754058
938488;1786;134;134;257;754192
938749;1787;180;314;492;754372
939247;1788;135;135;611;754507
939871;1789;191;191;706;754698
940588;1790;108;108;205;754806
940806;1791;155;263;504;754961
941320;1792;164;164;585;755125
941908;1793;133;133;967;755258
942880;1794;173;173;581;755431
943472;1795;158;158;218;755589
943705;1796;156;314;214;755745
943921;1797;108;422;510;755853
944445;1798;142;142;43;755995
944491;1799;81;81;956;756076
945455;1800;190;190;716;756266
946176;1801;81;81;497;756347
946677;1802;176;176;280;756523
946959;1803;130;306;841;756653
947813;1804;187;187;486;756840
948313;1805;150;150;671;756990
948995;1806;93;93;316;757083
949326;1807;189;189;207;757272
949543;1808;118;307;298;757390
949852;1809;100;100;279;757490
950146;1810;65;65;945;757555
951097;1811;92;92;143;757647
951254;1812;81;81;59;757728
951316;1813;97;178;205;757825
951537;1814;78;256;577;757903
952117;1815;186;186;854;758089
952975;1816;85;85;438;758174
953416;1817;62;62;970;758236
954401;1818;117;117;643;758353
955054;1819;108;108;833;758461
955896;1820;145;145;161;758606
956067;1821;179;324;482;758785
956565;1822;177;177;864;758962
957438;1823;83;83;393;759045
957845;1824;181;181;893;759226
958747;1825;76;76;321;759302
959071;1826;75;151;631;759377
959711;1827;122;122;719;759499
960442;1828;97;97;246;759596
960690;1829;89;186;701;759685
961406;1830;79;79;813;759764
962233;1831;76;76;551;759840
962794;1832;158;158;349;759998
963149;1833;61;61;527;760059
963679;1834;63;63;265;760122
963957;1835;93;93;744;760215
964703;1836;61;61;955;760276
965669;1837;96;96;870;760372
966556;1838;152;152;921;760524
967490;1839;166;166;185;760690
967679;1840;77;243;209;760767
967896;1841;115;358;430;760882
968333;1842;90;90;244;760972
968581;1843;132;132;909;761104
969497;1844;174;174;752;761278
970264;1845;170;170;512;761448
970782;1846;152;152;872;761600
971655;1847;95;95;224;761695
971888;1848;162;257;7;761857
971903;1849;83;340;886;761940
972794;1850;104;104;740;762044
973541;1851;176;176;866;762220
974421;1852;158;158;607;762378
975041;1853;127;127;515;762505
975571;1854;179;179;46;762684
975618;1855;133;312;685;762817
976308;1856;81;81;96;762898
976418;1857;63;144;434;762961
976859;1858;104;104;539;763065
977407;1859;145;145;911;763210
978332;1860;155;155;247;763365
978582;1861;110;265;208;763475
978798;1862;177;177;919;763652
979725;1863;150;150;99;763802
979834;1864;169;319;928;763971
980768;1865;98;98;989;764069
981760;1866;89;89;76;764158
981838;1867;175;264;436;764333
982275;1868;84;84;133;764417
982416;1869;131;215;49;764548
982477;1870;131;346;841;764679
983323;1871;183;183;399;764862
983727;1872;148;148;490;765010
984226;1873;177;177;194;765187
984426;1874;86;263;25;765273
984456;1875;184;447;980;765457
985441;1876;77;77;92;765534
985535;1877;108;185;106;765642
985645;1878;101;286;66;765743
985711;1879;142;142;581;765885
986299;1880;105;105;309;765990
986612;1881;102;207;174;766092
986798;1882;101;101;678;766193
987485;1883;74;74;835;766267
988329;1884;86;86;732;766353
989069;1885;87;87;654;766440
989724;1886;173;173;995;766613
990722;1887;101;101;90;766714
990816;1888;97;97;778;766811
991597;1889;87;87;801;766898
992407;1890;160;160;470;767058
992890;1891;173;173;140;767231
993033;1892;108;281;586;767339
993628;1893;119;119;615;767458
994250;1894;110;110;986;767568
995247;1895;110;110;452;767678
995701;1896;95;95;37;767773
995747;1897;177;272;707;767950
996466;1898;105;105;242;768055
996717;1899;170;275;725;768225
997444;1900;171;171;383;768396
997832;1901;161;332;109;768557
997941;1902;90;90;629;768647
998577;1903;149;149;435;768796
999016;1904;84;84;979;768880
1000001;1905;143;143;422;769023
1000424;1906;79;79;581;769102
1001015;1907;185;185;316;769287
1001342;1908;158;343;877;769445
1002227;1909;137;137;171;769582
1002401;1910;187;324;689;769769
1003101;1911;138;138;917;769907
1004023;1912;92;92;753;769999
1004787;1913;120;120;185;770119
1004975;1914;89;209;352;770208
1005339;1915;123;123;45;770331
1005386;1916;192;315;644;770523
1006040;1917;101;101;965;770624
1007009;1918;118;118;266;770742
1007288;1919;66;66;306;770808
1007600;1920;178;178;329;770986
1007943;1921;189;367;3;771175
1007958;1922;72;439;952;771247
1008925;1923;86;86;627;771333
1009564;1924;66;66;593;771399
1010159;1925;107;107;186;771506
1010359;1926;194;301;840;771700
1011205;1927;190;190;946;771890
1012157;1928;165;165;166;772055
1012327;1929;182;347;29;772237
1012359;1930;89;436;496;772326
1012856;1931;119;119;397;772445
1013264;1932;150;150;260;772595
1013528;1933;122;272;707;772717
1014245;1934;82;82;713;772799
1014965;1935;140;140;878;772939
1015856;1936;189;189;557;773128
1016415;1937;76;76;680;773204
1017105;1938;145;145;188;773349
1017307;1939;167;167;952;773516
1018260;1940;162;162;691;773678
1018961;1941;113;113;200;773791
1019162;1942;106;219;547;773897
1019719;1943;70;70;230;773967
1019953;1944;85;85;721;774052
1020685;1945;185;185;439;774237
1021125;1946;129;129;403;774366
1021532;1947;179;179;414;774545
1021951;1948;174;174;869;774719
1022825;1949;185;185;721;774904
1023559;1950;128;128;924;775032
1024496;1951;142;142;995;775174
1025491;1952;142;142;971;775316
1026473;1953;193;193;742;775509
1027223;1954;127;127;913;775636
1028141;1955;138;138;629;775774
1028785;1956;153;153;748;775927
1029547;1957;111;111;596;776038
1030153;1958;139;139;165;776177
1030325;1959;111;250;153;776288
1030480;1960;198;198;684;776486
1031168;1961;111;111;6;776597
1031183;1962;122;233;859;776719
1032058;1963;172;172;177;776891
1032246;1964;100;272;520;776991
1032776;1965;192;192;748;777183
1033525;1966;65;65;396;777248
1033925;1967;168;233;11;777416
1033941;1968;178;411;525;777594
1034471;1969;185;185;33;777779
1034518;1970;171;356;30;777950
1034549;1971;143;499;28;778093
1034581;1972;195;195;941;778288
1035529;1973;185;185;787;778473
1036322;1974;180;180;15;778653
1036338;1975;81;261;23;778734
1036369;1976;64;325;616;778798
1036994;1977;115;115;505;778913
1037506;1978;166;166;711;779079
1038223;1979;104;104;479;779183
1038707;1980;191;191;774;779374
1039483;1981;113;113;676;779487
1040172;1982;176;176;350;779663
1040531;1983;162;338;750;779825
1041297;1984;184;184;721;780009
1042029;1985;94;94;605;780103
1042640;1986;76;76;717;780179
1043361;1987;163;163;474;780342
1043841;1988;115;115;0;780457
1043842;1989;193;308;547;780650
1044402;1990;70;70;567;780720
1044978;1991;119;119;66;780839
1045056;1992;157;276;543;780996
1045605;1993;153;153;893;781149
1046507;1994;187;187;787;781336
1047303;1995;185;185;233;781521
1047538;1996;76;261;577;781597
1048129;1997;76;76;25;781673
1048160;1998;139;215;397;781812
1048565;1999;138;138;626;781950
1049207;2000;306;306;335;782256
1049547;2001;624;624;773;782880
1050330;2002;975;975;166;783855
1050502;2003;973;1948;429;784828
1050934;2004;631;1579;961;785459
1051903;2005;404;404;581;785863
1052498;2006;402;402;857;786265
1053371;2007;932;932;115;787197
1053496;2008;798;1730;773;787995
1054278;2009;663;1393;1;788658
1054280;2010;647;2040;208;789305
1054497;2011;754;1794;862;790059
1055368;2012;977;977;794;791036
1056179;2013;701;701;269;791737
1056457;2014;560;560;206;792297
1056675;2015;705;1265;876;793002
1057562;2016;484;484;449;793486
1058017;2017;337;337;580;793823
1058607;2018;646;646;111;794469
1058731;2019;328;974;669;794797
1059405;2020;510;510;812;795307
1060229;2021;762;762;722;796069
1060962;2022;316;316;973;796385
1061945;2023;772;772;358;797157
1062318;2024;977;977;185;798134
1062505;2025;929;1906;486;799063
1063004;2026;527;1433;662;799590
1063673;2027;640;640;896;800230
1064581;2028;706;706;323;800936
1064911;2029;680;1386;334;801616
1065255;2030;737;1123;363;802353
1065630;2031;473;596;469;802826
1066114;2032;539;539;10;803365
1066130;2033;841;1380;738;804206
1066880;2034;748;1128;516;804954
1067398;2035;446;574;727;805400
1068128;2036;507;507;925;805907
1069063;2037;454;454;927;806361
1069999;2038;698;698;498;807059
1070513;2039;776;776;400;807835
1070919;2040;492;492;849;808327
1071776;2041;742;742;871;809069
1072652;2042;626;626;773;809695
1073432;2043;968;968;250;810663
1073697;2044;601;1569;484;811264
1074194;2045;922;1491;465;812186
1074665;2046;938;1429;748;813124
1075426;2047;393;393;508;813517
1075941;2048;892;892;834;814409
1076783;2049;798;798;620;815207
1077405;2050;374;374;371;815581
1077780;2051;992;1366;765;816573
1078547;2052;757;757;854;817330
1079404;2053;479;479;94;817809
1079512;2054;817;1296;14;818626
1079527;2055;665;1961;701;819291
1080245;2056;673;1634;628;819964
1080885;2057;554;554;160;820518
1081055;2058;371;925;384;820889
1081448;2059;914;914;453;821803
1081901;2060;601;601;814;822404
1082728;2061;709;709;510;823113
1083239;2062;709;709;410;823822
1083659;2063;388;388;656;824210
1084317;2064;330;330;344;824540
1084673;2065;618;618;17;825158
1084704;2066;455;1073;762;825613
1085481;2067;889;889;800;826502
1086290;2068;701;701;100;827203
1086397;2069;686;1387;684;827889
1087098;2070;333;333;143;828222
1087252;2071;738;1071;953;828960
1088221;2072;300;300;413;829260
1088641;2073;327;327;602;829587
1089251;2074;570;570;56;830157
1089314;2075;479;1049;779;830636
1090108;2076;495;495;410;831131
1090532;2077;551;1046;448;831682
1090988;2078;795;841;873;832477
1091876;2079;651;651;18;833128
1091907;2080;394;1045;807;833522
1092721;2081;720;720;543;834242
1093265;2082;501;501;928;834743
1094203;2083;556;556;109;835299
1094326;2084;562;1118;466;835861
1094805;2085;405;523;706;836266
1095524;2086;750;750;452;837016
1095990;2087;781;781;221;837797
1096226;2088;956;956;483;838753
1096710;2089;895;895;350;839648
1097064;2090;603;1498;382;840251
1097456;2091;532;1030;288;840783
1097750;2092;795;825;876;841578
1098640;2093;605;605;519;842183
1099172;2094;997;997;830;843180
1100013;2095;350;350;427;843530
1100445;2096;521;521;713;844051
1101162;2097;651;651;188;844702
1101363;2098;938;938;638;845640
1102004;2099;548;548;664;846188
1102674;2100;624;624;881;846812
1103563;2101;365;365;909;847177
1104486;2102;600;600;681;847777
1105170;2103;709;709;941;848486
1106123;2104;689;689;895;849175
1107028;2105;424;424;405;849599
1107434;2106;336;336;528;849935
1107964;2107;822;822;157;850757
1108135;2108;458;1280;847;851215
1108983;2109;741;741;292;851956
1109278;2110;307;1048;515;852263
1109797;2111;452;500;662;852715
1110469;2112;997;997;801;853712
1111281;2113;475;475;241;854187
1111530;2114;792;792;452;854979
1111987;2115;628;628;819;855607
1112817;2116;692;692;498;856299
1113318;2117;504;504;468;856803
1113787;2118;344;344;364;857147
1114161;2119;808;808;951;857955
1115124;2120;813;813;682;858768
1115811;2121;623;623;43;859391
1115857;2122;806;1429;6;860197
1115873;2123;833;2262;752;861030
1116635;2124;565;827;891;861595
1117540;2125;981;981;769;862576
1118319;2126;566;566;280;863142
1118600;2127;577;577;23;863719
1118631;2128;698;1275;593;864417
1119225;2129;582;857;752;864999
1119988;2130;402;402;33;865401
1120035;2131;503;503;664;865904
1120705;2132;374;374;413;866278
1121127;2133;841;841;888;867119
1122016;2134;694;694;299;867813
1122329;2135;741;741;962;868554
1123306;2136;993;993;618;869547
1123930;2137;968;968;260;870515
1124194;2138;414;414;566;870929
1124776;2139;803;803;863;871732
1125652;2140;303;303;739;872035
1126400;2141;583;583;891;872618
1127305;2142;428;428;243;873046
1127553;2143;979;1407;151;874025
1127711;2144;461;868;866;874486
1128578;2145;805;805;888;875291
1129467;2146;966;966;92;876257
1129559;2147;619;1585;308;876876
1129870;2148;697;1282;598;877573
1130480;2149;741;1023;641;878314
1131136;2150;916;939;807;879230
1131950;2151;417;417;718;879647
1132671;2152;554;554;365;880201
1133045;2153;325;325;123;880526
1133169;2154;696;1021;548;881222
1133728;2155;880;901;92;882102
1133824;2156;589;589;42;882691
1133870;2157;959;1548;378;883650
1134260;2158;762;2310;790;884412
1135053;2159;734;1044;745;885146
1135805;2160;424;424;392;885570
1136210;2161;591;1015;111;886161
1136335;2162;331;346;866;886492
1137212;2163;608;608;732;887100
1137949;2164;768;768;835;887868
1138792;2165;757;757;856;888625
1139664;2166;821;821;474;889446
1140149;2167;622;622;44;890068
1140197;2168;516;1138;489;890584
1140694;2169;899;1037;192;891483
1140886;2170;678;715;663;892161
1141558;2171;888;888;769;893049
1142329;2172;675;675;361;893724
1142692;2173;330;330;248;894054
1142945;2174;674;674;555;894728
1143511;2175;733;733;536;895461
1144062;2176;831;831;134;896292
1144203;2177;982;1813;628;897274
1144835;2178;558;1371;276;897832
1145116;2179;323;694;677;898155
1145807;2180;419;419;450;898574
1146259;2181;400;400;591;898974
1146858;2182;635;635;215;899609
1147077;2183;937;937;74;900546
1147156;2184;462;1399;664;901008
1147830;2185;615;1014;398;901623
1148236;2186;967;981;369;902590
1148613;2187;826;826;700;903416
1149320;2188;348;348;67;903764
1149398;2189;448;796;473;904212
1149872;2190;722;722;153;904934
1150028;2191;388;388;510;905322
1150545;2192;747;747;667;906069
1151215;2193;547;547;163;906616
1151385;2194;720;1267;699;907336
1152090;2195;924;924;225;908260
1152323;2196;372;1296;19;908632
1152354;2197;923;2219;31;909555
1152400;2198;938;3157;89;910493
1152494;2199;639;3796;892;911132
1153396;2200;332;2128;487;911464
1153897;2201;478;1606;880;911942
1154790;2202;377;377;100;912319
1154899;2203;503;880;390;912822
1155305;2204;813;813;284;913635
1155591;2205;833;833;262;914468
1155854;2206;846;1679;112;915314
1155979;2207;695;2374;828;916009
1156809;2208;536;910;751;916545
1157574;2209;322;322;882;916867
1158464;2210;596;596;906;917463
1159374;2211;450;450;580;917913
1159955;2212;852;852;560;918765
1160521;2213;636;636;269;919401
1160803;2214;685;685;481;920086
1161291;2215;438;438;912;920524
1162214;2216;628;628;593;921152
1162811;2217;624;624;294;921776
1163109;2218;904;1528;70;922680
1163186;2219;351;879;375;923031
1163577;2220;784;1663;825;923815
1164407;2221;807;807;928;924622
1165343;2222;421;421;624;925043
1165967;2223;384;384;247;925427
1166215;2224;783;783;154;926210
1166373;2225;761;1544;270;926971
1166653;2226;936;2480;72;927907
1166731;2227;440;1920;526;928347
1167263;2228;306;1226;157;928653
1167435;2229;869;2095;139;929522
1167575;2230;886;2981;995;930408
1168579;2231;346;1327;798;930754
1169390;2232;940;940;820;931694
1170220;2233;438;438;526;932132
1170756;2234;862;862;597;932994
1171362;2235;721;721;497;933715
1171863;2236;310;310;616;934025
1172489;2237;995;995;560;935020
1173051;2238;460;460;74;935480
1173127;2239;971;1431;746;936451
1173878;2240;827;827;76;937278
1173957;2241;842;1669;83;938120
1174052;2242;565;2234;494;938685
1174555;2243;401;1635;587;939086
1175152;2244;707;1342;690;939793
1175852;2245;377;377;785;940170
1176651;2246;550;550;937;940720
1177592;2247;337;337;427;941057
1178032;2248;508;508;722;941565
1178768;2249;748;748;919;942313
1179690;2250;529;529;400;942842
1180097;2251;373;373;693;943215
1180800;2252;323;323;323;943538
1181132;2253;375;375;852;943913
1181999;2254;443;443;617;944356
1182630;2255;672;672;771;945028
1183407;2256;553;553;820;945581
1184237;2257;461;461;781;946042
1185024;2258;409;409;377;946451
1185403;2259;549;549;125;947000
1185530;2260;971;1520;717;947971
1186253;2261;746;1266;830;948717
1187100;2262;543;543;934;949260
1188044;2263;514;514;409;949774
1188466;2264;800;800;383;950574
1188856;2265;325;1125;460;950899
1189327;2266;445;570;949;951344
1190284;2267;935;935;285;952279
1190581;2268;720;720;457;952999
1191046;2269;913;913;594;953912
1191643;2270;304;304;526;954216
1192175;2271;715;715;218;954931
1192395;2272;743;1458;35;955674
1192441;2273;445;1903;606;956119
1193053;2274;664;664;296;956783
1193350;2275;791;1455;895;957574
1194261;2276;973;973;4;958547
1194276;2277;397;1370;235;958944
1194512;2278;637;1007;584;959581
1195110;2279;487;494;891;960068
1196005;2280;722;722;603;960790
1196613;2281;848;848;220;961638
1196847;2282;982;1830;412;962620
1197270;2283;657;1487;937;963277
1198210;2284;980;980;984;964257
1199202;2285;904;904;653;965161
1199862;2286;920;920;792;966081
1200662;2287;679;679;144;966760
1200806;2288;394;1073;720;967154
1201534;2289;447;447;139;967601
1201678;2290;720;1167;992;968321
1202682;2291;314;314;654;968635
1203341;2292;988;988;552;969623
1203902;2293;386;386;17;970009
1203934;2294;483;869;916;970492
1204855;2295;974;974;525;971466
1205387;2296;736;736;767;972202
1206165;2297;664;664;203;972866
1206369;2298;767;1431;255;973633
1206635;2299;337;768;891;973970
1207541;2300;622;622;523;974592
1208075;2301;390;390;338;974982
1208421;2302;650;650;981;975632
1209409;2303;629;629;781;976261
1210190;2304;583;583;532;976844
1210723;2305;691;691;458;977535
1211194;2306;606;606;967;978141
1212169;2307;941;941;744;979082
1212923;2308;583;583;211;979665
1213146;2309;932;1515;584;980597
1213746;2310;803;803;348;981400
1214105;2311;843;1646;852;982243
1214963;2312;901;901;34;983144
1215010;2313;533;1434;35;983677
1215057;2314;363;1797;80;984040
1215151;2315;812;2609;138;984852
1215292;2316;933;2542;298;985785
1215606;2317;874;3416;526;986659
1216147;2318;523;2939;901;987182
1217051;2319;374;1313;87;987556
1217146;2320;928;2241;47;988484
1217207;2321;387;2628;58;988871
1217270;2322;454;2082;793;989325
1218065;2323;408;1490;372;989733
1218440;2324;698;1188;824;990431
1219273;2325;652;652;410;991083
1219699;2326;961;1613;34;992044
1219746;2327;606;2219;684;992650
1220439;2328;888;1107;101;993538
1220549;2329;666;1773;280;994204
1220831;2330;705;1478;45;994909
1220877;2331;617;2095;984;995526
1221871;2332;378;473;237;995904
1222123;2333;871;1344;176;996775
1222312;2334;665;1009;633;997440
1222953;2335;508;517;326;997948
1223285;2336;711;1228;109;998659
1223395;2337;892;1120;466;999551
1223868;2338;638;758;166;1000189
1224042;2339;0;758;523;1000189
1224575;2340;0;0;147;1000189
1224732;2341;0;0;645;1000189
1225393;2342;0;0;799;1000189
1226195;2343;0;0;851;1000189
1227054;2344;0;0;998;1000189
1228061;2345;0;0;468;1000189
1228532;2346;0;0;859;1000189
1229405;2347;0;0;631;1000189
1230042;2348;0;0;900;1000189
1230944;2349;0;0;92;1000189
1231039;2350;0;0;291;1000189
1231335;2351;0;0;833;1000189
1232168;2352;0;0;147;1000189
1232324;2353;0;0;964;1000189
1233302;2354;0;0;35;1000189
1233349;2355;0;0;610;1000189
1233959;2356;0;0;744;1000189
1234708;2357;0;0;866;1000189
1235578;2358;0;0;826;1000189
1236418;2359;0;0;453;1000189
1236872;2360;0;0;546;1000189
1237418;2361;0;0;65;1000189
1237496;2362;0;0;390;1000189
1237885;2363;0;0;210;1000189
1238104;2364;0;0;209;1000189
1238322;2365;0;0;318;1000189
1238650;2366;0;0;29;1000189
1238682;2367;0;0;213;1000189
1238900;2368;0;0;104;1000189
1239010;2369;0;0;130;1000189
1239150;2370;0;0;115;1000189
1239275;2371;0;0;566;1000189
1239852;2372;0;0;979;1000189
1240831;2373;0;0;436;1000189
1241282;2374;0;0;17;1000189
1241313;2375;0;0;864;1000189
1242188;2376;0;0;389;1000189
1242578;2377;0;0;618;1000189
1243201;2378;0;0;380;1000189
1243592;2379;0;0;59;1000189
1243654;2380;0;0;796;1000189
1244454;2381;0;0;449;1000189
1244909;2382;0;0;671;1000189
1245587;2383;0;0;137;1000189
1245728;2384;0;0;888;1000189
1246615;2385;0;0;562;1000189
1247192;2386;0;0;533;1000189
1247724;2387;0;0;973;1000189
1248703;2388;0;0;662;1000189
1249372;2389;0;0;785;1000189
1250167;2390;0;0;838;1000189
1251009;2391;0;0;637;1000189
1251651;2392;0;0;355;1000189
1252008;2393;0;0;164;1000189
1252179;2394;0;0;6;1000189
1252194;2395;0;0;241;1000189
1252445;2396;0;0;764;1000189
1253211;2397;0;0;310;1000189
1253524;2398;0;0;107;1000189
1253632;2399;0;0;625;1000189
1254272;2400;0;0;274;1000189
1254554;2401;0;0;970;1000189
1255535;2402;0;0;411;1000189
1255955;2403;0;0;551;1000189
1256517;2404;0;0;684;1000189
1257217;2405;0;0;138;1000189
1257358;2406;0;0;871;1000189
1258234;2407;0;0;766;1000189
1259013;2408;0;0;648;1000189
1259672;2409;0;0;798;1000189
1260479;2410;0;0;751;1000189
1261232;2411;0;0;789;1000189
1262025;2412;0;0;840;1000189
1262870;2413;0;0;646;1000189
1263523;2414;0;0;462;1000189
1263991;2415;0;0;759;1000189
1264750;2416;0;0;658;1000189
1265420;2417;0;0;634;1000189
1266059;2418;0;0;847;1000189
1266914;2419;0;0;852;1000189
1267773;2420;0;0;669;1000189
1268445;2421;0;0;238;1000189
1268693;2422;0;0;988;1000189
1269690;2423;0;0;91;1000189
1269782;2424;0;0;458;1000189
1270249;2425;0;0;731;1000189
1270996;2426;0;0;939;1000189
1271947;2427;0;0;941;1000189
1272894;2428;0;0;987;1000189
1273890;2429;0;0;802;1000189
1274699;2430;0;0;984;1000189
