Timestamp; Read by categoriser; Remaining in queue
626;1000;0
1097;1000;0
1608;1000;0
2108;1000;0
2621;1000;0
3120;1000;0
3635;1000;0
4144;1000;0
4648;1000;0
5147;1000;0
5662;1000;0
6163;1000;0
6673;1000;0
7172;1000;0
7684;1000;0
8185;1000;348
8698;1000;0
9199;1000;0
9711;1000;265
10210;1000;0
10723;1000;0
11224;1000;0
11737;1000;0
12235;1000;0
12748;1000;0
13248;1000;0
13762;1000;0
14272;1000;0
14773;1000;0
15272;1000;0
15786;1000;207
16301;1000;46
16811;1000;346
17312;1000;0
17823;1000;0
18324;1000;0
18838;1000;0
19353;1000;0
19867;1000;0
20379;1000;404
20879;1000;0
21393;1000;759
21906;1000;0
22406;1000;0
22916;1000;0
23415;1000;253
23917;1000;196
24419;1000;0
24934;1000;742
25434;1000;0
25947;1000;0
26461;1000;0
26966;1000;0
27477;1000;0
27991;1000;391
28502;1000;767
29016;1000;1100
29529;1000;100
30042;1000;0
30557;1000;0
31071;1000;0
31581;1000;0
32093;1000;571
32608;1000;526
33116;1000;0
33616;1000;0
34129;1000;0
34642;1000;0
35150;1000;0
35663;1000;0
36164;1000;621
36677;1000;257
37191;1000;0
37704;1000;0
38217;1000;0
38733;1000;0
39246;1000;534
39760;1000;186
40273;1000;0
40773;1000;0
41287;1000;652
41803;1000;146
42312;1000;0
42826;1000;504
43328;1000;308
43828;1000;0
44341;1000;0
44844;1000;0
45346;1000;0
45858;1000;0
46358;1000;0
46860;1000;0
47372;1000;0
47885;1000;0
48400;1000;0
48911;1000;0
49415;1000;0
49919;1000;0
50433;1000;0
50931;1000;0
51447;1000;0
51949;1000;0
52451;1000;0
52963;1000;0
53463;1000;0
53963;1000;395
54479;1000;0
54994;1000;0
55509;1000;2355
56022;1000;1355
56537;1000;2895
57051;1000;2487
57562;1000;2470
58076;1000;1470
58592;1000;1395
59105;1000;1186
59619;1000;731
60121;1000;0
60623;1000;0
61124;1000;0
61628;1000;0
62142;1000;0
62655;1000;582
63156;1000;520
63669;1000;0
64183;1000;0
64697;1000;0
65212;1000;0
65715;1000;0
66228;1000;1015
66743;1000;15
67259;1000;0
67776;1000;0
68285;1000;0
68786;1000;0
69300;1000;0
69801;1000;0
70315;1000;0
70815;1000;0
71327;1000;0
71826;1000;416
72342;1000;183
72840;1000;0
73351;1000;0
73852;1000;0
74364;1000;0
74864;1000;0
75377;1000;0
75932;1000;829
76443;1000;828
76949;1000;0
77451;1000;0
77952;1000;0
78452;1000;0
78967;1000;0
79482;1000;0
79983;1000;0
80485;1000;0
80990;1000;0
81493;1000;0
81997;1000;0
82497;1000;32
83012;1000;0
83516;1000;0
84017;1000;0
84519;1000;667
85034;1000;0
85548;1000;0
86048;1000;0
86548;1000;0
87063;1000;0
87576;1000;0
88091;1000;0
88606;1000;0
89120;1000;0
89622;1000;0
90123;1000;0
90637;1000;0
91151;1000;0
91651;1000;0
92166;1000;296
92667;1000;0
93183;1000;248
93698;1000;0
94212;1000;0
94715;1000;0
95229;1000;0
95744;1000;304
96258;1000;0
96772;1000;470
97286;1000;0
97797;1000;0
98312;1000;0
98814;1000;0
99327;1000;0
99829;1000;0
100343;1000;326
100857;1000;0
101357;1000;0
101872;1000;0
102387;1000;557
102902;1000;0
103402;1000;0
103902;1000;0
104417;1000;0
104920;1000;0
105436;1000;0
105949;1000;264
106461;1000;124
106962;1000;0
107464;1000;0
107978;1000;0
108493;1000;0
109009;1000;0
109522;1000;0
110023;1000;0
110537;1000;0
111041;1000;0
111541;1000;0
112046;1000;70
112559;1000;0
113075;1000;589
113589;1000;439
114091;1000;925
114606;1000;580
115119;1000;541
115634;1000;364
116136;1000;0
116640;1000;763
117149;1000;0
117661;1000;800
118174;1000;0
118675;1000;192
119177;1000;0
119679;1000;0
120189;1000;29
120704;1000;0
121205;1000;0
121718;1000;0
122233;1000;0
122748;1000;0
123247;1000;0
123761;1000;0
124262;1000;0
124775;1000;0
125288;1000;435
125799;1000;0
126300;1000;672
126801;1000;522
127314;1000;0
127814;1000;0
128313;1000;0
128826;1000;0
129340;1000;703
129855;1000;884
130354;1000;0
130867;1000;0
131367;1000;0
131879;1000;0
132380;1000;0
132895;1000;796
133394;1000;682
133908;1000;537
134463;1000;0
134967;1000;0
135479;1000;0
135981;1000;592
136496;1000;1729
137010;1000;729
137528;1000;706
138040;1000;0
138540;1000;0
139055;1000;0
139569;1000;0
140083;1000;0
140582;1000;0
141085;1000;630
141585;1000;0
142099;1000;0
142600;1000;0
143114;1000;0
143626;1000;0
144132;1000;0
144643;1000;0
145157;1000;0
145659;1000;0
146172;1000;0
146674;1000;0
147188;1000;0
147700;1000;0
148201;1000;0
148714;1000;0
149227;1000;0
149741;1000;0
150253;1000;0
150754;1000;0
151269;1000;359
151781;1000;0
152294;1000;0
152808;1000;0
153311;1000;0
153824;1000;0
154326;1000;0
154826;1000;0
155339;1000;0
155854;1000;0
156367;1000;0
156878;1000;0
157382;1000;182
157893;1000;0
158408;1000;0
158909;1000;0
159410;1000;0
159910;1000;0
160424;1000;0
160937;1000;213
161449;1000;111
161965;1000;28
162479;1000;0
162979;1000;0
163480;1000;0
163981;1000;0
164481;1000;590
164987;1000;169
165490;1000;0
165991;1000;0
166507;1000;0
167022;1000;0
167534;1000;0
168037;1000;0
168551;1000;0
169066;1000;639
169579;1000;0
170091;1000;0
170593;1000;104
171094;1000;0
171602;1000;0
172115;1000;0
172628;1000;0
173140;1000;0
173653;1000;0
174164;1000;0
174665;1000;155
175178;1000;0
175681;1000;0
176194;1000;0
176708;1000;0
177223;1000;0
177722;1000;0
178235;1000;0
178736;1000;0
179251;1000;0
179766;1000;0
180270;1000;0
180784;1000;0
181299;1000;0
181810;1000;0
182325;1000;0
182827;1000;0
183327;1000;1827
183827;1000;827
184337;1000;371
184880;1000;0
185383;1000;0
185894;1000;0
186410;1000;618
186922;1000;597
187423;1000;265
187928;1000;1020
188429;1000;20
188942;1000;0
189457;1000;0
189972;1000;171
190487;1000;0
191000;1000;0
191512;1000;0
192025;1000;0
192525;1000;0
193040;1000;183
193554;1000;0
194064;1000;0
194579;1000;0
195093;1000;0
195604;1000;0
196119;1000;0
196633;1000;0
197144;1000;0
197656;1000;0
198158;1000;0
198671;1000;0
199185;1000;0
199699;1000;0
200199;1000;0
200713;1000;0
201226;1000;523
201739;1000;0
202252;1000;0
202764;1000;0
203264;1000;331
203778;1000;0
204292;1000;0
204805;1000;0
205315;1000;0
205828;1000;0
206342;1000;547
206847;1000;0
207347;1000;0
207859;1000;605
208374;1000;0
208888;1000;0
209389;1000;851
209902;1000;652
210413;1000;530
210916;1000;0
211430;1000;388
211931;1000;0
212447;1000;0
212960;1000;657
213475;1000;0
213976;1000;0
214488;1000;0
214989;1000;0
215502;1000;0
216015;1000;0
216531;1000;0
217043;1000;0
217559;1000;0
218073;1000;0
218586;1000;156
219100;1000;0
219599;1000;0
220115;1000;8
220630;1000;0
221131;1000;705
221642;1000;690
222143;1000;1307
222657;1000;719
223159;1000;0
223663;1000;0
224176;1000;0
224692;1000;0
225192;1000;0
225706;1000;0
226206;1000;194
226717;1000;0
227231;1000;0
227731;1000;0
228247;1000;0
228754;1000;0
229267;1000;372
229777;1000;163
230330;1000;0
230834;1000;331
231348;1000;0
231863;1000;0
232363;1000;0
232873;1000;0
233374;1000;0
233888;1000;0
234389;1000;928
234899;1000;400
235401;1000;112
235911;1000;83
236415;1000;0
236922;1000;0
237424;1000;111
237936;1000;0
238437;1000;0
238950;1000;0
239449;1000;0
239962;1000;0
240461;1000;0
240974;1000;0
241472;1000;0
241981;1000;0
242483;1000;985
242993;1000;906
243494;1000;0
244006;1000;1427
244508;1000;427
245022;1000;407
245523;1000;0
246035;1000;0
246535;1000;0
247045;1000;0
247546;1000;1316
248060;1000;655
248575;1000;1454
249088;1000;1056
249602;1000;56
250103;1000;644
250602;1000;0
251116;1000;0
251628;1000;0
252140;1000;0
252639;1000;0
253151;1000;0
253664;1000;0
254178;1000;0
254693;1000;231
255207;1000;0
255719;1000;0
256231;1000;0
256746;1000;0
257261;1000;0
257775;1000;0
258289;1000;0
258801;1000;0
259314;1000;0
259814;1000;87
260330;1000;0
260844;1000;0
261344;1000;0
261858;1000;663
262372;1000;0
262872;1000;0
263382;1000;0
263897;1000;0
264410;1000;0
264925;1000;0
265426;1000;0
265938;1000;1565
266452;1000;1046
266967;1000;1529
267469;1000;897
267969;1000;743
268472;1000;0
268976;1000;0
269477;1000;0
269981;1000;0
270482;1000;0
270997;1000;0
271496;1000;0
272002;1000;0
272518;1000;0
273021;1000;0
273525;1000;0
274031;1000;0
274535;1000;0
275039;1000;0
275542;1000;0
276045;1000;0
276548;1000;0
277053;1000;0
277557;1000;0
278057;1000;0
278570;1000;0
279084;1000;0
279600;1000;0
280113;1000;0
280626;1000;0
281139;1000;0
281639;1000;0
282140;1000;0
282654;1000;0
283168;1000;0
283668;1000;0
284183;1000;0
284686;1000;0
285202;1000;0
285704;1000;0
286218;1000;0
286733;1000;0
287231;1000;0
287747;1000;0
288261;1000;0
288775;1000;0
289290;1000;0
289790;1000;0
290293;1000;0
290805;1000;0
291318;1000;0
291819;1000;0
292319;1000;0
292831;1000;0
293345;1000;0
293859;1000;0
294359;1000;0
294859;1000;0
295360;1000;0
295863;1000;0
296373;1000;0
296886;1000;0
297397;1000;0
297911;1000;0
298423;1000;0
298923;1000;0
299437;1000;0
299938;1000;0
300441;1000;0
300942;1000;0
301445;1000;0
301946;1000;0
302460;1000;0
302974;1000;0
303474;1000;0
303973;1000;0
304487;1000;0
304993;1000;0
305504;1000;0
306006;1000;0
306521;1000;0
307034;1000;0
307546;1000;0
308061;1000;0
308576;1000;0
309089;1000;0
309602;1000;0
310116;1000;0
310630;1000;0
311132;1000;0
311643;1000;0
312146;1000;0
312656;1000;0
313157;1000;0
313668;1000;0
314169;1000;0
314678;1000;0
315177;1000;0
315693;1000;0
316206;1000;0
316720;1000;0
317232;1000;0
317744;1000;0
318259;1000;0
318773;1000;0
319287;1000;0
319801;1000;0
320315;1000;0
320818;1000;0
321333;1000;0
321847;1000;0
322348;1000;0
322855;1000;0
323358;1000;0
323872;1000;0
324386;1000;0
324885;1000;0
325401;1000;0
325914;1000;0
326415;1000;0
326917;1000;0
327429;1000;0
327931;1000;0
328431;1000;0
328934;1000;0
329447;1000;0
329948;1000;0
330447;1000;0
330962;1000;0
331477;1000;0
331976;1000;0
332491;1000;0
332992;1000;0
333507;1000;0
334021;1000;0
334534;1000;0
335048;1000;0
335558;1000;0
336073;1000;0
336587;1000;0
337099;1000;0
337613;1000;0
338125;1000;0
338639;1000;0
339139;1000;0
339653;1000;0
340164;1000;0
340680;1000;0
341191;1000;0
341704;1000;0
342218;1000;0
342731;1000;0
343248;1000;0
343764;1000;0
344277;1000;0
344780;1000;0
345285;1000;0
345797;1000;0
346309;1000;0
346821;1000;0
347323;1000;0
347836;1000;0
348351;1000;0
348866;1000;0
349380;1000;0
349892;1000;0
350405;1000;0
350908;1000;0
351423;1000;0
351937;1000;0
352438;1000;0
352951;1000;0
353453;1000;0
353967;1000;0
354480;1000;0
354994;1000;0
355494;1000;0
356008;1000;0
356508;1000;0
357008;1000;0
357508;1000;0
358024;1000;0
358526;1000;0
359039;1000;0
359541;1000;0
360047;1000;0
360559;1000;0
361075;1000;0
361585;1000;0
362094;1000;0
362594;1000;0
363109;1000;0
363608;1000;0
364108;1000;0
364620;1000;0
365134;1000;0
365635;1000;0
366146;1000;0
366646;1000;0
367149;1000;0
367651;1000;0
368162;1000;0
368665;1000;0
369179;1000;0
369695;1000;0
370205;1000;0
370707;1000;0
371219;1000;0
371719;1000;0
372229;1000;0
372729;1000;0
373241;1000;0
373741;1000;0
374252;1000;0
374754;1000;0
375264;1000;0
375764;1000;0
376277;1000;0
376778;1000;0
377289;1000;0
377788;1000;0
378301;1000;0
378802;1000;0
379315;1000;0
379816;1000;0
380317;1000;0
380821;1000;0
381333;1000;0
381834;1000;0
382343;1000;0
382843;1000;0
383355;1000;0
383856;1000;0
384367;1000;0
384867;1000;0
385382;1000;0
385892;1000;0
386404;1000;0
386904;1000;0
387417;1000;0
387915;1000;0
388416;1000;0
388929;1000;0
389446;1000;0
389958;1000;0
390474;1000;0
390974;1000;0
391486;1000;0
392000;1000;0
392514;1000;0
393029;1000;0
393543;1000;0
394057;1000;0
394561;1000;0
395077;1000;0
395577;1000;0
396088;1000;0
396604;1000;0
397118;1000;0
397618;1000;0
398131;1000;0
398632;1000;0
399147;1000;0
399660;1000;0
400174;1000;0
400687;1000;0
401200;1000;0
401701;1000;0
402212;1000;0
402725;1000;0
403241;1000;0
403755;1000;0
404256;1000;0
404762;1000;0
405264;1000;0
405763;1000;0
406277;1000;0
406790;1000;0
407304;1000;0
407804;1000;0
408317;1000;0
408828;1000;0
409340;1000;0
409854;1000;0
410368;1000;0
410881;1000;0
411397;1000;0
411901;1000;0
412407;1000;0
412920;1000;0
413434;1000;0
413935;1000;0
414450;1000;0
414951;1000;0
415464;1000;0
415981;1000;0
416493;1000;0
417009;1000;0
417522;1000;0
418037;1000;0
418614;1000;0
419129;1000;0
419642;1000;0
420143;1000;0
420646;1000;0
421148;1000;0
421661;1000;0
422172;1000;0
422674;1000;0
423175;1000;0
423679;1000;0
424192;1000;0
424706;1000;0
425219;1000;0
425732;1000;0
426246;1000;0
426761;1000;0
427276;1000;0
427776;1000;0
428275;1000;0
428786;1000;0
429289;1000;0
429800;1000;0
430303;1000;0
430811;1000;0
431310;1000;0
431823;1000;0
432324;1000;0
432837;1000;0
433336;1000;0
433847;1000;0
434348;1000;0
434857;1000;0
435359;1000;0
435871;1000;0
436373;1000;0
436885;1000;0
437385;1000;0
437896;1000;0
438399;1000;0
438908;1000;0
439407;1000;0
439916;1000;0
440419;1000;0
440919;1000;0
441422;1000;0
441922;1000;0
442424;1000;0
442938;1000;0
443441;1000;0
443950;1000;0
444451;1000;0
444964;1000;0
445465;1000;0
445977;1000;0
446478;1000;0
446990;1000;0
447491;1000;0
448000;1000;0
448500;1000;0
449013;1000;0
449513;1000;0
450015;1000;0
450516;1000;0
451026;1000;0
451526;1000;0
452040;1000;0
452543;1000;0
453056;1000;0
453569;1000;0
454070;1000;0
454582;1000;0
455098;1000;0
455611;1000;0
456112;1000;0
456623;1000;0
457138;1000;0
457652;1000;0
458163;1000;0
458664;1000;0
459178;1000;0
459691;1000;0
460195;1000;0
460696;1000;0
461198;1000;0
461701;1000;0
462212;1000;0
462727;1000;0
463241;1000;0
463755;1000;0
464262;1000;0
464769;1000;0
465272;1000;0
465775;1000;0
466290;1000;0
466801;1000;0
467314;1000;0
467829;1000;0
468343;1000;0
468857;1000;0
469371;1000;0
469883;1000;0
470385;1000;0
470886;1000;0
471389;1000;0
471888;1000;0
472388;1000;0
472902;1000;0
473417;1000;0
473920;1000;0
474432;1000;0
474942;1000;0
475442;1000;0
475945;1000;0
476446;1000;0
476948;1000;0
477454;1000;0
477957;1000;0
478459;1000;0
478973;1000;0
479488;1000;0
480002;1000;0
480516;1000;0
481016;1000;0
481518;1000;0
482018;1000;0
482520;1000;0
483021;1000;0
483524;1000;0
484040;1000;0
484553;1000;0
485069;1000;0
485585;1000;0
486099;1000;0
486613;1000;0
487128;1000;0
487643;1000;0
488155;1000;0
488669;1000;0
489183;1000;0
489686;1000;0
490200;1000;0
490715;1000;0
491227;1000;0
491743;1000;0
492256;1000;0
492771;1000;0
493286;1000;0
493799;1000;0
494299;1000;0
494812;1000;0
495324;1000;0
495837;1000;0
496351;1000;0
496865;1000;0
497379;1000;0
497892;1000;0
498406;1000;0
498907;1000;0
499418;1000;0
499918;1000;0
500433;1000;0
500935;1000;0
501435;1000;0
501935;1000;0
502445;1000;0
502944;1000;0
503456;1000;0
503956;1000;0
504468;1000;0
504976;1000;0
505477;1000;0
505978;1000;0
506490;1000;0
506992;1000;0
507505;1000;0
508015;1000;0
508527;1000;0
509041;1000;0
509556;1000;0
510056;1000;0
510571;1000;0
511073;1000;0
511588;1000;0
512102;1000;0
512602;1000;0
513116;1000;0
513631;1000;0
514130;1000;0
514638;1000;0
515138;1000;0
515651;1000;0
516150;1000;0
516664;1000;0
517177;1000;0
517691;1000;0
518207;1000;0
518720;1000;0
519233;1000;0
519749;1000;0
520263;1000;0
520765;1000;0
521279;1000;0
521794;1000;0
522307;1000;0
522822;1000;0
523338;1000;0
523851;1000;0
524356;1000;0
524857;1000;0
525368;1000;0
525882;1000;0
526397;1000;0
526909;1000;0
527410;1000;0
527923;1000;0
528424;1000;0
528936;1000;0
529446;1000;0
529959;1000;0
530460;1000;0
530972;1000;0
531487;1000;0
531999;1000;0
532506;1000;0
533019;1000;0
533533;1000;0
534034;1000;0
534540;1000;0
535041;1000;0
535546;1000;0
536063;1000;0
536563;1000;0
537065;1000;0
537581;1000;0
538086;1000;0
538591;1000;0
539093;1000;0
539594;1000;0
540101;1000;0
540606;1000;108
541107;1000;0
541610;1000;0
542111;1000;0
542612;1000;0
543116;1000;977
543619;1000;856
544131;1000;778
544642;1000;446
545142;1000;0
545644;1000;0
546158;1000;0
546672;1000;0
547187;1000;0
547701;1000;0
548215;1000;0
548728;1000;0
549229;1000;0
549742;1000;0
550256;1000;0
550756;1000;0
551257;1000;0
551757;1000;0
552271;1000;0
552782;1000;0
553297;1000;0
553795;1000;0
554307;1000;0
554820;1000;0
555321;1000;0
555834;1000;0
556348;1000;0
556848;1000;0
557351;1000;0
557862;1000;40
558374;1000;0
558888;1000;0
559401;1000;0
559913;1000;0
560428;1000;0
560944;1000;0
561458;1000;0
561973;1000;0
562484;1000;0
562984;1000;338
563485;1000;0
563998;1000;0
564512;1000;0
565011;1000;0
565521;1000;378
566023;1000;0
566538;1000;87
567049;1000;0
567561;1000;0
568075;1000;0
568585;1000;360
569098;1000;0
569612;1000;0
570125;1000;0
570624;1000;0
571137;1000;0
571635;1000;197
572150;1000;0
572664;1000;1899
573178;1000;1794
573677;1000;2521
574190;1000;2218
574705;1000;2098
575205;1000;1098
575710;1000;817
576225;1000;353
576742;1000;12
577254;1000;0
577752;1000;508
578262;1000;381
578764;1000;0
579263;1000;0
579776;1000;0
580290;1000;0
580790;1000;0
581289;1000;0
581792;1000;0
582293;1000;0
582796;1000;114
583305;1000;0
583820;1000;235
584320;1000;65
584824;1000;0
585330;1000;0
585829;1000;159
586340;1000;0
586841;1000;0
587355;1000;0
587856;1000;0
588363;1000;0
588864;1000;0
589377;1000;881
589876;1000;0
590390;1000;0
590903;1000;479
591419;1000;0
591933;1000;0
592449;1000;0
592962;1000;0
593464;1000;374
593965;1000;79
594480;1000;21
594995;1000;0
595508;1000;0
596022;1000;0
596521;1000;0
597036;1000;0
597549;1000;0
598066;1000;0
598580;1000;0
599094;1000;0
599596;1000;0
600107;1000;0
600622;1000;0
601136;1000;272
601650;1000;0
602163;1000;0
602676;1000;0
603177;1000;0
603688;1000;0
604200;1000;0
604711;1000;0
605215;1000;0
605727;1000;0
606226;1000;508
606728;1000;1380
607242;1000;380
607756;1000;778
608270;1000;0
608771;1000;0
609283;1000;0
609797;1000;0
610312;1000;0
610824;1000;940
611337;1000;0
611848;1000;0
612363;1000;0
612876;1000;0
613378;1000;0
613892;1000;0
614406;1000;0
614920;1000;0
615434;1000;0
615947;1000;316
616458;1000;0
616970;1000;597
617480;1000;843
617983;1000;0
618486;1000;0
618996;1000;0
619495;1000;0
620011;1000;0
620512;1000;0
621027;1000;0
621529;1000;522
622041;1000;0
622542;1000;0
623054;1000;0
623554;1000;0
624068;1000;0
624584;1000;0
625087;1000;0
625599;1000;727
626104;1000;0
626618;1000;0
627163;1000;0
627677;1000;0
628191;1000;0
628705;1000;0
629215;1000;0
629716;1000;0
630229;1000;0
630744;1000;0
631258;1000;0
631772;1000;0
632274;1000;0
632789;1000;0
633290;1000;0
633804;1000;0
634303;1000;0
634812;1000;0
635310;1000;645
635825;1000;583
636326;1000;0
636839;1000;0
637353;1000;0
637869;1000;0
638383;1000;0
638898;1000;0
639413;1000;0
639913;1000;0
640413;1000;0
640924;1000;0
641437;1000;0
641951;1000;454
642468;1000;0
642978;1000;0
643491;1000;0
644006;1000;0
644510;1000;0
645015;1000;0
645520;1000;0
646025;1000;579
646527;1000;0
647027;1000;0
647540;1000;335
648043;1000;0
648546;1000;0
649052;1000;0
649565;1000;0
650080;1000;0
650580;1000;0
651081;1000;0
651596;1000;1075
652108;1000;966
652609;1000;531
653111;1000;0
653617;1000;0
654133;1000;0
654636;1000;115
655137;1000;0
655650;1000;0
656163;1000;348
656677;1000;0
657180;1000;0
657683;1000;0
658186;1000;0
658699;1000;0
659200;1000;0
659703;1000;713
660217;1000;233
660720;1000;0
661233;1000;0
661747;1000;0
662261;1000;0
662763;1000;0
663274;1000;0
663790;1000;0
664302;1000;0
664818;1000;204
665317;1000;0
665818;1000;0
666319;1000;0
666823;1000;0
667327;1000;0
667828;1000;0
668343;1000;0
668858;1000;0
669373;1000;0
669886;1000;0
670386;1000;845
670901;1000;183
671414;1000;0
671917;1000;0
672424;1000;0
672928;1000;0
673433;1000;0
673938;1000;411
674443;1000;57
674948;1000;0
675461;1000;0
675962;1000;0
676475;1000;0
676977;1000;0
677489;1000;0
678003;1000;0
678516;1000;538
679030;1000;0
679544;1000;294
680043;1000;221
680557;1000;0
681073;1000;0
681575;1000;0
682074;1000;0
682578;1000;0
683094;1000;0
683596;1000;0
684098;1000;0
684601;1000;300
685101;1000;0
685615;1000;0
686127;1000;0
686631;1000;0
687148;1000;0
687647;1000;0
688161;1000;0
688664;1000;1217
689169;1000;1083
689673;1000;971
690174;1000;0
690681;1000;0
691187;1000;0
691700;1000;1302
692201;1000;1056
692715;1000;521
693229;1000;0
693729;1000;0
694240;1000;0
694743;1000;0
695257;1000;0
695770;1000;0
696270;1000;0
696783;1000;379
697298;1000;608
697797;1000;115
698310;1000;0
698826;1000;0
699340;1000;0
699856;1000;0
700370;1000;0
700873;1000;495
701384;1000;23
701884;1000;565
702399;1000;0
702911;1000;0
703421;1000;0
703936;1000;487
704448;1000;333
704949;1000;1194
705448;1000;194
705951;1000;0
706461;1000;0
706963;1000;0
707473;1000;0
707973;1000;0
708488;1000;0
708989;1000;664
709502;1000;564
710016;1000;0
710518;1000;0
711032;1000;0
711538;1000;0
712042;1000;0
712545;1000;0
713058;1000;0
713558;1000;0
714073;1000;0
714586;1000;0
715087;1000;0
715602;1000;280
716117;1000;0
716631;1000;0
717144;1000;0
717644;1000;0
718159;1000;0
718658;1000;0
719160;1000;0
719669;1000;873
720184;1000;0
720696;1000;0
721196;1000;0
721711;1000;0
722211;1000;360
722712;1000;0
723227;1000;0
723739;1000;0
724238;1000;0
724738;1000;528
725242;1000;0
725756;1000;149
726268;1000;0
726783;1000;1200
727297;1000;903
727809;1000;515
728324;1000;346
728837;1000;242
729352;1000;776
729864;1000;0
730380;1000;0
730892;1000;0
731392;1000;0
731906;1000;0
732407;1000;0
732922;1000;0
733431;1000;0
733943;1000;0
734455;1000;0
734970;1000;0
735480;1000;0
735994;1000;0
736508;1000;0
737009;1000;0
737521;1000;148
738025;1000;0
738537;1000;0
739052;1000;0
739564;1000;273
740067;1000;0
740572;1000;0
741075;1000;0
741578;1000;0
742093;1000;0
742604;1000;0
743119;1000;0
743620;1000;0
744132;1000;1038
744646;1000;344
745162;1000;0
745676;1000;0
746174;1000;0
746690;1000;0
747248;1000;0
747750;1000;215
748263;1000;0
748778;1000;0
749292;1000;126
749806;1000;976
750321;1000;1468
750835;1000;1338
751348;1000;2146
751851;1000;1737
752351;1000;2567
752865;1000;1567
753379;1000;1302
753892;1000;2142
754408;1000;2057
754917;1000;1057
755416;1000;2131
755930;1000;1131
756443;1000;460
756957;1000;0
757470;1000;0
757986;1000;0
758484;1000;0
758995;1000;1051
759496;1000;590
760009;1000;508
760510;1000;0
761023;1000;0
761536;1000;0
762048;1000;74
762561;1000;0
763076;1000;447
763578;1000;0
764079;1000;0
764581;1000;0
765084;1000;0
765584;1000;0
766097;1000;0
766610;1000;0
767123;1000;0
767635;1000;0
768148;1000;0
768650;1000;0
769163;1000;0
769664;1000;0
770177;1000;0
770691;1000;0
771205;1000;955
771709;1000;0
772212;1000;0
772725;1000;0
773241;1000;0
773742;1000;809
774245;1000;1483
774744;1000;483
775246;1000;322
775761;1000;0
776264;1000;0
776766;1000;230
777278;1000;22
777793;1000;282
778305;1000;0
778819;1000;0
779331;1000;0
779844;1000;0
780343;1000;0
780856;1000;0
781358;1000;0
781873;1000;0
782386;1000;0
782887;1000;0
783402;1000;0
783916;1000;767
784430;1000;311
784932;1000;0
785446;1000;0
785956;1000;125
786467;1000;3053
786982;1000;2748
787481;1000;3620
787984;1000;2620
788496;1000;2024
789011;1000;1024
789524;1000;1673
790035;1000;673
790548;1000;394
791062;1000;0
791574;1000;30
792082;1000;0
792584;1000;0
793095;1000;0
793611;1000;0
794120;1000;0
794635;1000;0
795138;1000;0
795652;1000;0
796153;1000;0
796652;1000;0
797164;1000;0
797677;1000;0
798180;1000;0
798682;1000;0
799182;1000;0
799682;1000;0
800193;1000;0
800694;1000;0
801209;1000;0
801714;1000;0
802216;1000;0
802730;1000;0
803243;1000;0
803757;1000;0
804269;1000;0
804780;1000;0
805292;1000;0
805793;1000;0
806305;1000;0
806819;1000;0
807333;1000;0
807834;1000;0
808346;1000;0
808862;1000;0
809363;1000;0
809877;1000;0
810377;1000;0
810889;1000;0
811390;1000;0
811905;1000;0
812418;1000;0
812919;1000;0
813430;1000;0
813933;1000;0
814433;1000;0
814938;1000;0
815453;1000;0
815954;1000;0
816465;1000;0
816978;1000;0
817492;1000;0
818004;1000;0
818518;1000;0
819032;1000;0
819546;1000;0
820057;1000;0
820558;1000;0
821060;1000;0
821563;1000;0
822064;1000;0
822566;1000;0
823080;1000;0
823594;1000;0
824109;1000;0
824615;1000;0
825117;1000;0
825618;1000;0
826131;1000;0
826635;1000;0
827149;1000;0
827661;1000;0
828162;1000;0
828676;1000;0
829175;1000;0
829677;1000;0
830177;1000;0
830687;1000;0
831186;1000;0
831691;1000;0
832195;1000;0
832702;1000;0
833204;1000;0
833705;1000;0
834206;1000;0
834718;1000;0
835217;1000;0
835724;1000;0
836223;1000;0
836732;1000;0
837231;1000;0
837732;1000;0
838233;1000;0
838735;1000;0
839235;1000;0
839752;1000;0
840252;1000;0
840761;1000;0
841265;1000;0
841778;1000;0
842278;1000;0
842793;1000;0
843294;1000;0
843809;1000;0
844319;1000;0
844833;1000;0
845335;1000;0
845837;1000;0
846337;1000;0
846852;1000;0
847352;1000;0
847857;1000;0
848360;1000;0
848874;1000;0
849388;1000;0
849894;1000;0
850394;1000;0
850896;1000;0
851402;1000;0
851907;1000;0
852411;1000;0
852918;1000;0
853423;1000;0
853927;1000;0
854429;1000;0
854944;1000;0
855458;1000;0
855958;1000;0
856471;1000;0
856986;1000;0
857487;1000;0
857992;1000;0
858504;1000;0
859007;1000;0
859520;1000;0
860034;1000;0
860546;1000;0
861050;1000;0
861564;1000;0
862069;1000;0
862572;1000;0
863085;1000;0
863585;1000;0
864098;1000;0
864612;1000;0
865126;1000;0
865639;1000;0
866139;1000;0
866652;1000;0
867154;1000;0
867666;1000;0
868167;1000;0
868673;1000;0
869175;1000;0
869680;1000;0
870181;1000;0
870689;1000;0
871189;1000;0
871692;1000;0
872194;1000;0
872698;1000;0
873202;1000;0
873704;1000;0
874206;1000;0
874719;1000;0
875228;1000;0
875741;1000;0
876252;1000;0
876755;1000;0
877258;1000;0
877759;1000;0
878269;1000;0
878770;1000;0
879278;1000;0
879790;1000;0
880293;1000;0
880806;1000;0
881319;1000;0
881831;1000;0
882344;1000;0
882860;1000;0
883373;1000;0
883887;1000;0
884402;1000;0
884908;1000;0
885424;1000;0
885934;1000;0
886450;1000;0
886962;1000;0
887466;1000;0
887978;1000;0
888477;1000;0
888990;1000;0
889491;1000;0
890006;1000;0
890506;1000;0
891019;1000;0
891519;1000;0
892032;1000;0
892531;1000;0
893041;1000;0
893543;1000;0
894060;1000;0
894559;1000;0
895073;1000;0
895573;1000;0
896086;1000;0
896600;1000;0
897114;1000;0
897614;1000;0
898128;1000;0
898640;1000;0
899152;1000;0
899657;1000;0
900162;1000;0
900670;1000;0
901179;1000;0
901692;1000;0
902192;1000;0
902706;1000;0
903219;1000;0
903721;1000;0
904235;1000;0
904748;1000;0
905249;1000;0
905762;1000;0
906275;1000;0
906789;1000;0
907303;1000;0
907816;1000;0
908318;1000;0
908820;1000;0
909335;1000;0
909835;1000;0
910348;1000;0
910861;1000;0
911376;1000;0
911892;1000;0
912405;1000;0
912917;1000;0
913419;1000;0
913930;1000;0
914441;1000;0
914944;1000;0
915452;1000;0
915953;1000;0
916455;1000;0
916955;1000;0
917463;1000;0
917963;1000;0
918475;1000;0
918974;1000;0
919486;1000;0
919988;1000;0
920503;1000;0
921009;1000;0
921524;1000;0
922035;1000;0
922536;1000;0
923048;1000;0
923562;1000;0
924075;1000;0
924590;1000;0
925104;1000;0
925617;1000;0
926120;1000;0
926633;1000;0
927134;1000;0
927638;1000;0
928140;1000;0
928653;1000;0
929152;1000;0
929667;1000;0
930180;1000;0
930695;1000;0
931209;1000;0
931721;1000;0
932224;1000;0
932735;1000;0
933248;1000;0
933761;1000;0
934275;1000;0
934791;1000;0
935305;1000;0
935805;1000;0
936319;1000;0
936833;1000;0
937347;1000;0
937847;1000;0
938349;1000;0
938859;1000;0
939358;1000;0
939872;1000;0
940387;1000;0
940901;1000;0
941414;1000;0
941925;1000;0
942440;1000;0
942943;1000;0
943456;1000;0
943970;1000;0
944478;1000;0
944981;1000;0
945488;1000;0
946002;1000;0
946506;1000;0
947021;1000;0
947534;1000;0
948049;1000;0
948563;1000;0
949074;1000;0
949574;1000;0
950085;1000;0
950593;1000;0
951098;1000;0
951601;1000;0
952102;1000;0
952614;1000;0
953118;1000;0
953633;1000;0
954135;1000;0
954634;1000;0
955135;1000;0
955646;1000;0
956160;1000;0
956675;1000;0
957189;1000;0
957705;1000;0
958217;1000;0
958717;1000;0
959229;1000;0
959743;1000;0
960256;1000;0
960770;1000;0
961283;1000;0
961797;1000;0
962312;1000;0
962825;1000;0
963335;1000;0
963835;1000;0
964349;1000;0
964859;1000;0
965373;1000;0
965886;1000;0
966398;1000;0
966898;1000;0
967413;1000;0
967927;1000;0
968443;1000;0
968954;1000;0
969467;1000;0
969981;1000;0
970484;1000;0
970986;1000;0
971500;1000;0
972015;1000;0
972515;1000;0
973027;1000;0
973528;1000;0
974029;1000;0
974533;1000;0
975042;1000;0
975544;1000;0
976059;1000;0
976560;1000;0
977064;1000;0
977565;1000;0
978068;1000;0
978583;1000;0
979098;1000;0
979601;1000;0
980115;1000;0
980628;1000;0
981140;1000;0
981652;1000;0
982153;1000;0
982665;1000;0
983167;1000;0
983668;1000;0
984181;1000;0
984693;1000;0
985207;1000;0
985709;1000;0
986222;1000;0
986722;1000;0
987237;1000;0
987737;1000;0
988237;1000;0
988739;1000;0
989242;1000;0
989755;1000;0
990269;1000;0
990771;1000;0
991285;1000;0
991799;1000;0
992314;1000;0
992814;1000;0
993316;1000;0
993830;1000;0
994331;1000;0
994843;1000;0
995358;1000;0
995872;1000;0
996373;1000;0
996878;1000;0
997383;1000;0
997897;1000;0
998406;1000;0
998907;1000;0
999408;1000;0
999909;1000;0
1000423;1000;0
1000922;1000;0
1001422;1000;0
1001934;1000;0
1002448;1000;0
1002963;1000;0
1003478;1000;0
1003991;1000;0
1004507;1000;0
1005008;1000;0
1005509;1000;0
1006025;1000;0
1006539;1000;0
1007040;1000;0
1007555;1000;0
1008068;1000;0
1008571;1000;0
1009081;1000;0
1009581;1000;0
1010095;1000;0
1010595;1000;0
1011095;1000;0
1011597;1000;0
1012111;1000;0
1012611;1000;0
1013123;1000;0
1013623;1000;0
1014137;1000;0
1014639;1000;0
1015153;1000;0
1015653;1000;0
1016166;1000;0
1016680;1000;0
1017183;1000;0
1017698;1000;0
1018200;1000;0
1018712;1000;0
1019225;1000;0
1019736;1000;0
1020251;1000;0
1020764;1000;0
1021267;1000;0
1021783;1000;0
1022294;1000;0
1022795;1000;0
1023295;1000;0
1023808;1000;0
1024323;1000;0
1024838;1000;0
1025353;1000;0
1025852;1000;0
1026364;1000;0
1026880;1000;0
1027394;1000;0
1027909;1000;0
1028410;1000;0
1028925;1000;0
1029438;1000;0
1029952;1000;0
1030466;1000;0
1030967;1000;0
1031466;1000;0
1031982;1000;0
1032496;1000;0
1033010;1000;0
1033523;1000;0
1034036;1000;0
1034549;1000;0
1035064;1000;0
1035577;1000;0
1036090;1000;0
1036605;1000;0
1037105;1000;0
1037617;1000;0
1038116;1000;0
1038628;1000;0
1039130;1000;0
1039640;1000;0
1040142;1000;0
1040657;1000;0
1041156;1000;0
1041669;1000;0
1042171;1000;0
1042672;1000;0
1043175;1000;0
1043686;1000;0
1044186;1000;0
1044699;1000;0
1045201;1000;0
1045715;1000;0
1046214;1000;0
1046726;1000;0
1047226;1000;0
1047741;1000;0
1048243;1000;0
1048753;1000;0
1049256;1000;0
1049768;1000;0
1050269;1000;0
1050780;1000;948
1051281;1000;579
1051795;1000;0
1052295;1000;0
1052797;1000;0
1053295;1000;0
1053809;1000;730
1054325;1000;1040
1054838;1000;794
1055353;1000;0
1055868;1000;0
1056379;1000;0
1056893;1000;265
1057407;1000;0
1057908;1000;0
1058420;1000;0
1058935;1000;0
1059435;1000;0
1059951;1000;0
1060465;1000;0
1060978;1000;0
1061479;1000;0
1061992;1000;0
1062506;1000;906
1063020;1000;433
1063534;1000;0
1064049;1000;0
1064551;1000;0
1065053;1000;386
1065554;1000;123
1066068;1000;0
1066568;1000;380
1067083;1000;128
1067585;1000;0
1068098;1000;0
1068611;1000;0
1069125;1000;0
1069628;1000;0
1070141;1000;0
1070656;1000;0
1071169;1000;0
1071683;1000;0
1072199;1000;0
1072700;1000;0
1073215;1000;0
1073729;1000;569
1074241;1000;491
1074742;1000;429
1075256;1000;0
1075769;1000;0
1076270;1000;0
1076784;1000;0
1077283;1000;0
1077796;1000;366
1078297;1000;0
1078810;1000;0
1079310;1000;0
1079824;1000;961
1080324;1000;634
1080839;1000;0
1081338;1000;0
1081852;1000;0
1082367;1000;0
1082867;1000;0
1083378;1000;0
1083893;1000;0
1084395;1000;0
1084906;1000;73
1085420;1000;0
1085932;1000;0
1086444;1000;387
1086958;1000;0
1087470;1000;71
1087974;1000;0
1088487;1000;0
1089001;1000;0
1089515;1000;49
1090029;1000;0
1090533;1000;46
1091036;1000;0
1091551;1000;0
1092063;1000;45
1092565;1000;0
1093080;1000;0
1093580;1000;0
1094095;1000;0
1094605;1000;118
1095118;1000;0
1095619;1000;0
1096131;1000;0
1096633;1000;0
1097145;1000;498
1097658;1000;30
1098159;1000;0
1098671;1000;0
1099173;1000;0
1099689;1000;0
1100198;1000;0
1100710;1000;0
1101224;1000;0
1101739;1000;0
1102254;1000;0
1102755;1000;0
1103268;1000;0
1103768;1000;0
1104267;1000;0
1104768;1000;0
1105280;1000;0
1105781;1000;0
1106295;1000;0
1106794;1000;0
1107309;1000;0
1107809;1000;0
1108324;1000;280
1108824;1000;0
1109326;1000;48
1109829;1000;0
1110329;1000;0
1110829;1000;0
1111344;1000;0
1111847;1000;0
1112348;1000;0
1112849;1000;0
1113350;1000;0
1113850;1000;0
1114364;1000;0
1114877;1000;0
1115390;1000;0
1115905;1000;1262
1116419;1000;262
1116919;1000;0
1117429;1000;0
1117932;1000;0
1118445;1000;0
1118960;1000;275
1119473;1000;0
1119989;1000;0
1120503;1000;0
1121017;1000;0
1121518;1000;0
1122032;1000;0
1122533;1000;0
1123045;1000;0
1123557;1000;0
1124071;1000;0
1124572;1000;0
1125074;1000;0
1125575;1000;0
1126090;1000;0
1126606;1000;0
1127119;1000;0
1127633;1000;407
1128144;1000;0
1128658;1000;0
1129171;1000;0
1129684;1000;585
1130186;1000;282
1130698;1000;23
1131201;1000;0
1131714;1000;0
1132219;1000;0
1132732;1000;0
1133249;1000;21
1133761;1000;0
1134263;1000;1310
1134775;1000;310
1135276;1000;44
1135790;1000;0
1136305;1000;15
1136819;1000;0
1137323;1000;0
1137824;1000;0
1138339;1000;0
1138840;1000;0
1139354;1000;0
1139870;1000;0
1140369;1000;138
1140883;1000;37
1141386;1000;0
1141893;1000;0
1142408;1000;0
1142921;1000;0
1143433;1000;0
1143935;1000;0
1144440;1000;813
1144944;1000;371
1145445;1000;0
1145948;1000;0
1146450;1000;0
1146952;1000;0
1147455;1000;399
1147955;1000;14
1148458;1000;0
1148958;1000;0
1149463;1000;0
1149995;1000;0
1150498;1000;0
1151012;1000;0
1151526;1000;267
1152027;1000;0
1152542;1000;2796
1153056;1000;1796
1153569;1000;1128
1154070;1000;606
1154573;1000;0
1155074;1000;0
1155589;1000;0
1156103;1000;1374
1156606;1000;374
1157107;1000;0
1157621;1000;0
1158121;1000;0
1158622;1000;0
1159122;1000;0
1159626;1000;0
1160129;1000;0
1160631;1000;0
1161135;1000;0
1161634;1000;0
1162136;1000;0
1162638;1000;0
1163140;1000;528
1163640;1000;663
1164143;1000;0
1164657;1000;0
1165171;1000;0
1165672;1000;0
1166186;1000;0
1166685;1000;1480
1167186;1000;920
1167701;1000;1981
1168203;1000;981
1168706;1000;327
1169207;1000;0
1169706;1000;0
1170206;1000;0
1170709;1000;0
1171223;1000;0
1171724;1000;0
1172238;1000;0
1172739;1000;0
1173252;1000;431
1173754;1000;0
1174257;1000;1234
1174760;1000;635
1175261;1000;342
1175776;1000;0
1176288;1000;0
1176793;1000;0
1177295;1000;0
1177798;1000;0
1178299;1000;0
1178814;1000;0
1179315;1000;0
1179830;1000;0
1180330;1000;0
1180832;1000;0
1181332;1000;0
1181843;1000;0
1182345;1000;0
1182850;1000;0
1183350;1000;0
1183863;1000;0
1184378;1000;0
1184883;1000;0
1185389;1000;0
1185890;1000;520
1186394;1000;266
1186897;1000;0
1187399;1000;0
1187903;1000;0
1188404;1000;0
1188920;1000;125
1189422;1000;0
1189923;1000;0
1190426;1000;0
1190938;1000;0
1191439;1000;0
1191942;1000;0
1192442;1000;903
1192943;1000;0
1193445;1000;455
1193949;1000;0
1194450;1000;370
1194953;1000;7
1195457;1000;0
1195958;1000;0
1196461;1000;0
1196973;1000;830
1197488;1000;487
1197992;1000;0
1198495;1000;0
1198997;1000;0
1199502;1000;0
1200003;1000;0
1200505;1000;0
1201019;1000;73
1201520;1000;0
1202022;1000;167
1202524;1000;0
1203026;1000;0
1203528;1000;0
1204044;1000;0
1204544;1000;0
1205058;1000;0
1205560;1000;0
1206073;1000;0
1206574;1000;431
1207089;1000;0
1207604;1000;0
1208107;1000;0
1208611;1000;0
1209113;1000;0
1209629;1000;0
1210143;1000;0
1210644;1000;0
1211150;1000;0
1211652;1000;0
1212154;1000;0
1212658;1000;0
1213162;1000;515
1213667;1000;0
1214169;1000;646
1214681;1000;0
1215183;1000;1609
1215683;1000;2416
1216194;1000;1939
1216708;1000;939
1217222;1000;1628
1217721;1000;1082
1218222;1000;490
1218738;1000;188
1219241;1000;0
1219747;1000;1219
1220250;1000;219
1220754;1000;773
1221259;1000;1095
1221761;1000;95
1222269;1000;344
1222782;1000;9
1223285;1000;228
1223789;1000;120
1224294;1000;0
1224796;1000;0
1225300;1000;0
1225804;1000;0
1226306;1000;0
1226806;1000;0
1227321;1000;0
1227824;1000;0
1228329;1000;0
1228845;1000;0
1229359;1000;0
1229873;1000;0
1230388;1000;0
1230899;1000;0
1231415;1000;0
1231919;1000;0
1232432;1000;0
1232944;1000;0
1233444;1000;0
1233958;1000;0
1234460;1000;0
1234972;1000;0
1235484;1000;0
1235999;1000;0
1236513;1000;0
1237013;1000;0
1237527;1000;0
1238042;1000;0
1238543;1000;0
1239057;1000;0
1239572;1000;0
1240072;1000;0
1240583;1000;0
1241097;1000;0
1241598;1000;0
1242111;1000;0
1242624;1000;0
1243139;1000;0
1243639;1000;0
1244155;1000;0
1244657;1000;0
1245161;1000;0
1245666;1000;0
1246179;1000;0
1246694;1000;0
1247208;1000;0
1247722;1000;0
1248222;1000;0
1248735;1000;0
1249249;1000;0
1249761;1000;0
1250263;1000;0
1250775;1000;0
1251277;1000;0
1251791;1000;0
1252305;1000;0
1252805;1000;0
1253306;1000;0
1253820;1000;0
1254335;1000;0
1254835;1000;0
1255347;1000;0
1255848;1000;0
1256361;1000;0
1256873;1000;0
1257375;1000;0
1257875;1000;0
1258376;1000;0
1258890;1000;0
1259404;1000;0
1259919;1000;0
1260433;1000;0
1260936;1000;0
1261437;1000;0
1261950;1000;0
1262465;1000;0
1262979;1000;0
1263494;1000;0
1264007;1000;0
1264518;1000;0
1265030;1000;0
1265531;1000;0
1266045;1000;0
1266557;1000;0
1267058;1000;0
1267574;1000;0
1268074;1000;0
1268587;1000;0
1269100;1000;0
1269613;1000;0
1270125;1000;0
1270638;1000;0
1271152;1000;0
1271653;1000;0
1272164;1000;0
1272679;1000;0
1273190;1000;0
1273704;1000;0
1274218;1000;0
1274730;1000;0
1275245;1000;0
