Timestamp; Read by consumer; Remaining in queue
436;1000;0
1405;1000;0
2417;1000;0
3429;1000;272
4442;1000;0
5445;1000;0
6454;1000;508
7465;1000;286
8480;1000;634
9491;1000;1049
10503;1000;973
11503;1000;634
12512;1000;1910
13527;1000;1877
14536;1000;1413
15537;1000;2234
16548;1000;2631
17560;1000;2931
18574;1000;3390
19583;1000;2990
20598;1000;4248
21608;1000;5007
22621;1000;5390
23633;1000;6586
24635;1000;6216
25636;1000;6958
26650;1000;6365
27665;1000;7267
28671;1000;8325
29686;1000;7976
30697;1000;8606
31705;1000;8252
32714;1000;9132
33726;1000;9167
34735;1000;10626
35740;1000;10511
36754;1000;11768
37764;1000;11255
38778;1000;11089
39791;1000;12275
40804;1000;12112
41814;1000;13258
42828;1000;14531
43829;1000;14335
44843;1000;15069
45857;1000;14707
46858;1000;14606
47869;1000;14978
48880;1000;14973
49888;1000;14587
50900;1000;14580
51901;1000;14984
52915;1000;14517
53917;1000;15858
54930;1000;15542
55944;1000;17897
56955;1000;20029
57966;1000;20012
58981;1000;19937
59994;1000;20273
61000;1000;20366
62002;1000;19841
63015;1000;20423
64028;1000;21337
65040;1000;20996
66056;1000;21723
67071;1000;21624
68082;1000;22236
69097;1000;21578
70098;1000;21072
71107;1000;21004
72120;1000;22187
73134;1000;21543
74143;1000;21868
75157;1000;21474
76159;1000;22303
77167;1000;22302
78172;1000;22712
79184;1000;23273
80186;1000;23125
81194;1000;22515
82200;1000;22771
83202;1000;22932
84204;1000;22465
85219;1000;23132
86235;1000;22494
87248;1000;22848
88264;1000;22534
89276;1000;22773
90278;1000;22363
91290;1000;22401
92305;1000;22697
93308;1000;22945
94323;1000;22936
95338;1000;23114
96337;1000;23418
97347;1000;23888
98360;1000;24289
99375;1000;24474
100389;1000;24800
101403;1000;24325
102418;1000;24882
103433;1000;24607
104432;1000;24335
105435;1000;24601
106446;1000;25725
107449;1000;25123
108463;1000;25767
109477;1000;25419
110493;1000;25129
111495;1000;24844
112497;1000;24914
113509;1000;26353
114511;1000;27494
115523;1000;28278
116529;1000;28268
117538;1000;28041
118548;1000;29448
119554;1000;29465
120564;1000;29494
121563;1000;29811
122574;1000;29190
123588;1000;29929
124603;1000;29846
125612;1000;30281
126616;1000;30953
127627;1000;31113
128639;1000;30878
129653;1000;32464
130666;1000;33601
131677;1000;33124
132676;1000;33350
133690;1000;34205
134705;1000;34506
135712;1000;35206
136713;1000;36820
137728;1000;36797
138729;1000;36744
139739;1000;36256
140754;1000;36417
141756;1000;37378
142771;1000;36773
143784;1000;36767
144798;1000;36314
145801;1000;36639
146814;1000;36277
147824;1000;36935
148839;1000;37758
149849;1000;37665
150862;1000;38149
151875;1000;38665
152887;1000;38418
153902;1000;38371
154906;1000;37693
155916;1000;37894
156925;1000;38192
157940;1000;38374
158957;1000;38202
159957;1000;38232
160969;1000;39217
161980;1000;40032
162994;1000;39381
163998;1000;39973
165001;1000;41142
166007;1000;41238
167024;1000;41070
168039;1000;40823
169048;1000;42450
170057;1000;41750
171064;1000;41854
172069;1000;41797
173078;1000;42183
174088;1000;42041
175100;1000;42552
176102;1000;42536
177114;1000;43003
178127;1000;43048
179141;1000;42349
180144;1000;41762
181158;1000;41660
182171;1000;41335
183171;1000;44365
184182;1000;43909
185196;1000;44306
186207;1000;44815
187220;1000;46256
188224;1000;47011
189240;1000;46372
190252;1000;46890
191264;1000;46532
192276;1000;46243
193290;1000;46426
194297;1000;45833
195310;1000;46207
196322;1000;45730
197330;1000;45092
198345;1000;44561
199356;1000;44952
200370;1000;44686
201383;1000;45209
202392;1000;45080
203405;1000;45411
204417;1000;44893
205424;1000;44659
206438;1000;45206
207441;1000;44643
208452;1000;45910
209467;1000;46761
210476;1000;47440
211476;1000;47828
212478;1000;47296
213489;1000;47953
214503;1000;47906
215517;1000;47485
216532;1000;47084
217546;1000;47508
218555;1000;47664
219570;1000;46993
220585;1000;47573
221594;1000;49263
222610;1000;50292
223616;1000;49686
224615;1000;49126
225627;1000;48943
226639;1000;49137
227653;1000;49205
228659;1000;49803
229667;1000;50966
230679;1000;50511
231691;1000;51063
232700;1000;51429
233713;1000;51278
234727;1000;52206
235739;1000;53361
236753;1000;52928
237765;1000;53039
238777;1000;52979
239791;1000;52778
240803;1000;52489
241811;1000;51860
242823;1000;52845
243823;1000;54208
244836;1000;54193
245847;1000;54173
246858;1000;55446
247858;1000;57101
248871;1000;58502
249884;1000;58440
250899;1000;58446
251908;1000;58672
252919;1000;59004
253928;1000;58666
254942;1000;58897
255951;1000;58988
256964;1000;59646
257977;1000;59495
258987;1000;59458
259998;1000;60293
260998;1000;60182
262012;1000;60845
263026;1000;60280
264037;1000;60157
265050;1000;59980
266062;1000;62098
267076;1000;63430
268080;1000;63276
269083;1000;62501
270090;1000;61889
271092;1000;61366
272098;1000;60559
273101;1000;59976
274110;1000;59323
275118;1000;58659
276126;1000;57860
277131;1000;57197
278137;1000;56464
279147;1000;55824
280162;1000;55224
281170;1000;54612
282169;1000;53943
283182;1000;53101
284197;1000;52262
285201;1000;51391
286203;1000;50624
287216;1000;49816
288216;1000;48984
289227;1000;48320
290230;1000;47392
291241;1000;46630
292256;1000;45757
293265;1000;45004
294280;1000;44282
295283;1000;43353
296295;1000;42635
297305;1000;42010
298315;1000;41443
299326;1000;40570
300330;1000;39966
301335;1000;39059
302336;1000;38183
303349;1000;37244
304363;1000;36466
305364;1000;35577
306363;1000;34757
307377;1000;34001
308389;1000;33363
309399;1000;32483
310398;1000;31681
311409;1000;30854
312422;1000;30125
313436;1000;29504
314443;1000;28640
315457;1000;28049
316472;1000;27143
317480;1000;26320
318493;1000;25556
319503;1000;24730
320505;1000;24169
321506;1000;23347
322506;1000;22481
323514;1000;21640
324528;1000;20753
325539;1000;20118
326539;1000;19340
327552;1000;18818
328556;1000;18167
329556;1000;17359
330556;1000;16505
331569;1000;15701
332569;1000;14804
333583;1000;14138
334596;1000;13237
335604;1000;12411
336618;1000;11744
337628;1000;10937
338640;1000;10492
339651;1000;9720
340663;1000;9131
341673;1000;8280
342685;1000;7407
343685;1000;6555
344699;1000;5817
345705;1000;5164
346713;1000;4816
347728;1000;3997
348742;1000;3156
349753;1000;2450
350765;1000;1974
351779;1000;1398
352780;1000;622
353794;1000;0
354807;1000;0
355821;1000;0
356836;1000;0
357851;1000;0
358853;1000;0
359859;1000;0
360870;1000;0
361876;1000;0
362892;1000;0
363905;1000;0
364915;1000;0
365930;1000;0
366943;1000;0
367943;1000;0
368947;1000;0
369956;1000;0
370968;1000;0
371980;1000;0
372993;1000;0
374001;1000;0
375014;1000;0
376027;1000;0
377038;1000;0
378053;1000;0
379065;1000;0
380080;1000;0
381081;1000;0
382095;1000;0
383106;1000;0
384118;1000;0
385133;1000;0
386140;1000;0
387153;1000;0
388167;1000;0
389178;1000;0
390192;1000;0
391208;1000;0
392217;1000;0
393231;1000;0
394232;1000;0
395233;1000;0
396244;1000;0
397258;1000;0
398272;1000;0
399287;1000;0
400298;1000;0
401309;1000;0
402319;1000;0
403319;1000;0
404333;1000;0
405341;1000;0
406356;1000;0
407366;1000;0
408379;1000;0
409386;1000;0
410400;1000;0
411412;1000;0
412422;1000;0
413433;1000;0
414449;1000;0
415449;1000;0
416462;1000;0
417475;1000;0
418488;1000;0
419501;1000;0
420505;1000;0
421506;1000;0
422518;1000;0
423522;1000;0
424535;1000;0
425546;1000;0
426557;1000;0
427571;1000;0
428586;1000;0
429596;1000;0
430607;1000;0
431622;1000;0
432632;1000;0
433646;1000;0
434655;1000;0
435669;1000;0
436680;1000;0
437693;1000;0
438705;1000;0
439714;1000;0
440715;1000;0
441719;1000;0
442722;1000;0
443732;1000;0
444745;1000;0
445757;1000;0
446771;1000;0
447782;1000;0
448795;1000;0
449794;1000;0
450809;1000;0
451819;1000;0
452824;1000;0
453836;1000;0
454849;1000;0
455861;1000;0
456873;1000;0
457883;1000;0
458897;1000;0
459909;1000;0
460914;1000;0
461916;1000;0
462929;1000;0
463938;1000;0
464941;1000;0
465946;1000;0
466956;1000;0
467970;1000;0
468981;1000;0
469991;1000;0
470997;1000;0
472012;1000;0
473026;1000;0
474026;1000;0
475037;1000;0
476052;1000;0
477059;1000;0
478065;1000;0
479079;1000;0
480094;1000;0
481109;1000;0
482125;1000;0
483130;1000;0
484133;1000;0
485146;1000;0
486159;1000;0
487174;1000;0
488185;1000;0
489197;1000;0
490199;1000;0
491212;1000;0
492225;1000;0
493240;1000;0
494252;1000;0
495263;1000;0
496273;1000;0
497285;1000;0
498297;1000;0
499307;1000;0
500307;1000;0
501308;1000;0
502321;1000;0
503329;1000;0
504341;1000;0
505352;1000;0
506366;1000;0
507380;1000;0
508386;1000;0
509398;1000;0
510398;1000;0
511400;1000;0
512413;1000;0
513425;1000;0
514435;1000;0
515446;1000;0
516460;1000;0
517472;1000;0
518486;1000;0
519498;1000;0
520497;1000;0
521498;1000;0
522509;1000;0
523524;1000;0
524524;1000;0
525539;1000;0
526552;1000;0
527566;1000;0
528578;1000;0
529585;1000;0
530585;1000;0
531596;1000;0
532600;1000;0
533611;1000;0
534618;1000;0
535624;1000;207
536625;1000;171
537628;1000;655
538639;1000;838
539641;1000;359
540653;1000;467
541657;1000;0
542659;1000;483
543665;1000;1669
544672;1000;2259
545673;1000;2034
546687;1000;1812
547700;1000;1648
548712;1000;2338
549726;1000;2710
550741;1000;2064
551756;1000;1773
552767;1000;2398
553779;1000;2654
554788;1000;2632
555803;1000;2375
556818;1000;2198
557831;1000;2234
558842;1000;1808
559852;1000;2274
560866;1000;1880
561877;1000;1658
562891;1000;1112
563904;1000;1854
564917;1000;1381
565930;1000;1759
566940;1000;1846
567950;1000;1824
568957;1000;2184
569968;1000;2581
570978;1000;2857
571992;1000;3054
573006;1000;5848
574019;1000;7272
575032;1000;7152
576040;1000;7407
577050;1000;7066
578059;1000;8242
579058;1000;9047
580071;1000;9033
581084;1000;8776
582089;1000;10515
583089;1000;11447
584099;1000;11682
585109;1000;12427
586121;1000;13144
587133;1000;12915
588145;1000;12662
589156;1000;14406
590171;1000;13709
591185;1000;14188
592199;1000;14036
593214;1000;13943
594215;1000;15022
595226;1000;15834
596239;1000;15914
597253;1000;16138
598268;1000;15893
599282;1000;16074
600293;1000;15908
601307;1000;16746
602320;1000;16619
603332;1000;16915
604339;1000;16277
605339;1000;16701
606349;1000;18632
607363;1000;18081
608364;1000;18479
609378;1000;19414
610389;1000;19008
611399;1000;19948
612409;1000;19793
613425;1000;20383
614436;1000;20504
615449;1000;20174
616457;1000;20490
617465;1000;22333
618470;1000;21799
619479;1000;21470
620479;1000;21279
621482;1000;22207
622495;1000;22049
623506;1000;22764
624520;1000;22300
625520;1000;22284
626525;1000;22988
627536;1000;23511
628536;1000;23213
629543;1000;23461
630556;1000;23088
631572;1000;23534
632585;1000;24155
633600;1000;23866
634611;1000;23705
635623;1000;24350
636637;1000;24628
637651;1000;24000
638664;1000;24217
639678;1000;23749
640692;1000;23830
641702;1000;24611
642715;1000;24663
643724;1000;25257
644731;1000;26398
645740;1000;26576
646747;1000;27376
647762;1000;27711
648768;1000;27685
649770;1000;27961
650785;1000;27911
651786;1000;28986
652800;1000;29442
653806;1000;29647
654808;1000;30334
655820;1000;30152
656835;1000;29989
657839;1000;30278
658855;1000;29832
659860;1000;31065
660860;1000;30610
661871;1000;30430
662873;1000;30807
663883;1000;31055
664896;1000;32425
665910;1000;31866
666917;1000;31736
667922;1000;31482
668937;1000;31322
669949;1000;30948
670962;1000;32131
671963;1000;31920
672975;1000;31461
673986;1000;32284
674995;1000;32283
676009;1000;31883
677023;1000;31821
678035;1000;32089
679046;1000;32627
680059;1000;33848
681072;1000;33382
682075;1000;33289
683077;1000;33136
684083;1000;32931
685086;1000;33666
686096;1000;33859
687097;1000;33186
688098;1000;33533
689106;1000;35616
690111;1000;35504
691125;1000;34991
692137;1000;36293
693152;1000;36512
694163;1000;36452
695164;1000;36748
696178;1000;36115
697186;1000;37723
698187;1000;37230
699199;1000;37062
700213;1000;36986
701229;1000;37481
702242;1000;38551
703251;1000;39411
704260;1000;40744
705261;1000;41605
706273;1000;41315
707287;1000;42188
708300;1000;41666
709314;1000;43230
710315;1000;42928
711316;1000;42774
712327;1000;42164
713339;1000;41983
714353;1000;42148
715355;1000;41668
716368;1000;42665
717379;1000;42423
718394;1000;41775
719407;1000;42144
720418;1000;43350
721427;1000;43024
722429;1000;43384
723443;1000;43687
724456;1000;44215
725459;1000;43804
726471;1000;44767
727482;1000;45267
728494;1000;46606
729507;1000;47140
730519;1000;46907
731532;1000;47232
732545;1000;48457
733555;1000;48944
734564;1000;48277
735571;1000;48271
736586;1000;49046
737599;1000;49194
738599;1000;49037
739611;1000;49310
740618;1000;49069
741625;1000;48372
742635;1000;48088
743650;1000;48525
744661;1000;48989
745674;1000;48454
746689;1000;49122
747704;1000;49493
748714;1000;50383
749728;1000;52359
750740;1000;53721
751742;1000;55120
752758;1000;55950
753769;1000;57525
754778;1000;57440
755791;1000;58514
756800;1000;57843
757801;1000;57508
758806;1000;58085
759807;1000;58982
760820;1000;59501
761831;1000;59370
762842;1000;58915
763844;1000;59729
764845;1000;59244
765849;1000;58678
766857;1000;58869
767867;1000;58872
768868;1000;58926
769879;1000;58268
770893;1000;59865
771896;1000;60215
772896;1000;59938
773898;1000;60747
774903;1000;61421
775917;1000;61260
776919;1000;62379
777930;1000;63431
778943;1000;63310
779952;1000;63024
780965;1000;63665
781980;1000;63543
782980;1000;63586
783992;1000;64353
784992;1000;63897
786001;1000;65419
787012;1000;68353
788014;1000;69225
789025;1000;68629
790034;1000;69278
791047;1000;68999
792052;1000;69218
793064;1000;68560
794074;1000;67892
795075;1000;67480
796089;1000;66914
797101;1000;66047
798116;1000;65158
799120;1000;64402
800131;1000;63662
801145;1000;62772
802152;1000;62075
803165;1000;61317
804176;1000;60606
805182;1000;59986
806195;1000;59149
807207;1000;58483
808220;1000;57716
809220;1000;56776
810220;1000;55878
811233;1000;55129
812247;1000;54471
813260;1000;53557
814260;1000;52761
815266;1000;51890
816278;1000;51410
817286;1000;50546
818300;1000;49828
819311;1000;49184
820322;1000;48563
821327;1000;47687
822332;1000;46970
823346;1000;46166
824349;1000;45326
825351;1000;44576
826365;1000;44039
827365;1000;43132
828379;1000;42657
829395;1000;41849
830402;1000;41114
831408;1000;40218
832416;1000;39566
833424;1000;38731
834435;1000;38173
835440;1000;37416
836448;1000;36598
837455;1000;35828
838469;1000;35021
839484;1000;34287
840497;1000;33629
841512;1000;33029
842524;1000;32158
843529;1000;31314
844537;1000;30407
845538;1000;29527
846540;1000;29112
847541;1000;28303
848547;1000;27735
849562;1000;27058
850567;1000;26252
851575;1000;25569
852586;1000;24845
853596;1000;24416
854600;1000;23596
855613;1000;22914
856628;1000;22293
857628;1000;21769
858628;1000;21042
859642;1000;20384
860657;1000;19886
861658;1000;19053
862664;1000;18322
863677;1000;17390
864690;1000;16866
865701;1000;16002
866715;1000;15262
867729;1000;14551
868735;1000;13964
869744;1000;13129
870751;1000;12316
871757;1000;11418
872759;1000;10723
873766;1000;9899
874782;1000;9261
875787;1000;8343
876802;1000;7409
877806;1000;6669
878815;1000;5867
879820;1000;5249
880835;1000;4404
881845;1000;3539
882858;1000;2854
883872;1000;1996
884877;1000;1447
885888;1000;684
886900;1000;0
887914;1000;0
888927;1000;0
889927;1000;0
890941;1000;0
891954;1000;0
892963;1000;0
893966;1000;0
894979;1000;0
895992;1000;0
897004;1000;0
898018;1000;0
899028;1000;0
900037;1000;0
901051;1000;0
902067;1000;0
903079;1000;0
904093;1000;0
905108;1000;0
906119;1000;0
907130;1000;0
908144;1000;0
909146;1000;0
910161;1000;0
911173;1000;0
912185;1000;0
913198;1000;0
914210;1000;0
915218;1000;0
916220;1000;0
917232;1000;0
918241;1000;0
919253;1000;0
920268;1000;0
921277;1000;0
922284;1000;0
923298;1000;0
924308;1000;0
925321;1000;0
926336;1000;0
927337;1000;0
928342;1000;0
929356;1000;0
930367;1000;0
931378;1000;0
932394;1000;0
933404;1000;0
934416;1000;0
935428;1000;0
936443;1000;0
937455;1000;0
938460;1000;0
939466;1000;0
940481;1000;0
941491;1000;0
942503;1000;0
943504;1000;0
944508;1000;0
945519;1000;0
946521;1000;0
947533;1000;0
948548;1000;0
949559;1000;0
950562;1000;0
951569;1000;0
952583;1000;0
953587;1000;0
954588;1000;0
955599;1000;0
956612;1000;0
957625;1000;0
958640;1000;0
959648;1000;0
960659;1000;0
961671;1000;0
962684;1000;0
963695;1000;0
964704;1000;0
965717;1000;0
966727;1000;0
967743;1000;0
968754;1000;0
969762;1000;0
970767;1000;0
971781;1000;0
972795;1000;0
973808;1000;0
974812;1000;0
975824;1000;0
976827;1000;0
977833;1000;0
978846;1000;0
979851;1000;0
980862;1000;0
981870;1000;0
982885;1000;0
983897;1000;0
984911;1000;0
985911;1000;0
986923;1000;0
987938;1000;0
988945;1000;0
989956;1000;0
990956;1000;0
991971;1000;0
992987;1000;0
993986;1000;0
995002;1000;0
996012;1000;0
997019;1000;0
998022;1000;0
999033;1000;0
1000048;1000;0
1001063;1000;0
1002073;1000;0
1003073;1000;0
1004085;1000;0
1005087;1000;0
1006087;1000;0
1007088;1000;0
1008099;1000;0
1009114;1000;0
1010127;1000;0
1011143;1000;0
1012158;1000;0
1013170;1000;0
1014184;1000;0
1015199;1000;0
1016213;1000;0
1017229;1000;0
1018230;1000;0
1019240;1000;0
1020250;1000;0
1021252;1000;0
1022263;1000;0
1023280;1000;0
1024292;1000;0
1025305;1000;0
1026317;1000;0
1027332;1000;0
1028332;1000;0
1029344;1000;0
1030358;1000;0
1031371;1000;0
1032387;1000;0
1033398;1000;0
1034409;1000;0
1035420;1000;0
1036432;1000;0
1037444;1000;0
1038457;1000;0
1039469;1000;0
1040471;1000;0
1041481;1000;0
1042485;1000;0
1043486;1000;0
1044496;1000;0
1045511;1000;0
1046523;1000;0
1047537;1000;0
1048551;1000;0
1049563;1000;68
1050564;1000;1016
1051575;1000;647
1052576;1000;453
1053591;1000;1183
1054606;1000;2247
1055619;1000;2224
1056629;1000;2485
1057641;1000;2674
1058653;1000;2657
1059668;1000;2495
1060683;1000;2257
1061695;1000;1573
1062696;1000;3251
1063706;1000;3418
1064721;1000;3124
1065724;1000;4014
1066724;1000;4394
1067739;1000;4588
1068752;1000;4095
1069752;1000;3549
1070762;1000;4023
1071777;1000;4257
1072778;1000;3883
1073790;1000;4452
1074804;1000;5312
1075816;1000;4705
1076829;1000;5395
1077841;1000;5761
1078856;1000;5518
1079871;1000;6479
1080885;1000;6706
1081898;1000;6991
1082914;1000;7301
1083924;1000;7398
1084937;1000;7801
1085948;1000;7690
1086959;1000;8077
1087972;1000;8148
1088986;1000;7775
1090000;1000;7824
1091004;1000;8665
1092015;1000;8710
1093018;1000;8430
1094032;1000;7931
1095040;1000;8454
1096053;1000;8985
1097065;1000;10439
1098080;1000;10766
1099094;1000;10371
1100107;1000;10718
1101115;1000;10239
1102128;1000;11376
1103142;1000;11000
1104144;1000;10365
1105156;1000;9965
1106171;1000;10363
1107186;1000;9787
1108199;1000;10403
1109201;1000;10144
1110206;1000;9903
1111219;1000;9900
1112224;1000;10795
1113225;1000;10487
1114240;1000;11143
1115250;1000;10956
1116264;1000;12218
1117275;1000;11783
1118290;1000;11764
1119302;1000;13187
1120314;1000;13092
1121315;1000;13307
1122329;1000;13742
1123337;1000;13735
1124351;1000;14117
1125357;1000;13920
1126370;1000;13223
1127383;1000;13234
1128392;1000;13674
1129405;1000;13479
1130404;1000;14761
1131418;1000;15418
1132422;1000;14835
1133435;1000;15410
1134448;1000;17600
1135462;1000;17334
1136476;1000;17680
1137479;1000;17288
1138494;1000;17056
1139509;1000;16813
1140509;1000;17772
1141512;1000;18349
1142519;1000;18912
1143527;1000;19649
1144535;1000;20462
1145540;1000;20343
1146544;1000;20162
1147548;1000;21196
1148551;1000;21778
1149557;1000;22400
1150561;1000;23257
1151573;1000;23524
1152573;1000;26320
1153584;1000;25652
1154587;1000;25130
1155588;1000;25823
1156590;1000;27197
1157590;1000;27055
1158606;1000;26651
1159610;1000;26101
1160617;1000;26589
1161619;1000;26712
1162623;1000;26340
1163624;1000;28003
1164625;1000;27810
1165625;1000;27231
1166639;1000;28159
1167639;1000;30596
1168642;1000;29942
1169644;1000;29882
1170647;1000;29320
1171660;1000;29903
1172661;1000;30208
1173675;1000;30639
1174681;1000;32274
1175683;1000;31981
1176683;1000;31908
1177687;1000;31245
1178689;1000;30753
1179691;1000;31030
1180690;1000;30403
1181703;1000;30101
1182710;1000;30216
1183722;1000;29769
1184725;1000;29230
1185735;1000;30159
1186739;1000;29905
1187746;1000;29448
1188747;1000;29762
1189751;1000;29532
1190752;1000;30187
1191753;1000;30404
1192755;1000;31307
1193762;1000;31762
1194763;1000;32769
1195770;1000;32256
1196786;1000;32826
1197789;1000;33465
1198792;1000;33445
1199800;1000;33349
1200803;1000;33948
1201801;1000;34509
1202808;1000;33823
1203809;1000;33811
1204810;1000;33680
1205822;1000;34390
1206822;1000;35158
1207823;1000;34780
1208829;1000;34820
1209833;1000;34449
1210833;1000;34723
1211839;1000;34329
1212847;1000;34270
1213857;1000;35588
1214869;1000;35431
1215870;1000;38847
1216881;1000;38370
1217894;1000;39513
1218895;1000;39619
1219905;1000;40838
1220910;1000;42714
1221918;1000;42092
1222923;1000;42628
1223933;1000;44377
1224936;1000;43377
1225945;1000;42377
1226946;1000;41377
1227950;1000;40377
1228954;1000;39377
1229965;1000;38377
1230977;1000;37377
1231980;1000;36377
1232991;1000;35377
1234006;1000;34377
1235018;1000;33377
1236031;1000;32377
1237044;1000;31377
1238057;1000;30377
1239072;1000;29377
1240086;1000;28377
1241096;1000;27377
1242096;1000;26377
1243109;1000;25377
1244123;1000;24377
1245131;1000;23377
1246134;1000;22377
1247147;1000;21377
1248160;1000;20377
1249171;1000;19377
1250184;1000;18377
1251199;1000;17377
1252212;1000;16377
1253212;1000;15377
1254226;1000;14377
1255239;1000;13377
1256255;1000;12377
1257265;1000;11377
1258267;1000;10377
1259278;1000;9377
1260292;1000;8377
1261295;1000;7377
1262307;1000;6377
1263320;1000;5377
1264331;1000;4377
1265342;1000;3377
1266356;1000;2377
1267371;1000;1377
1268384;1000;377
1269396;1000;0
1270405;1000;0
1271418;1000;0
1272429;1000;0
1273438;1000;0
1274451;1000;0
