Timestamp; Solicitados; Recuperados
573;1000;1000;50;99;134;717
1034;1000;1000;56;96;149;699
1550;1000;1000;55;108;158;679
2052;1000;29;0;2;2;25
2559;1000;1000;51;104;127;718
3057;1000;121;3;11;14;93
3573;1000;787;38;80;114;555
4086;1000;0;0;0;0;0
4605;1000;897;42;87;150;618
5105;1000;0;0;0;0;0
5610;1000;687;33;75;114;465
6116;1000;1000;44;98;150;708
6625;1000;1000;35;111;140;714
7129;1000;1000;58;88;164;690
7641;1000;354;13;36;57;248
8143;1000;425;24;41;54;306
8644;1000;362;27;35;44;256
9144;1000;0;0;0;0;0
9649;1000;1000;43;105;145;707
10153;1000;1000;47;95;157;701
10656;1000;660;34;75;118;433
11172;1000;910;57;84;133;636
11685;1000;938;48;102;135;653
12188;1000;932;47;87;142;656
12696;1000;961;41;98;144;678
13206;1000;960;50;101;146;663
13718;1000;388;15;39;65;269
14219;1000;788;45;88;96;559
14724;1000;0;0;0;0;0
15230;1000;888;44;76;161;607
15740;1000;0;0;0;0;0
16246;1000;1000;52;115;150;683
16747;1000;1000;56;98;152;694
17251;1000;1000;42;90;146;722
17762;1000;1000;51;116;142;691
18266;1000;724;30;75;121;498
18774;1000;0;0;0;0;0
19281;1000;380;14;36;59;271
19785;1000;0;0;0;0;0
20292;1000;1000;51;100;164;685
20794;1000;765;37;73;109;546
21307;1000;893;67;98;117;611
21808;1000;0;0;0;0;0
22325;1000;412;21;37;60;294
22823;1000;1000;49;94;159;698
23334;1000;603;32;63;100;408
23832;1000;685;30;85;87;483
24335;1000;639;37;75;90;437
24847;1000;1000;51;99;155;695
25349;1000;1000;43;95;164;698
25864;1000;883;43;97;132;611
26372;1000;359;14;46;49;250
26874;1000;0;0;0;0;0
27376;1000;945;39;97;142;667
27890;1000;0;0;0;0;0
28397;1000;792;38;83;103;568
28900;1000;485;23;39;72;351
29401;1000;0;0;0;0;0
29905;1000;526;21;50;100;355
30408;1000;0;0;0;0;0
30910;1000;319;27;32;40;220
31416;1000;360;19;43;42;256
31920;1000;0;0;0;0;0
32425;1000;482;24;55;65;338
32926;1000;956;41;95;146;674
33438;1000;0;0;0;0;0
33954;1000;1000;45;97;165;693
34458;1000;49;3;1;8;37
34962;1000;1000;49;95;144;712
35469;1000;197;7;21;28;141
35973;1000;1000;38;100;138;724
36482;1000;219;12;25;34;148
36985;1000;877;46;75;133;623
37488;1000;1000;40;104;163;693
37990;1000;1000;55;95;162;688
38496;1000;333;8;39;53;233
38997;1000;958;36;88;128;706
39497;1000;655;29;76;92;458
39997;1000;810;34;93;111;572
40514;1000;1000;46;101;152;701
41013;1000;1000;46;97;159;698
41517;1000;792;37;79;125;551
42016;1000;1000;47;105;144;704
42517;1000;415;17;49;68;281
43019;1000;344;17;31;44;252
43527;1000;1000;62;87;159;692
44038;1000;182;7;20;34;121
44545;1000;730;31;76;97;526
45050;1000;1000;53;106;141;700
45552;1000;287;15;35;46;191
46056;1000;427;28;41;63;295
46560;1000;0;0;0;0;0
47075;1000;471;28;41;77;325
47588;1000;0;0;0;0;0
48092;1000;1000;54;95;147;704
48606;1000;491;23;50;66;352
49107;1000;651;25;69;110;447
49616;1000;1000;48;94;159;699
50122;1000;1000;60;98;149;693
50629;1000;1000;47;96;146;711
51130;1000;1000;65;124;140;671
51635;1000;1000;54;82;152;712
52134;1000;1000;57;104;158;681
52648;1000;210;14;21;22;153
53148;1000;777;42;75;117;543
53659;1000;461;30;49;62;320
54159;1000;0;0;0;0;0
54666;1000;1000;51;109;146;694
55166;1000;313;6;31;61;215
55682;1000;1000;52;116;155;677
56194;1000;182;6;16;34;126
56696;1000;330;15;35;40;240
57195;1000;444;24;45;62;313
57699;1000;409;22;43;57;287
58207;1000;826;48;81;120;577
58708;1000;996;54;103;140;699
59216;1000;0;0;0;0;0
59725;1000;821;34;82;118;587
60227;1000;847;42;76;123;606
60730;1000;0;0;0;0;0
61237;1000;419;22;32;51;314
61742;1000;0;0;0;0;0
62246;1000;459;25;33;79;322
62760;1000;0;0;0;0;0
63264;1000;659;27;56;103;473
63778;1000;374;20;32;48;274
64283;1000;1000;47;107;156;690
64785;1000;679;31;65;109;474
65291;1000;462;33;50;63;316
65792;1000;0;0;0;0;0
66296;1000;416;10;38;67;301
66804;1000;421;20;40;69;292
67304;1000;0;0;0;0;0
67810;1000;918;48;98;144;628
68311;1000;1000;50;110;139;701
68812;1000;1000;46;92;140;722
69322;1000;1000;53;114;154;679
69825;1000;1000;53;101;165;681
70327;1000;654;24;68;106;456
70841;1000;774;35;88;99;552
71346;1000;863;36;77;139;611
71845;1000;0;0;0;0;0
72348;1000;370;14;38;54;264
72863;1000;707;33;74;95;505
73369;1000;1000;68;88;149;695
73869;1000;1000;45;95;158;702
74374;1000;112;5;7;11;89
74875;1000;704;36;77;94;497
75387;1000;1000;46;100;162;692
75898;1000;447;30;40;71;306
76406;1000;0;0;0;0;0
76909;1000;766;45;67;92;562
77411;1000;0;0;0;0;0
77928;1000;604;43;57;98;406
78428;1000;798;39;79;133;547
78941;1000;0;0;0;0;0
79446;1000;478;21;45;71;341
79956;1000;1000;57;90;135;718
80468;1000;1000;58;97;150;695
80966;1000;1000;33;101;149;717
81486;1000;1000;42;97;150;711
81985;1000;1000;58;91;144;707
82488;1000;661;39;63;84;475
82988;1000;461;25;46;62;328
83502;1000;745;44;71;122;508
84014;1000;515;24;41;82;368
84528;1000;477;18;51;79;329
85030;1000;345;21;45;56;223
85534;1000;565;29;48;93;395
86037;1000;0;0;0;0;0
86543;1000;427;21;47;54;305
87043;1000;526;32;34;86;374
87548;1000;631;29;54;92;456
88050;1000;0;0;0;0;0
88557;1000;1000;43;90;165;702
89071;1000;406;20;51;76;259
89577;1000;1000;52;107;130;711
90086;1000;715;27;77;112;499
90590;1000;661;29;76;93;463
91094;1000;0;0;0;0;0
91612;1000;683;39;71;119;454
92111;1000;0;0;0;0;0
92611;1000;861;39;92;152;578
93115;1000;837;47;79;131;580
93627;1000;0;0;0;0;0
94144;1000;541;26;44;84;387
94647;1000;372;26;40;55;251
95149;1000;940;58;112;144;626
95650;1000;0;0;0;0;0
96154;1000;747;40;77;121;509
96659;1000;960;48;92;116;704
97170;1000;1000;41;107;165;687
97682;1000;1000;41;112;136;711
98181;1000;896;45;82;129;640
98682;1000;1000;55;112;159;674
99194;1000;918;45;86;128;659
99706;1000;0;0;0;0;0
100221;1000;763;39;86;124;514
100791;1000;0;0;0;0;0
101294;1000;511;29;40;72;370
101800;1000;770;42;75;110;543
102300;1000;1000;73;90;155;682
102816;1000;1000;41;103;152;704
103318;1000;1000;54;107;140;699
103825;1000;583;17;63;79;424
104330;1000;0;0;0;0;0
104834;1000;909;44;87;148;630
105337;1000;0;0;0;0;0
105853;1000;632;31;75;84;442
106358;1000;1000;52;100;142;706
106860;1000;1000;54;92;163;691
107372;1000;542;35;45;72;390
107879;1000;0;0;0;0;0
108382;1000;984;50;109;144;681
108885;1000;983;55;80;138;710
109384;1000;803;51;96;124;532
109900;1000;990;51;101;160;678
110403;1000;715;30;72;111;502
110905;1000;1000;59;110;154;677
111411;1000;573;32;69;76;396
111913;1000;740;35;78;105;522
112415;1000;0;0;0;0;0
112929;1000;1000;47;101;154;698
113427;1000;1000;63;95;156;686
113927;1000;899;43;77;144;635
114440;1000;0;0;0;0;0
114949;1000;1000;56;116;155;673
115466;1000;875;42;91;131;611
115970;1000;714;46;62;107;499
116470;1000;0;0;0;0;0
116985;1000;1000;57;100;152;691
117497;1000;217;8;31;32;146
118000;1000;906;57;83;116;650
118513;1000;987;47;102;129;709
119012;1000;327;28;33;38;228
119515;1000;0;0;0;0;0
120028;1000;998;52;102;138;706
120528;1000;0;0;0;0;0
121036;1000;1000;47;105;138;710
121533;1000;1000;55;103;149;693
122038;1000;333;12;40;44;237
122539;1000;541;19;60;73;389
123052;1000;474;26;45;75;328
123566;1000;1000;48;119;154;679
124070;1000;274;12;35;27;200
124569;1000;832;31;87;121;593
125083;1000;756;30;89;116;521
125583;1000;843;44;93;137;569
126100;1000;742;35;79;96;532
126600;1000;0;0;0;0;0
127104;1000;948;55;102;154;637
127612;1000;0;0;0;0;0
128119;1000;980;59;92;156;673
128632;1000;840;47;85;125;583
129134;1000;0;0;0;0;0
129636;1000;380;22;41;55;262
130137;1000;373;13;45;59;256
130652;1000;801;43;86;136;536
131166;1000;604;36;48;86;434
131679;1000;879;42;91;135;611
132182;1000;577;27;74;78;398
132692;1000;0;0;0;0;0
133197;1000;891;44;87;137;623
133699;1000;458;27;33;77;321
134216;1000;1000;43;131;138;688
134716;1000;975;47;84;147;697
135220;1000;811;37;83;116;575
135724;1000;962;46;104;152;660
136230;1000;478;18;56;77;327
136741;1000;0;0;0;0;0
137249;1000;506;29;51;71;355
137759;1000;536;32;50;81;373
138268;1000;996;44;109;123;720
138781;1000;0;0;0;0;0
139296;1000;552;16;47;85;404
139809;1000;1000;52;123;149;676
140325;1000;439;18;46;67;308
140838;1000;512;20;54;88;350
141352;1000;948;42;93;133;680
141856;1000;1000;43;90;152;715
142359;1000;361;23;44;51;243
142860;1000;1000;48;104;150;698
143375;1000;249;10;17;39;183
143889;1000;1000;57;93;156;694
144402;1000;1000;59;84;147;710
144902;1000;1000;58;86;133;723
145404;1000;462;19;49;68;326
145913;1000;710;30;79;101;500
146419;1000;1000;54;107;123;716
146923;1000;704;38;67;96;503
147438;1000;0;0;0;0;0
147936;1000;781;43;82;118;538
148441;1000;1000;47;100;140;713
148947;1000;1000;52;76;180;692
149453;1000;1000;56;99;162;683
149960;1000;1000;55;92;170;683
150462;1000;343;24;32;46;241
150976;1000;1000;56;101;159;684
151480;1000;1000;58;83;179;680
151986;1000;1000;53;96;150;701
152495;1000;1000;48;102;145;705
153001;1000;1000;49;89;156;706
153504;1000;653;33;62;101;457
154009;1000;1000;49;94;141;716
154522;1000;190;10;18;24;138
155037;1000;1000;42;103;149;706
155554;1000;725;34;56;123;512
156055;1000;964;51;99;170;644
156563;1000;641;32;50;105;454
157067;1000;1000;33;104;159;704
157574;1000;1000;58;101;149;692
158078;1000;1000;47;107;146;700
158595;1000;1000;52;110;156;682
159099;1000;1000;51;107;150;692
159614;1000;951;57;89;138;667
160116;1000;806;34;91;133;548
160617;1000;0;0;0;0;0
161121;1000;819;29;77;109;604
161634;1000;0;0;0;0;0
162139;1000;1000;55;99;166;680
162653;1000;1000;40;96;136;728
163156;1000;1000;40;96;139;725
163668;1000;1000;46;96;160;698
164174;1000;1000;47;108;145;700
164679;1000;1000;49;81;166;704
165182;1000;1000;48;93;162;697
165695;1000;1000;51;101;158;690
166199;1000;1000;51;116;154;679
166702;1000;1000;51;97;142;710
167244;1000;869;56;73;128;612
167758;1000;0;0;0;0;0
168265;1000;552;24;68;82;378
168779;1000;0;0;0;0;0
169279;1000;763;43;63;131;526
169798;1000;1000;52;87;145;716
170295;1000;279;8;25;46;200
170811;1000;695;41;76;98;480
171325;1000;1000;49;91;156;704
171830;1000;1000;49;97;137;717
172333;1000;1000;37;90;150;723
172842;1000;962;55;86;142;679
173347;1000;324;14;43;34;233
173852;1000;478;19;52;60;347
174353;1000;807;40;61;123;583
174855;1000;0;0;0;0;0
175360;1000;319;19;24;41;235
175861;1000;611;29;86;91;405
176366;1000;842;45;77;135;585
176869;1000;771;41;69;121;540
177375;1000;756;41;84;121;510
177879;1000;1000;35;117;138;710
178396;1000;631;31;62;90;448
178898;1000;1000;38;112;181;669
179398;1000;81;7;3;12;59
179904;1000;1000;48;112;128;712
180404;1000;1000;55;100;157;688
180913;1000;932;41;94;129;668
181418;1000;1000;45;99;128;728
181933;1000;289;14;35;35;205
182437;1000;1000;48;104;162;686
182953;1000;377;14;45;69;249
183469;1000;806;43;91;116;556
183971;1000;1000;48;99;168;685
184484;1000;1000;49;99;164;688
184986;1000;929;42;97;140;650
185487;1000;0;0;0;0;0
185994;1000;1000;43;105;156;696
186496;1000;241;8;27;26;180
186999;1000;645;26;59;91;469
187514;1000;739;31;78;92;538
188014;1000;0;0;0;0;0
188529;1000;582;30;59;77;416
189040;1000;1000;55;89;177;679
189545;1000;8;2;1;0;5
190051;1000;514;26;57;77;354
190553;1000;0;0;0;0;0
191070;1000;692;40;75;101;476
191574;1000;1000;66;86;139;709
192088;1000;613;35;42;88;448
192589;1000;611;36;54;92;429
193093;1000;928;49;101;128;650
193603;1000;810;38;89;113;570
194101;1000;749;38;85;116;510
194617;1000;585;23;54;99;409
195116;1000;899;37;93;135;634
195625;1000;0;0;0;0;0
196126;1000;780;37;81;125;537
196640;1000;1000;46;96;155;703
197139;1000;450;17;42;66;325
197652;1000;1000;37;122;158;683
198150;1000;1000;59;92;146;703
198654;1000;1000;56;110;153;681
199155;1000;229;13;15;31;170
199668;1000;583;23;75;84;401
200171;1000;1000;49;103;152;696
200684;1000;532;27;62;74;369
201185;1000;833;41;73;120;599
201697;1000;825;41;100;125;559
202197;1000;1000;66;111;158;665
202703;1000;1000;41;112;159;688
203200;1000;678;29;78;111;460
203709;1000;714;33;88;101;492
204209;1000;958;46;115;141;656
204721;1000;1000;48;86;137;729
205222;1000;903;45;89;134;635
205722;1000;973;46;91;160;676
206221;1000;903;62;93;136;612
206725;1000;0;0;0;0;0
207223;1000;371;22;37;51;261
207729;1000;386;25;34;63;264
208230;1000;725;35;69;102;519
208744;1000;0;0;0;0;0
209246;1000;516;20;44;78;374
209762;1000;0;0;0;0;0
210263;1000;1000;47;106;153;694
210767;1000;1000;32;95;167;706
211277;1000;1000;46;111;154;689
211784;1000;513;16;49;90;358
212291;1000;0;0;0;0;0
212798;1000;563;27;58;92;386
213300;1000;0;0;0;0;0
213807;1000;1000;46;99;146;709
214308;1000;1000;58;92;138;712
214824;1000;292;15;38;38;201
215324;1000;962;58;110;120;674
215832;1000;1000;67;92;143;698
216338;1000;563;27;54;78;404
216846;1000;473;27;46;68;332
217357;1000;848;54;60;121;613
217864;1000;0;0;0;0;0
218368;1000;487;21;41;77;348
218880;1000;431;18;46;65;302
219396;1000;453;22;59;60;312
219895;1000;0;0;0;0;0
220400;1000;911;53;102;149;607
220900;1000;337;15;25;65;232
221416;1000;485;24;47;70;344
221929;1000;793;42;85;110;556
222430;1000;577;33;67;90;387
222936;1000;0;0;0;0;0
223442;1000;407;19;36;57;295
223947;1000;1000;50;90;154;706
224452;1000;1000;60;110;169;661
224964;1000;902;38;87;140;637
225466;1000;855;58;89;118;590
225968;1000;736;39;73;107;517
226473;1000;1000;57;107;143;693
226974;1000;47;2;5;9;31
227491;1000;779;36;86;119;538
227998;1000;784;31;85;129;539
228512;1000;632;28;67;98;439
229014;1000;856;38;84;134;600
229527;1000;455;23;49;87;296
230030;1000;612;25;50;97;440
230545;1000;0;0;0;0;0
231048;1000;317;13;30;56;218
231551;1000;763;36;71;120;536
232057;1000;912;45;97;138;632
232564;1000;988;65;104;136;683
233069;1000;1000;59;89;158;694
233575;1000;1000;47;90;146;717
234078;1000;1000;51;98;135;716
234583;1000;1000;47;104;150;699
235086;1000;838;46;90;113;589
235588;1000;379;19;33;44;283
236088;1000;0;0;0;0;0
236598;1000;674;36;74;105;459
237103;1000;546;31;56;75;384
237611;1000;588;26;61;86;415
238119;1000;934;58;89;136;651
238622;1000;977;58;101;136;682
239125;1000;536;29;48;88;371
239631;1000;707;29;62;94;522
240146;1000;817;48;80;124;565
240649;1000;761;44;76;99;542
241160;1000;736;28;63;119;526
241664;1000;0;0;0;0;0
242171;1000;1000;54;89;165;692
242675;1000;860;42;82;133;603
243179;1000;0;0;0;0;0
243680;1000;782;39;59;120;564
244183;1000;0;0;0;0;0
244697;1000;1000;46;109;150;695
245211;1000;484;21;47;66;350
245710;1000;908;61;96;155;596
246225;1000;0;0;0;0;0
246740;1000;926;44;99;125;658
247243;1000;1000;58;102;164;676
247741;1000;886;42;86;150;608
248242;1000;0;0;0;0;0
248744;1000;529;35;52;80;362
249247;1000;1000;51;102;160;687
249748;1000;1000;51;90;143;716
250254;1000;1000;53;108;146;693
250758;1000;1000;55;88;156;701
251272;1000;1000;49;110;143;698
251777;1000;892;49;100;132;611
252279;1000;401;12;49;48;292
252792;1000;0;0;0;0;0
253294;1000;787;35;83;133;536
253794;1000;594;34;54;84;422
254307;1000;0;0;0;0;0
254824;1000;1000;43;101;166;690
255335;1000;1000;40;103;188;669
255835;1000;387;18;48;60;261
256340;1000;0;0;0;0;0
256843;1000;102;3;14;18;67
257344;1000;0;0;0;0;0
257849;1000;191;12;20;32;127
258355;1000;63;2;9;5;47
258857;1000;227;17;17;39;154
259373;1000;0;0;0;0;0
259876;1000;253;10;29;39;175
260383;1000;358;16;33;49;260
260893;1000;297;15;28;45;209
261399;1000;171;8;15;18;130
261906;1000;0;0;0;0;0
262416;1000;91;4;5;17;65
262921;1000;103;2;16;19;66
263424;1000;0;0;0;0;0
263933;1000;129;5;14;26;84
264437;1000;350;16;35;41;258
264940;1000;0;0;0;0;0
265442;1000;94;1;4;22;67
265945;1000;0;0;0;0;0
266452;1000;130;8;9;21;92
266959;1000;165;13;14;28;110
267465;1000;238;18;26;33;161
267966;1000;63;3;7;10;43
268477;1000;101;2;10;13;76
268985;1000;0;0;0;0;0
269490;1000;199;11;18;19;151
269995;1000;0;0;0;0;0
270503;1000;308;16;29;37;226
271014;1000;134;14;14;21;85
271521;1000;187;11;25;18;133
272024;1000;180;15;16;26;123
272529;1000;193;9;20;34;130
273033;1000;0;0;0;0;0
273540;1000;214;12;20;34;148
274041;1000;282;20;22;39;201
274544;1000;0;0;0;0;0
275049;1000;132;5;10;19;98
275555;1000;125;5;10;25;85
276062;1000;0;0;0;0;0
276579;1000;62;0;7;6;49
277084;1000;97;5;10;14;68
277587;1000;199;7;22;27;143
278092;1000;0;0;0;0;0
278596;1000;78;4;12;11;51
279102;1000;268;14;31;37;186
279608;1000;0;0;0;0;0
280114;1000;151;9;11;25;106
280617;1000;168;8;17;27;116
281123;1000;0;0;0;0;0
281625;1000;267;10;34;39;184
282133;1000;380;21;40;54;265
282639;1000;0;0;0;0;0
283144;1000;126;1;7;18;100
283651;1000;77;6;6;12;53
284158;1000;0;0;0;0;0
284672;1000;315;16;28;42;229
285178;1000;166;8;15;29;114
285681;1000;85;3;6;3;73
286184;1000;188;9;20;30;129
286683;1000;0;0;0;0;0
287200;1000;136;1;15;10;110
287711;1000;0;0;0;0;0
288224;1000;290;16;24;36;214
288722;1000;62;3;6;10;43
289231;1000;0;0;0;0;0
289745;1000;71;7;1;16;47
290251;1000;197;8;26;35;128
290755;1000;143;9;13;14;107
291265;1000;84;5;7;21;51
291773;1000;83;4;7;14;58
292276;1000;91;4;10;9;68
292778;1000;0;0;0;0;0
293286;1000;243;16;20;39;168
293799;1000;0;0;0;0;0
294304;1000;355;19;41;54;241
294808;1000;74;5;9;13;47
295318;1000;129;5;10;16;98
295820;1000;0;0;0;0;0
296328;1000;80;3;3;17;57
296835;1000;186;14;24;22;126
297344;1000;150;7;17;16;110
297849;1000;169;10;15;19;125
298358;1000;173;13;18;20;122
298858;1000;177;6;17;27;127
299362;1000;0;0;0;0;0
299879;1000;92;4;8;10;70
300395;1000;294;8;33;57;196
300900;1000;108;4;8;15;81
301403;1000;0;0;0;0;0
301913;1000;109;2;9;16;82
302420;1000;118;9;10;28;71
302927;1000;0;0;0;0;0
303438;1000;190;13;22;28;127
303939;1000;120;7;11;19;83
304443;1000;91;2;13;10;66
304948;1000;295;18;28;43;206
305464;1000;112;9;9;16;78
305967;1000;79;2;8;18;51
306467;1000;135;8;14;22;91
306975;1000;159;7;11;21;120
307476;1000;139;10;15;20;94
307976;1000;0;0;0;0;0
308482;1000;674;30;74;94;476
308995;1000;0;0;0;0;0
309509;1000;95;5;10;10;70
310010;1000;0;0;0;0;0
310525;1000;66;6;10;10;40
311024;1000;165;4;14;25;122
311529;1000;147;6;20;14;107
312031;1000;329;13;30;36;250
312547;1000;186;7;20;21;138
313055;1000;121;5;18;16;82
313564;1000;0;0;0;0;0
314069;1000;125;9;11;23;82
314574;1000;179;10;18;24;127
315080;1000;0;0;0;0;0
315590;1000;211;5;20;27;159
316101;1000;151;12;9;30;100
316612;1000;173;6;17;30;120
317119;1000;0;0;0;0;0
317627;1000;146;6;15;18;107
318137;1000;119;4;8;9;98
318639;1000;127;2;20;13;92
319140;1000;256;16;27;32;181
319655;1000;0;0;0;0;0
320160;1000;79;5;9;16;49
320674;1000;79;5;9;8;57
321175;1000;173;11;15;28;119
321678;1000;97;3;10;11;73
322179;1000;162;8;15;18;121
322681;1000;0;0;0;0;0
323196;1000;157;10;18;21;108
323711;1000;197;7;21;33;136
324219;1000;65;3;3;10;49
324719;1000;0;0;0;0;0
325222;1000;225;10;28;37;150
325726;1000;309;11;35;48;215
326224;1000;76;5;7;7;57
326727;1000;127;9;12;21;85
327241;1000;365;19;44;57;245
327743;1000;0;0;0;0;0
328254;1000;365;22;40;64;239
328771;1000;67;6;7;9;45
329273;1000;230;14;17;38;161
329777;1000;111;6;5;12;88
330290;1000;0;0;0;0;0
330795;1000;81;4;6;14;57
331298;1000;166;10;19;26;111
331804;1000;309;18;31;49;211
332310;1000;159;7;24;30;98
332827;1000;145;8;11;22;104
333331;1000;0;0;0;0;0
333838;1000;104;8;13;12;71
334353;1000;108;6;15;14;73
334868;1000;89;5;11;13;60
335367;1000;108;3;9;15;81
335869;1000;252;17;15;52;168
336378;1000;66;2;9;8;47
336894;1000;0;0;0;0;0
337401;1000;89;4;8;14;63
337910;1000;0;0;0;0;0
338424;1000;296;11;24;47;214
338938;1000;77;2;9;10;56
339453;1000;147;3;16;23;105
339954;1000;0;0;0;0;0
340470;1000;267;25;17;34;191
340976;1000;102;5;5;14;78
341480;1000;89;5;9;12;63
341983;1000;306;19;37;47;203
342484;1000;165;11;19;35;100
342987;1000;130;4;11;19;96
343492;1000;0;0;0;0;0
343997;1000;173;5;13;23;132
344503;1000;192;13;12;30;137
345005;1000;90;5;6;13;66
345504;1000;0;0;0;0;0
346022;1000;94;4;10;14;66
346522;1000;128;7;19;17;85
347029;1000;175;11;14;18;132
347538;1000;0;0;0;0;0
348047;1000;117;8;9;25;75
348552;1000;0;0;0;0;0
349051;1000;118;7;5;14;92
349570;1000;114;5;18;17;74
350082;1000;0;0;0;0;0
350590;1000;497;25;53;72;347
351092;1000;0;0;0;0;0
351597;1000;194;10;20;29;135
352099;1000;168;12;18;20;118
352599;1000;68;2;14;7;45
353115;1000;0;0;0;0;0
353622;1000;300;8;37;48;207
354123;1000;157;8;8;19;122
354626;1000;91;3;14;15;59
355130;1000;326;18;29;42;237
355632;1000;0;0;0;0;0
356146;1000;117;5;14;14;84
356655;1000;146;10;9;25;102
357169;1000;65;2;10;10;43
357670;1000;0;0;0;0;0
358176;1000;248;17;29;42;160
358682;1000;74;3;2;6;63
359183;1000;0;0;0;0;0
359689;1000;436;27;47;55;307
360203;1000;162;16;18;13;115
360704;1000;71;5;4;8;54
361218;1000;113;5;6;19;83
361720;1000;122;4;15;13;90
362220;1000;0;0;0;0;0
362722;1000;199;9;19;33;138
363224;1000;352;19;41;57;235
363726;1000;70;2;7;12;49
364227;1000;110;5;13;17;75
364732;1000;274;14;31;43;186
365247;1000;355;18;33;53;251
365763;1000;0;0;0;0;0
366267;1000;74;6;10;10;48
366767;1000;183;7;15;29;132
367268;1000;0;0;0;0;0
367783;1000;156;6;11;30;109
368297;1000;67;1;3;13;50
368811;1000;273;10;29;39;195
369312;1000;0;0;0;0;0
369813;1000;363;24;37;56;246
370320;1000;346;16;39;65;226
370828;1000;0;0;0;0;0
371328;1000;101;1;9;15;76
371828;1000;333;11;37;45;240
372328;1000;0;0;0;0;0
372835;1000;70;2;7;10;51
373340;1000;162;11;11;26;114
373839;1000;144;3;12;27;102
374353;1000;0;0;0;0;0
374856;1000;84;4;8;11;61
375356;1000;97;3;6;15;73
375863;1000;141;5;13;22;101
376368;1000;0;0;0;0;0
376870;1000;225;13;32;36;144
377372;1000;0;0;0;0;0
377873;1000;297;16;27;43;211
378386;1000;122;4;9;19;90
378900;1000;0;0;0;0;0
379400;1000;162;4;18;23;117
379900;1000;125;4;19;16;86
380414;1000;262;15;30;46;171
380931;1000;83;1;8;17;57
381444;1000;0;0;0;0;0
381948;1000;116;7;12;20;77
382450;1000;113;8;3;23;79
382951;1000;0;0;0;0;0
383466;1000;104;4;15;21;64
383970;1000;74;4;9;11;50
384472;1000;150;10;15;24;101
384985;1000;332;21;30;49;232
385484;1000;153;8;16;19;110
385999;1000;0;0;0;0;0
386513;1000;255;8;29;37;181
387015;1000;0;0;0;0;0
387521;1000;344;11;40;38;255
388024;1000;111;5;13;14;79
388526;1000;113;7;18;25;63
389030;1000;0;0;0;0;0
389530;1000;90;10;7;5;68
390045;1000;126;3;10;24;89
390559;1000;69;2;7;15;45
391061;1000;151;9;16;17;109
391574;1000;182;8;17;21;136
392078;1000;294;20;34;56;184
392579;1000;180;5;20;31;124
393080;1000;0;0;0;0;0
393582;1000;94;5;11;12;66
394085;1000;84;6;9;6;63
394590;1000;213;11;27;37;138
395104;1000;0;0;0;0;0
395618;1000;145;4;22;20;99
396125;1000;130;4;14;22;90
396632;1000;0;0;0;0;0
397138;1000;125;3;10;23;89
397640;1000;383;22;43;61;257
398154;1000;0;0;0;0;0
398655;1000;76;5;9;13;49
399169;1000;217;9;22;38;148
399670;1000;0;0;0;0;0
400185;1000;198;8;11;32;147
400685;1000;129;6;10;27;86
401189;1000;347;18;36;45;248
401701;1000;83;4;6;7;66
402204;1000;133;8;16;20;89
402706;1000;490;25;51;82;332
403220;1000;271;8;32;51;180
403734;1000;0;0;0;0;0
404237;1000;81;2;9;11;59
404745;1000;282;14;32;43;193
405263;1000;163;7;12;22;122
405767;1000;0;0;0;0;0
406271;1000;272;14;22;44;192
406775;1000;74;1;8;10;55
407286;1000;84;3;5;11;65
407790;1000;198;9;17;29;143
408298;1000;163;9;21;22;111
408804;1000;0;0;0;0;0
409320;1000;125;5;14;21;85
409833;1000;132;9;9;22;92
410335;1000;208;12;18;36;142
410840;1000;178;11;14;29;124
411355;1000;0;0;0;0;0
411863;1000;170;11;15;30;114
412369;1000;275;6;25;41;203
412883;1000;0;0;0;0;0
413388;1000;87;5;9;12;61
413891;1000;160;8;14;25;113
414396;1000;190;7;18;30;135
414898;1000;84;1;7;9;67
415414;1000;0;0;0;0;0
415916;1000;63;3;4;4;52
416429;1000;91;3;9;10;69
416946;1000;479;28;57;70;324
417457;1000;97;6;7;14;70
417959;1000;234;12;16;36;170
418460;1000;0;0;0;0;0
418964;1000;193;9;22;28;134
419471;1000;361;21;34;45;261
419971;1000;190;8;24;20;138
420477;1000;338;28;35;51;224
420979;1000;0;0;0;0;0
421493;1000;67;1;8;9;49
422008;1000;0;0;0;0;0
422508;1000;197;16;21;33;127
423009;1000;0;0;0;0;0
423523;1000;72;3;7;10;52
424032;1000;0;0;0;0;0
424545;1000;110;5;14;14;77
425048;1000;159;10;17;28;104
425562;1000;360;21;34;56;249
426066;1000;343;17;35;58;233
426568;1000;176;8;21;28;119
427078;1000;166;9;17;24;116
427581;1000;274;13;25;47;189
428096;1000;0;0;0;0;0
428611;1000;191;4;15;26;146
429123;1000;77;5;8;8;56
429638;1000;346;17;40;59;230
430144;1000;86;5;5;14;62
430647;1000;0;0;0;0;0
431150;1000;284;16;26;45;197
431666;1000;0;0;0;0;0
432166;1000;152;4;11;26;111
432680;1000;0;0;0;0;0
433186;1000;190;8;19;20;143
433687;1000;0;0;0;0;0
434190;1000;130;3;8;26;93
434704;1000;0;0;0;0;0
435205;1000;161;6;10;27;118
435708;1000;182;8;20;27;127
436217;1000;185;13;17;29;126
436728;1000;0;0;0;0;0
437232;1000;114;5;13;14;82
437745;1000;0;0;0;0;0
438253;1000;344;21;42;56;225
438759;1000;84;3;6;14;61
439264;1000;426;21;35;53;317
439767;1000;191;8;23;29;131
440267;1000;354;20;45;56;233
440768;1000;184;7;19;18;140
441268;1000;104;5;13;20;66
441769;1000;96;1;13;13;69
442267;1000;0;0;0;0;0
442780;1000;518;28;57;77;356
443286;1000;113;9;10;20;74
443790;1000;74;2;8;7;57
444291;1000;0;0;0;0;0
444795;1000;273;14;27;35;197
445297;1000;121;5;11;19;86
445800;1000;154;7;17;26;104
446302;1000;0;0;0;0;0
446804;1000;228;8;21;31;168
447303;1000;149;7;21;24;97
447806;1000;265;9;23;38;195
448307;1000;127;4;16;24;83
448810;1000;196;8;28;30;130
449309;1000;192;8;20;22;142
449823;1000;0;0;0;0;0
450324;1000;154;10;12;24;108
450828;1000;178;11;13;24;130
451328;1000;176;8;11;32;125
451841;1000;121;7;14;16;84
452356;1000;0;0;0;0;0
452861;1000;187;7;28;30;122
453362;1000;0;0;0;0;0
453874;1000;411;26;42;44;299
454380;1000;124;4;15;20;85
454881;1000;141;8;7;35;91
455381;1000;83;3;10;11;59
455883;1000;0;0;0;0;0
456387;1000;198;8;17;32;141
456894;1000;175;8;19;25;123
457402;1000;128;12;10;15;91
457904;1000;143;6;21;16;100
458407;1000;157;11;13;20;113
458906;1000;0;0;0;0;0
459413;1000;135;8;15;18;94
459916;1000;85;3;5;15;62
460416;1000;153;3;20;22;108
460920;1000;164;7;15;19;123
461419;1000;180;8;23;26;123
461919;1000;133;6;15;15;97
462433;1000;75;4;6;12;53
462937;1000;209;8;26;25;150
463436;1000;248;12;20;45;171
463949;1000;0;0;0;0;0
464459;1000;178;10;16;26;126
464965;1000;542;35;61;84;362
465477;1000;0;0;0;0;0
465982;1000;176;13;18;30;115
466497;1000;0;0;0;0;0
467004;1000;239;15;14;43;167
467506;1000;0;0;0;0;0
468017;1000;147;10;16;17;104
468521;1000;67;1;5;10;51
469021;1000;136;7;14;19;96
469531;1000;90;3;12;9;66
470037;1000;0;0;0;0;0
470538;1000;189;11;10;28;140
471052;1000;119;8;10;18;83
471557;1000;91;3;10;12;66
472060;1000;0;0;0;0;0
472560;1000;118;9;10;15;84
473062;1000;98;7;8;17;66
473565;1000;0;0;0;0;0
474078;1000;171;8;12;21;130
474578;1000;389;18;34;57;280
475084;1000;75;3;9;12;51
475587;1000;142;7;12;17;106
476088;1000;80;6;10;10;54
476592;1000;0;0;0;0;0
477096;1000;310;18;30;47;215
477598;1000;0;0;0;0;0
478104;1000;199;7;21;30;141
478607;1000;0;0;0;0;0
479112;1000;305;15;21;45;224
479615;1000;133;5;17;19;92
480129;1000;195;8;26;21;140
480642;1000;316;20;30;55;211
481146;1000;112;5;10;21;76
481647;1000;238;10;33;38;157
482158;1000;332;15;39;43;235
482659;1000;0;0;0;0;0
483174;1000;68;5;8;9;46
483679;1000;0;0;0;0;0
484183;1000;115;9;13;20;73
484689;1000;277;10;25;43;199
485188;1000;0;0;0;0;0
485690;1000;157;5;19;24;109
486192;1000;189;9;11;33;136
486695;1000;149;6;17;27;99
487200;1000;362;22;35;55;250
487702;1000;75;4;7;12;52
488203;1000;0;0;0;0;0
488718;1000;105;7;14;14;70
489226;1000;196;13;14;31;138
489728;1000;242;11;26;34;171
490228;1000;0;0;0;0;0
490732;1000;86;3;8;15;60
491232;1000;182;11;24;30;117
491733;1000;243;15;20;47;161
492237;1000;108;3;10;21;74
492738;1000;132;6;8;19;99
493254;1000;273;15;21;40;197
493768;1000;0;0;0;0;0
494281;1000;136;10;21;14;91
494787;1000;134;8;14;22;90
495295;1000;84;4;7;11;62
495800;1000;245;13;25;24;183
496305;1000;124;4;13;18;89
496813;1000;169;13;17;24;115
497319;1000;196;11;16;39;130
497823;1000;0;0;0;0;0
498328;1000;114;5;14;17;78
498828;1000;194;6;21;33;134
499331;1000;0;0;0;0;0
499834;1000;146;4;17;24;101
500337;1000;190;8;13;27;142
500842;1000;0;0;0;0;0
501346;1000;709;33;58;117;501
501847;1000;429;11;41;67;310
502362;1000;0;0;0;0;0
502865;1000;852;39;86;125;602
503376;1000;584;30;67;79;408
503877;1000;0;0;0;0;0
504380;1000;1000;42;96;148;714
504880;1000;269;10;33;39;187
505381;1000;694;36;68;117;473
505889;1000;0;0;0;0;0
506390;1000;1000;45;111;154;690
506889;1000;362;10;48;59;245
507407;1000;1000;54;103;154;689
507905;1000;877;37;87;146;607
508420;1000;516;28;40;80;368
508921;1000;856;51;76;133;596
509432;1000;0;0;0;0;0
509938;1000;914;50;101;125;638
510440;1000;371;21;38;53;259
510946;1000;1000;67;102;148;683
511448;1000;692;36;79;98;479
511959;1000;939;43;89;134;673
512461;1000;995;69;95;158;673
512962;1000;0;0;0;0;0
513470;1000;511;36;55;77;343
513983;1000;0;0;0;0;0
514485;1000;971;48;109;136;678
514990;1000;1000;43;115;154;688
515486;1000;199;11;17;31;140
516000;1000;792;32;69;132;559
516500;1000;1000;53;108;147;692
517002;1000;216;13;11;43;149
517503;1000;873;43;86;140;604
518016;1000;0;0;0;0;0
518529;1000;625;31;57;92;445
519038;1000;1000;46;94;153;707
519540;1000;885;48;86;147;604
520044;1000;597;35;51;99;412
520543;1000;0;0;0;0;0
521052;1000;818;48;73;113;584
521551;1000;985;46;97;156;686
522053;1000;328;17;29;49;233
522567;1000;0;0;0;0;0
523070;1000;478;18;35;71;354
523571;1000;682;36;64;121;461
524088;1000;912;53;86;141;632
524591;1000;979;62;97;142;678
525098;1000;620;24;75;93;428
525602;1000;774;40;83;106;545
526106;1000;929;36;92;141;660
526610;1000;389;26;42;48;273
527117;1000;719;35;79;110;495
527619;1000;1000;54;96;133;717
528122;1000;1000;60;107;149;684
528630;1000;1000;38;106;142;714
529136;1000;1000;42;104;170;684
529641;1000;1000;32;109;163;696
530140;1000;4;0;0;1;3
530645;1000;545;23;61;75;386
531150;1000;569;37;68;83;381
531655;1000;797;34;81;124;558
532170;1000;818;43;93;119;563
532670;1000;1000;52;93;165;690
533171;1000;1000;61;88;140;711
533686;1000;797;45;80;99;573
534187;1000;1000;56;107;154;683
534691;1000;24;0;3;4;17
535207;1000;1000;48;105;145;702
535705;1000;253;9;29;32;183
536212;1000;954;53;89;156;656
536714;1000;1000;46;100;158;696
537217;1000;1000;46;80;145;729
537730;1000;436;23;38;50;325
538240;1000;1000;50;106;165;679
538748;1000;1000;44;98;150;708
539261;1000;878;39;94;132;613
539770;1000;644;27;59;91;467
540273;1000;0;0;0;0;0
540779;1000;875;26;78;146;625
541281;1000;1000;56;91;172;681
541782;1000;1000;52;101;140;707
542299;1000;1000;47;120;151;682
542802;1000;311;15;28;53;215
543305;1000;778;46;74;112;546
543804;1000;863;37;92;121;613
544309;1000;775;42;65;111;557
544809;1000;837;64;102;116;555
545313;1000;979;53;89;132;705
545814;1000;731;33;58;122;518
546320;1000;503;26;53;83;341
546819;1000;692;34;70;105;483
547324;1000;1000;48;105;166;681
547822;1000;900;40;102;137;621
548337;1000;673;27;61;83;502
548850;1000;378;21;35;51;271
549364;1000;509;24;43;78;364
549864;1000;815;55;90;107;563
550379;1000;0;0;0;0;0
550879;1000;640;23;62;120;435
551396;1000;1000;46;101;136;717
551895;1000;1000;40;103;150;707
552399;1000;1000;48;99;155;698
552899;1000;40;2;3;3;32
553402;1000;977;53;88;136;700
553908;1000;979;41;84;155;699
554421;1000;1000;44;101;161;694
554923;1000;1000;38;98;164;700
555437;1000;1000;53;103;142;702
555948;1000;1000;49;98;144;709
556450;1000;53;3;7;10;33
556968;1000;1000;47;87;136;730
557472;1000;719;41;69;92;517
557970;1000;467;29;36;77;325
558486;1000;0;0;0;0;0
558986;1000;562;22;53;85;402
559500;1000;1000;56;98;150;696
560002;1000;56;2;3;8;43
560507;1000;900;42;97;135;626
561007;1000;0;0;0;0;0
561515;1000;1000;53;105;133;709
562014;1000;1000;52;111;156;681
562519;1000;787;39;82;119;547
563018;1000;581;27;71;97;386
563520;1000;1000;45;90;138;727
564027;1000;1000;52;97;141;710
564540;1000;1000;51;105;150;694
565076;1000;1000;51;99;154;696
565586;1000;1000;50;84;155;711
566087;1000;77;0;4;9;64
566594;1000;357;15;34;59;249
567094;1000;0;0;0;0;0
567602;1000;1000;54;96;125;725
568100;1000;92;8;8;14;62
568613;1000;869;35;71;139;624
569129;1000;976;45;105;164;662
569640;1000;810;37;88;112;573
570142;1000;0;0;0;0;0
570654;1000;489;24;50;71;344
571154;1000;549;29;48;90;382
571655;1000;436;27;45;67;297
572156;1000;0;0;0;0;0
572659;1000;409;15;34;75;285
573171;1000;1000;52;109;150;689
573682;1000;1000;56;105;144;695
574184;1000;847;51;83;133;580
574699;1000;465;15;56;58;336
575209;1000;0;0;0;0;0
575714;1000;796;52;97;105;542
576226;1000;0;0;0;0;0
576741;1000;761;42;77;105;537
577246;1000;1000;42;103;143;712
577750;1000;1000;42;116;148;694
578250;1000;1000;51;105;145;699
578752;1000;691;35;70;100;486
579251;1000;0;0;0;0;0
579757;1000;792;36;84;96;576
580259;1000;1000;51;97;147;705
580773;1000;888;47;96;154;591
581278;1000;715;27;95;100;493
581781;1000;0;0;0;0;0
582295;1000;1000;41;93;171;695
582810;1000;884;40;83;129;632
583324;1000;612;36;67;88;421
583828;1000;0;0;0;0;0
584334;1000;1000;47;102;148;703
584849;1000;365;12;36;54;263
585350;1000;708;37;69;109;493
585863;1000;712;37;60;110;505
586368;1000;955;54;113;159;629
586875;1000;1000;51;100;142;707
587380;1000;1000;42;95;151;712
587885;1000;1000;43;88;157;712
588390;1000;1000;62;102;143;693
588901;1000;1000;51;97;147;705
589408;1000;228;15;22;30;161
589916;1000;1000;53;109;161;677
590425;1000;157;10;9;23;115
590929;1000;1000;48;100;140;712
591436;1000;1000;41;75;163;721
591951;1000;1000;54;86;140;720
592466;1000;994;52;100;156;686
592971;1000;924;45;96;130;653
593478;1000;0;0;0;0;0
593981;1000;689;34;74;106;475
594485;1000;371;18;30;40;283
594988;1000;0;0;0;0;0
595491;1000;976;55;105;137;679
595989;1000;0;0;0;0;0
596496;1000;981;34;121;135;691
596999;1000;831;47;79;116;589
597506;1000;936;57;102;147;630
598016;1000;501;24;52;70;355
598520;1000;1000;54;114;161;671
599020;1000;1000;53;96;126;725
599525;1000;647;30;74;96;447
600025;1000;623;32;68;95;428
600531;1000;771;37;81;115;538
601029;1000;707;32;63;111;501
601530;1000;0;0;0;0;0
602033;1000;964;51;94;162;657
602534;1000;997;54;113;139;691
603033;1000;0;0;0;0;0
603535;1000;463;18;46;78;321
604036;1000;1000;59;103;131;707
604547;1000;119;5;7;20;87
605053;1000;769;35;82;129;523
605555;1000;0;0;0;0;0
606062;1000;1000;66;89;153;692
606571;1000;876;40;82;128;626
607085;1000;328;15;37;48;228
607590;1000;1000;66;94;137;703
608100;1000;800;46;72;124;558
608603;1000;681;29;74;102;476
609117;1000;975;63;93;146;673
609617;1000;0;0;0;0;0
610121;1000;1000;49;105;135;711
610627;1000;1000;48;116;144;692
611130;1000;1000;45;105;147;703
611635;1000;1000;38;112;140;710
612137;1000;1000;50;95;138;717
612642;1000;1000;48;98;140;714
613142;1000;172;11;17;23;121
613648;1000;357;20;30;59;248
614150;1000;832;41;88;115;588
614656;1000;317;13;30;62;212
615162;1000;463;23;51;58;331
615664;1000;977;44;91;160;682
616165;1000;331;17;24;57;233
616669;1000;518;27;54;62;375
617171;1000;1000;45;100;149;706
617672;1000;418;20;44;62;292
618179;1000;914;51;94;138;631
618688;1000;0;0;0;0;0
619193;1000;897;43;99;113;642
619694;1000;464;19;46;62;337
620199;1000;476;25;48;68;335
620709;1000;349;24;35;56;234
621211;1000;882;45;89;132;616
621714;1000;0;0;0;0;0
622214;1000;543;29;56;91;367
622723;1000;875;41;88;153;593
623221;1000;0;0;0;0;0
623729;1000;1000;39;110;140;711
624229;1000;732;43;70;107;512
624737;1000;918;62;91;161;604
625236;1000;0;0;0;0;0
625737;1000;341;19;24;48;250
626237;1000;0;0;0;0;0
626755;1000;1000;52;113;159;676
627255;1000;1000;49;98;171;682
627760;1000;613;30;78;80;425
628261;1000;0;0;0;0;0
628773;1000;506;34;54;68;350
629272;1000;1000;65;79;151;705
629776;1000;626;32;60;109;425
630276;1000;951;42;94;133;682
630788;1000;1000;46;101;154;699
631289;1000;570;33;60;113;364
631795;1000;1000;46;104;143;707
632295;1000;1000;60;108;162;670
632800;1000;374;22;35;46;271
633303;1000;344;12;38;48;246
633803;1000;907;56;103;139;609
634303;1000;686;25;74;107;480
634806;1000;430;27;42;71;290
635312;1000;443;24;44;61;314
635826;1000;0;0;0;0;0
636330;1000;1000;55;99;150;696
636840;1000;1000;56;98;157;689
637341;1000;1000;41;124;144;691
637846;1000;778;40;77;105;556
638349;1000;1000;51;99;130;720
638859;1000;280;6;29;38;207
639360;1000;903;41;77;131;654
639868;1000;820;39;72;113;596
640366;1000;0;0;0;0;0
640870;1000;1000;39;107;143;711
641375;1000;784;32;77;124;551
641879;1000;0;0;0;0;0
642386;1000;1000;51;100;150;699
642890;1000;17;1;1;1;14
643393;1000;337;19;35;48;235
643897;1000;809;34;64;125;586
644404;1000;724;29;70;109;516
644911;1000;945;47;120;153;625
645418;1000;0;0;0;0;0
645920;1000;357;25;28;60;244
646425;1000;439;23;45;65;306
646927;1000;547;32;56;84;375
647436;1000;768;49;74;105;540
647936;1000;623;36;57;103;427
648439;1000;0;0;0;0;0
648942;1000;707;31;63;115;498
649442;1000;559;31;65;94;369
649952;1000;580;29;67;84;400
650452;1000;0;0;0;0;0
650965;1000;545;23;67;79;376
651465;1000;760;37;61;124;538
651973;1000;0;0;0;0;0
652490;1000;1000;42;93;149;716
652996;1000;944;48;89;135;672
653501;1000;378;18;34;57;269
654008;1000;470;28;54;64;324
654517;1000;995;57;88;166;684
655024;1000;657;33;66;98;460
655527;1000;837;53;95;118;571
656044;1000;1000;54;93;127;726
656547;1000;1000;64;96;153;687
657049;1000;1000;38;94;152;716
657550;1000;726;35;78;93;520
658053;1000;934;41;108;146;639
658559;1000;1000;46;111;159;684
659064;1000;743;33;87;106;517
659566;1000;0;0;0;0;0
660070;1000;1000;55;76;160;709
660581;1000;1000;53;92;155;700
661092;1000;424;19;37;59;309
661602;1000;837;44;79;121;593
662107;1000;368;12;27;62;267
662609;1000;0;0;0;0;0
663116;1000;754;27;86;116;525
663621;1000;625;38;62;86;439
664130;1000;0;0;0;0;0
664636;1000;896;52;86;140;618
665136;1000;702;36;66;94;506
665641;1000;0;0;0;0;0
666153;1000;388;15;42;62;269
666657;1000;770;29;81;105;555
667156;1000;0;0;0;0;0
667660;1000;402;16;35;58;293
668165;1000;313;17;39;38;219
668668;1000;0;0;0;0;0
669175;1000;470;34;51;67;318
669677;1000;1000;47;94;156;703
670192;1000;1000;48;104;160;688
670695;1000;496;24;56;83;333
671211;1000;867;38;100;135;594
671710;1000;669;36;58;116;459
672212;1000;0;0;0;0;0
672720;1000;1000;53;112;161;674
673236;1000;1000;60;107;138;695
673736;1000;1000;48;103;128;721
674248;1000;913;48;107;132;626
674755;1000;1000;44;90;148;718
675261;1000;288;17;27;52;192
675766;1000;1000;44;102;150;704
676267;1000;1000;49;113;141;697
676771;1000;172;14;18;34;106
677275;1000;923;36;81;144;662
677777;1000;1000;61;86;140;713
678294;1000;1000;46;84;157;713
678803;1000;1000;47;97;134;722
679304;1000;636;24;68;98;446
679843;1000;1000;43;103;160;694
680318;1000;627;36;57;93;441
680820;1000;681;34;63;103;481
681325;1000;894;42;92;137;623
681832;1000;914;47;88;141;638
682333;1000;904;45;81;133;645
682853;1000;463;20;47;68;328
683353;1000;655;37;61;114;443
683857;1000;656;29;60;101;466
684367;1000;1000;40;111;123;726
684870;1000;1000;37;105;141;717
685380;1000;666;34;62;98;472
685880;1000;919;47;84;133;655
686381;1000;420;17;51;65;287
686885;1000;466;22;46;78;320
687387;1000;852;34;86;127;605
687897;1000;0;0;0;0;0
688401;1000;817;32;88;117;580
688904;1000;385;13;41;60;271
689409;1000;0;0;0;0;0
689917;1000;556;31;55;81;389
690424;1000;368;17;35;50;266
690931;1000;0;0;0;0;0
691440;1000;433;21;43;65;304
691939;1000;0;0;0;0;0
692447;1000;417;23;44;64;286
692959;1000;0;0;0;0;0
693464;1000;932;47;81;140;664
693976;1000;340;20;35;54;231
694478;1000;576;33;54;95;394
694981;1000;0;0;0;0;0
695488;1000;315;21;32;49;213
695997;1000;857;51;83;131;592
696505;1000;1000;42;92;141;725
697010;1000;903;43;104;134;622
697518;1000;1000;36;94;150;720
698026;1000;146;9;11;19;107
698530;1000;824;40;80;132;572
699035;1000;0;0;0;0;0
699539;1000;671;36;74;107;454
700048;1000;666;25;61;96;484
700553;1000;672;25;65;91;491
701065;1000;500;20;53;76;351
701570;1000;507;22;51;82;352
702076;1000;0;0;0;0;0
702581;1000;368;21;36;55;256
703081;1000;543;29;55;80;379
703586;1000;1000;48;94;172;686
704087;1000;527;30;50;84;363
704593;1000;1000;59;93;145;703
705098;1000;1000;50;111;171;668
705612;1000;1000;52;114;149;685
706120;1000;1000;42;99;143;716
706626;1000;330;23;26;54;227
707135;1000;475;32;54;64;325
707639;1000;1000;41;124;126;709
708147;1000;648;24;63;91;470
708657;1000;399;15;47;54;283
709162;1000;0;0;0;0;0
709676;1000;767;55;82;98;532
710178;1000;853;41;89;123;600
710690;1000;0;0;0;0;0
711195;1000;994;36;101;142;715
711700;1000;1000;46;92;159;703
712206;1000;1000;41;105;163;691
712718;1000;1000;45;116;157;682
713231;1000;302;15;21;45;221
713737;1000;764;43;71;104;546
714241;1000;0;0;0;0;0
714743;1000;993;48;93;155;697
715249;1000;466;12;48;54;352
715755;1000;0;0;0;0;0
716259;1000;765;49;81;103;532
716774;1000;0;0;0;0;0
717275;1000;1000;55;108;144;693
717790;1000;1000;54;104;147;695
718303;1000;1000;52;91;162;695
718804;1000;1000;54;114;163;669
719303;1000;1000;49;106;149;696
719815;1000;1000;46;103;141;710
720329;1000;1000;62;119;132;687
720838;1000;1000;47;101;149;703
721341;1000;1000;52;93;123;732
721842;1000;825;40;75;143;567
722348;1000;998;55;89;154;700
722850;1000;763;39;77;120;527
723353;1000;332;13;33;46;240
723858;1000;0;0;0;0;0
724359;1000;1000;60;110;152;678
724861;1000;1000;50;86;170;694
725360;1000;212;12;22;24;154
725874;1000;937;42;88;149;658
726383;1000;480;20;61;73;326
726883;1000;0;0;0;0;0
727386;1000;1000;60;107;132;701
727888;1000;1000;46;117;152;685
728391;1000;1000;50;106;138;706
728901;1000;772;40;79;108;545
729406;1000;804;42;70;127;565
729909;1000;0;0;0;0;0
730422;1000;585;28;55;90;412
730937;1000;514;27;52;83;352
731444;1000;1000;51;89;137;723
731951;1000;1000;41;114;154;691
732452;1000;1000;57;100;138;705
732955;1000;820;41;81;111;587
733457;1000;1000;48;106;161;685
733967;1000;941;46;90;162;643
734470;1000;1000;62;88;158;692
734975;1000;930;44;97;148;641
735481;1000;1000;46;102;134;718
735983;1000;83;3;9;10;61
736495;1000;1000;58;92;159;691
737001;1000;492;26;50;70;346
737507;1000;964;58;100;148;658
738011;1000;990;62;92;131;705
738526;1000;975;43;105;146;681
739028;1000;862;51;90;140;581
739539;1000;0;0;0;0;0
740055;1000;431;31;46;65;289
740557;1000;976;52;96;135;693
741059;1000;0;0;0;0;0
741566;1000;377;13;42;61;261
742072;1000;383;19;31;50;283
742573;1000;459;27;40;70;322
743077;1000;890;49;92;132;617
743577;1000;1000;39;90;133;738
744083;1000;1000;47;103;160;690
744585;1000;293;12;19;51;211
745104;1000;1000;48;97;140;715
745603;1000;1000;46;123;168;663
746117;1000;1000;51;109;152;688
746620;1000;1000;57;102;162;679
747134;1000;623;30;53;98;442
747648;1000;609;25;56;96;432
748152;1000;632;33;61;93;445
748659;1000;1000;48;103;163;686
749163;1000;1000;52;83;152;713
749673;1000;1000;62;95;189;654
750177;1000;881;49;94;119;619
750683;1000;638;32;73;97;436
751184;1000;1000;54;100;134;712
751697;1000;1000;54;90;135;721
752205;1000;1000;55;94;151;700
752706;1000;149;5;15;22;107
753217;1000;1000;57;99;145;699
753717;1000;483;34;54;80;315
754218;1000;374;13;36;67;258
754721;1000;0;0;0;0;0
755234;1000;727;37;77;117;496
755740;1000;906;50;86;139;631
756245;1000;0;0;0;0;0
756751;1000;733;47;80;111;495
757259;1000;656;37;72;94;453
757759;1000;87;9;8;8;62
758261;1000;151;8;11;23;109
758762;1000;0;0;0;0;0
759277;1000;92;6;12;13;61
759791;1000;197;7;16;31;143
760298;1000;115;5;12;22;76
760813;1000;138;6;16;20;96
761316;1000;194;10;16;22;146
761825;1000;333;16;37;48;232
762326;1000;0;0;0;0;0
762838;1000;264;12;31;43;178
763337;1000;0;0;0;0;0
763842;1000;159;8;19;25;107
764342;1000;291;23;24;54;190
764852;1000;90;3;10;12;65
765352;1000;0;0;0;0;0
765866;1000;170;6;11;23;130
766380;1000;0;0;0;0;0
766883;1000;347;21;32;68;226
767387;1000;194;7;16;30;141
767897;1000;273;12;26;33;202
768406;1000;132;4;11;18;99
768912;1000;174;8;18;25;123
769414;1000;0;0;0;0;0
769929;1000;354;13;25;47;269
770435;1000;135;2;11;21;101
770939;1000;167;9;20;25;113
771447;1000;0;0;0;0;0
771961;1000;181;13;11;24;133
772467;1000;0;0;0;0;0
772973;1000;141;6;15;25;95
773489;1000;134;8;17;16;93
773991;1000;0;0;0;0;0
774494;1000;231;8;18;45;160
775009;1000;304;17;29;66;192
775514;1000;142;3;14;22;103
776010;1000;0;0;0;0;0
776512;1000;128;4;22;21;81
777017;1000;150;8;15;24;103
777520;1000;72;4;8;14;46
778021;1000;151;6;16;18;111
778524;1000;121;7;9;17;88
779027;1000;113;1;16;13;83
779534;1000;0;0;0;0;0
780044;1000;166;6;21;25;114
780547;1000;175;9;18;32;116
781062;1000;0;0;0;0;0
781568;1000;298;13;36;39;210
782074;1000;0;0;0;0;0
782589;1000;126;7;9;21;89
783096;1000;328;18;37;42;231
783598;1000;95;4;10;18;63
784108;1000;452;18;55;85;294
784608;1000;0;0;0;0;0
785124;1000;66;2;7;10;47
785627;1000;164;8;16;21;119
786133;1000;171;12;17;26;116
786634;1000;144;7;18;19;100
787147;1000;165;8;21;22;114
787649;1000;0;0;0;0;0
788167;1000;348;16;37;57;238
788668;1000;0;0;0;0;0
789171;1000;300;13;26;58;203
789684;1000;0;0;0;0;0
790186;1000;226;8;23;31;164
790691;1000;92;4;12;12;64
791205;1000;0;0;0;0;0
791706;1000;207;9;28;38;132
792207;1000;0;0;0;0;0
792721;1000;146;4;19;19;104
793223;1000;149;10;12;19;108
793736;1000;0;0;0;0;0
794237;1000;97;3;6;17;71
794738;1000;91;5;3;11;72
795252;1000;312;21;27;39;225
795753;1000;0;0;0;0;0
796258;1000;126;4;17;28;77
796764;1000;0;0;0;0;0
797280;1000;108;7;11;23;67
797782;1000;141;6;19;20;96
798287;1000;0;0;0;0;0
798793;1000;164;7;25;21;111
799292;1000;120;8;19;15;78
799793;1000;80;2;8;7;63
800299;1000;0;0;0;0;0
800801;1000;71;7;8;7;49
801307;1000;149;4;9;22;114
801810;1000;0;0;0;0;0
802318;1000;93;2;14;12;65
802827;1000;157;7;17;19;114
803333;1000;0;0;0;0;0
803839;1000;95;7;9;14;65
804343;1000;165;6;20;29;110
804847;1000;0;0;0;0;0
805350;1000;111;6;12;13;80
805852;1000;0;0;0;0;0
806358;1000;221;11;18;31;161
806865;1000;348;27;33;59;229
807371;1000;205;9;26;32;138
807874;1000;0;0;0;0;0
808380;1000;199;6;24;38;131
808882;1000;233;22;16;31;164
809388;1000;0;0;0;0;0
809892;1000;124;7;13;22;82
810402;1000;639;37;72;86;444
810911;1000;69;2;5;11;51
811411;1000;133;6;12;26;89
811913;1000;0;0;0;0;0
812429;1000;182;7;23;31;121
812935;1000;476;23;35;101;317
813438;1000;117;5;7;20;85
813938;1000;121;6;9;19;87
814439;1000;0;0;0;0;0
814945;1000;428;27;49;45;307
815448;1000;0;0;0;0;0
815961;1000;77;3;4;15;55
816476;1000;85;7;7;12;59
816980;1000;395;21;38;50;286
817485;1000;0;0;0;0;0
817992;1000;161;6;11;21;123
818492;1000;0;0;0;0;0
819005;1000;581;25;54;93;409
819518;1000;158;5;17;22;114
820018;1000;0;0;0;0;0
820520;1000;108;6;7;21;74
821034;1000;0;0;0;0;0
821539;1000;175;7;20;29;119
822041;1000;0;0;0;0;0
822549;1000;254;15;22;37;180
823056;1000;121;4;12;15;90
823558;1000;139;7;12;24;96
824067;1000;312;22;28;57;205
824569;1000;0;0;0;0;0
825077;1000;341;14;31;48;248
825592;1000;0;0;0;0;0
826103;1000;95;5;5;6;79
826611;1000;138;8;12;20;98
827112;1000;0;0;0;0;0
827617;1000;180;7;16;29;128
828120;1000;142;8;20;16;98
828625;1000;0;0;0;0;0
829130;1000;178;7;21;29;121
829638;1000;177;7;21;25;124
830144;1000;197;6;20;33;138
830649;1000;0;0;0;0;0
831152;1000;101;6;8;16;71
831656;1000;0;0;0;0;0
832157;1000;214;11;21;30;152
832672;1000;119;4;11;19;85
833172;1000;213;7;19;34;153
833682;1000;0;0;0;0;0
834186;1000;63;1;11;9;42
834686;1000;178;11;15;21;131
835187;1000;293;13;35;41;204
835689;1000;196;5;22;31;138
836193;1000;204;8;14;28;154
836695;1000;373;23;45;57;248
837196;1000;74;7;4;13;50
837697;1000;93;5;6;14;68
838201;1000;164;7;16;33;108
838706;1000;386;13;38;48;287
839211;1000;104;2;10;21;71
839726;1000;88;4;9;18;57
840226;1000;87;4;9;9;65
840731;1000;170;6;16;34;114
841230;1000;193;12;24;25;132
841744;1000;124;6;16;15;87
842255;1000;318;9;36;49;224
842759;1000;102;7;13;17;65
843263;1000;146;8;12;18;108
843770;1000;63;0;3;10;50
844277;1000;0;0;0;0;0
844777;1000;62;3;7;9;43
845280;1000;303;11;36;49;207
845792;1000;0;0;0;0;0
846292;1000;88;4;4;15;65
846792;1000;158;14;15;22;107
847295;1000;193;10;25;25;133
847796;1000;0;0;0;0;0
848310;1000;79;7;3;12;57
848823;1000;0;0;0;0;0
849340;1000;363;19;50;47;247
849851;1000;0;0;0;0;0
850352;1000;171;10;18;29;114
850868;1000;281;17;30;35;199
851369;1000;0;0;0;0;0
851884;1000;283;19;18;40;206
852386;1000;75;2;8;10;55
852901;1000;85;4;4;11;66
853402;1000;0;0;0;0;0
853909;1000;233;11;18;46;158
854412;1000;93;6;13;18;56
854920;1000;465;24;41;53;347
855420;1000;0;0;0;0;0
855922;1000;207;12;22;29;144
856423;1000;0;0;0;0;0
856925;1000;110;2;14;14;80
857433;1000;0;0;0;0;0
857938;1000;71;0;8;10;53
858441;1000;152;7;12;27;106
858951;1000;0;0;0;0;0
859456;1000;191;7;17;27;140
859961;1000;389;14;35;57;283
860460;1000;0;0;0;0;0
860967;1000;333;18;35;53;227
861467;1000;0;0;0;0;0
861972;1000;67;6;6;13;42
862478;1000;70;5;8;13;44
862987;1000;131;5;21;23;82
863495;1000;210;10;17;42;141
864004;1000;78;3;7;12;56
864512;1000;0;0;0;0;0
865019;1000;184;8;16;30;130
865525;1000;201;9;28;34;130
866032;1000;0;0;0;0;0
866534;1000;194;8;18;26;142
867047;1000;0;0;0;0;0
867549;1000;148;10;17;20;101
868061;1000;0;0;0;0;0
868576;1000;215;14;13;40;148
869084;1000;384;18;41;66;259
869586;1000;184;12;16;28;128
870093;1000;101;6;8;15;72
870597;1000;0;0;0;0;0
871104;1000;99;6;11;19;63
871610;1000;128;3;17;16;92
872116;1000;0;0;0;0;0
872620;1000;387;16;35;72;264
873119;1000;0;0;0;0;0
873619;1000;182;4;18;24;136
874125;1000;0;0;0;0;0
874630;1000;177;10;14;23;130
875134;1000;0;0;0;0;0
875636;1000;159;11;19;22;107
876137;1000;326;19;37;56;214
876638;1000;0;0;0;0;0
877140;1000;159;11;22;22;104
877647;1000;365;18;41;60;246
878148;1000;0;0;0;0;0
878652;1000;177;10;13;21;133
879156;1000;133;13;18;18;84
879659;1000;158;10;22;22;104
880164;1000;84;4;8;13;59
880667;1000;472;28;40;77;327
881166;1000;0;0;0;0;0
881666;1000;96;4;12;16;64
882183;1000;141;7;16;16;102
882683;1000;192;9;22;31;130
883197;1000;0;0;0;0;0
883697;1000;104;1;11;14;78
884202;1000;200;14;20;33;133
884706;1000;0;0;0;0;0
885208;1000;140;6;14;18;102
885710;1000;141;12;21;22;86
886213;1000;65;6;7;9;43
886716;1000;0;0;0;0;0
887217;1000;90;6;8;19;57
887724;1000;353;22;36;66;229
888231;1000;122;5;10;22;85
888735;1000;195;9;20;36;130
889244;1000;161;8;16;19;118
889749;1000;0;0;0;0;0
890256;1000;66;5;3;8;50
890764;1000;0;0;0;0;0
891272;1000;151;11;16;23;101
891783;1000;181;13;17;26;125
892286;1000;184;13;17;33;121
892787;1000;0;0;0;0;0
893291;1000;173;10;9;27;127
893795;1000;174;8;18;16;132
894308;1000;0;0;0;0;0
894817;1000;69;4;10;11;44
895320;1000;167;5;25;21;116
895835;1000;92;1;8;11;72
896350;1000;353;16;38;57;242
896851;1000;0;0;0;0;0
897353;1000;141;8;19;26;88
897864;1000;77;4;8;10;55
898367;1000;92;7;9;20;56
898883;1000;0;0;0;0;0
899384;1000;152;8;13;19;112
899892;1000;81;5;6;12;58
900395;1000;238;6;20;33;179
900899;1000;0;0;0;0;0
901398;1000;75;3;10;10;52
901901;1000;181;8;22;30;121
902400;1000;0;0;0;0;0
902907;1000;146;12;22;25;87
903408;1000;244;18;34;28;164
903921;1000;131;10;6;26;89
904427;1000;67;1;5;14;47
904931;1000;191;11;14;17;149
905443;1000;178;4;14;32;128
905958;1000;169;6;15;30;118
906472;1000;279;10;31;47;191
906973;1000;138;6;18;22;92
907476;1000;0;0;0;0;0
907978;1000;101;7;17;11;66
908485;1000;81;4;10;17;50
908993;1000;74;2;8;13;51
909497;1000;0;0;0;0;0
909997;1000;257;18;26;31;182
910497;1000;0;0;0;0;0
911012;1000;87;6;11;14;56
911513;1000;159;6;22;27;104
912015;1000;115;4;15;16;80
912516;1000;68;4;9;7;48
913020;1000;0;0;0;0;0
913522;1000;119;9;11;26;73
914035;1000;64;2;5;10;47
914546;1000;294;19;29;52;194
915050;1000;110;12;14;8;76
915550;1000;0;0;0;0;0
916052;1000;176;11;14;27;124
916565;1000;296;13;31;47;205
917078;1000;0;0;0;0;0
917579;1000;383;16;39;58;270
918080;1000;95;4;11;14;66
918579;1000;287;14;25;52;196
919094;1000;0;0;0;0;0
919597;1000;447;24;50;65;308
920105;1000;0;0;0;0;0
920610;1000;208;13;17;34;144
921114;1000;0;0;0;0;0
921623;1000;67;2;3;16;46
922128;1000;63;3;4;10;46
922635;1000;0;0;0;0;0
923142;1000;358;16;41;65;236
923643;1000;0;0;0;0;0
924149;1000;74;5;7;10;52
924656;1000;0;0;0;0;0
925167;1000;278;8;29;50;191
925676;1000;0;0;0;0;0
926181;1000;71;3;12;10;46
926696;1000;177;10;14;39;114
927213;1000;144;9;11;20;104
927713;1000;115;7;9;12;87
928219;1000;0;0;0;0;0
928729;1000;293;17;37;47;192
929236;1000;0;0;0;0;0
929737;1000;163;10;12;26;115
930242;1000;101;5;10;18;68
930750;1000;0;0;0;0;0
931259;1000;231;9;25;46;151
931772;1000;69;4;9;10;46
932279;1000;0;0;0;0;0
932795;1000;74;5;5;11;53
933298;1000;318;20;34;44;220
933808;1000;0;0;0;0;0
934321;1000;384;17;33;55;279
934825;1000;206;12;23;31;140
935330;1000;0;0;0;0;0
935839;1000;181;8;19;25;129
936346;1000;69;1;11;11;46
936857;1000;230;8;30;31;161
937364;1000;109;6;9;28;66
937879;1000;0;0;0;0;0
938387;1000;220;10;28;29;153
938890;1000;0;0;0;0;0
939400;1000;467;24;55;70;318
939901;1000;286;18;30;45;193
940409;1000;0;0;0;0;0
940921;1000;102;7;7;12;76
941435;1000;137;3;12;26;96
941942;1000;0;0;0;0;0
942448;1000;144;4;19;20;101
942950;1000;149;4;15;13;117
943464;1000;0;0;0;0;0
943975;1000;268;8;22;41;197
944485;1000;155;6;11;27;111
944997;1000;0;0;0;0;0
945508;1000;374;27;42;50;255
946016;1000;98;6;9;12;71
946531;1000;180;11;14;26;129
947036;1000;0;0;0;0;0
947538;1000;189;15;14;29;131
948044;1000;118;7;11;20;80
948559;1000;252;13;25;34;180
949061;1000;237;11;22;35;169
949577;1000;84;6;9;18;51
950078;1000;316;11;24;42;239
950582;1000;93;3;8;14;68
951084;1000;0;0;0;0;0
951592;1000;154;9;19;23;103
952098;1000;195;10;19;24;142
952612;1000;0;0;0;0;0
953128;1000;253;9;25;33;186
953627;1000;81;4;4;13;60
954129;1000;0;0;0;0;0
954635;1000;179;7;24;30;118
955146;1000;150;5;16;21;108
955652;1000;169;5;22;19;123
956155;1000;108;2;15;19;72
956659;1000;0;0;0;0;0
957164;1000;88;6;7;11;64
957669;1000;163;9;13;28;113
958173;1000;261;11;24;37;189
958673;1000;73;1;12;8;52
959176;1000;234;11;28;32;163
959676;1000;0;0;0;0;0
960184;1000;403;28;33;70;272
960692;1000;108;6;11;11;80
961201;1000;0;0;0;0;0
961708;1000;193;16;25;33;119
962213;1000;63;3;2;6;52
962729;1000;114;8;12;26;68
963243;1000;77;2;8;11;56
963758;1000;94;7;8;15;64
964260;1000;0;0;0;0;0
964765;1000;86;5;11;9;61
965271;1000;0;0;0;0;0
965774;1000;186;7;24;27;128
966279;1000;161;9;16;26;110
966778;1000;0;0;0;0;0
967293;1000;100;6;13;14;67
967796;1000;190;13;18;33;126
968304;1000;89;2;5;11;71
968807;1000;0;0;0;0;0
969313;1000;79;2;9;11;57
969818;1000;0;0;0;0;0
970321;1000;87;4;9;15;59
970825;1000;182;9;19;23;131
971329;1000;444;21;42;64;317
971840;1000;0;0;0;0;0
972347;1000;87;1;5;16;65
972848;1000;140;5;15;20;100
973351;1000;180;13;16;24;127
973852;1000;87;1;8;13;65
974356;1000;103;2;15;17;69
974856;1000;0;0;0;0;0
975360;1000;123;3;19;27;74
975864;1000;172;8;20;30;114
976379;1000;0;0;0;0;0
976884;1000;143;10;8;19;106
977387;1000;0;0;0;0;0
977898;1000;76;4;4;9;59
978401;1000;129;5;16;20;88
978907;1000;280;14;32;57;177
979413;1000;0;0;0;0;0
979928;1000;81;4;8;11;58
980433;1000;332;13;37;48;234
980945;1000;190;4;25;24;137
981455;1000;354;12;42;55;245
981955;1000;124;4;12;22;86
982461;1000;0;0;0;0;0
982962;1000;182;2;19;23;138
983467;1000;358;24;41;57;236
983969;1000;0;0;0;0;0
984476;1000;197;10;24;29;134
984975;1000;0;0;0;0;0
985491;1000;162;7;24;22;109
986005;1000;0;0;0;0;0
986507;1000;76;4;4;9;59
987008;1000;605;33;57;80;435
987522;1000;132;6;12;20;94
988023;1000;195;7;12;21;155
988523;1000;0;0;0;0;0
989038;1000;125;9;5;17;94
989551;1000;172;15;14;24;119
990049;1000;0;0;0;0;0
990555;1000;343;15;35;63;230
991062;1000;379;10;32;56;281
991562;1000;0;0;0;0;0
992071;1000;303;13;25;46;219
992573;1000;154;10;16;23;105
993080;1000;255;10;25;38;182
993587;1000;129;5;9;21;94
994087;1000;0;0;0;0;0
994590;1000;237;12;23;35;167
995105;1000;120;2;13;23;82
995610;1000;0;0;0;0;0
996115;1000;86;4;7;12;63
996622;1000;0;0;0;0;0
997131;1000;360;20;43;49;248
997633;1000;170;9;16;17;128
998138;1000;429;30;35;64;300
998650;1000;181;5;18;23;135
999151;1000;0;0;0;0;0
999651;1000;184;8;13;28;135
1000155;1000;359;22;36;51;250
1000654;1000;189;9;13;34;133
1001153;1000;0;0;0;0;0
1001657;1000;111;3;10;22;76
1002158;1000;0;0;0;0;0
1002659;1000;362;20;26;50;266
1003158;1000;0;0;0;0;0
1003669;1000;128;7;17;27;77
1004169;1000;0;0;0;0;0
1004686;1000;181;11;13;28;129
1005185;1000;189;12;15;27;135
1005701;1000;152;9;22;20;101
1006201;1000;121;8;14;10;89
1006707;1000;0;0;0;0;0
1007209;1000;226;11;24;31;160
1007711;1000;121;6;13;20;82
1008210;1000;0;0;0;0;0
1008717;1000;88;5;8;14;61
1009218;1000;0;0;0;0;0
1009727;1000;310;13;22;52;223
1010227;1000;0;0;0;0;0
1010730;1000;348;13;39;56;240
1011230;1000;0;0;0;0;0
1011736;1000;603;27;69;80;427
1012236;1000;914;48;110;137;619
1012744;1000;488;26;60;80;322
1013245;1000;559;27;55;82;395
1013746;1000;0;0;0;0;0
1014248;1000;910;40;95;147;628
1014756;1000;707;27;91;95;494
1015259;1000;850;43;83;124;600
1015769;1000;949;44;82;145;678
1016269;1000;0;0;0;0;0
1016784;1000;871;38;102;134;597
1017289;1000;326;18;30;55;223
1017792;1000;0;0;0;0;0
1018297;1000;806;34;84;117;571
1018812;1000;871;35;85;113;638
1019315;1000;0;0;0;0;0
1019822;1000;1000;45;103;168;684
1020326;1000;936;40;105;140;651
1020839;1000;725;25;72;112;516
1021339;1000;0;0;0;0;0
1021842;1000;753;33;73;111;536
1022343;1000;0;0;0;0;0
1022853;1000;520;23;47;67;383
1023363;1000;969;57;91;155;666
1023867;1000;920;52;88;134;646
1024374;1000;828;40;77;143;568
1024874;1000;377;16;38;64;259
1025378;1000;1000;48;88;158;706
1025890;1000;57;3;8;8;38
1026392;1000;1000;46;102;162;690
1026894;1000;1000;48;87;159;706
1027407;1000;1000;45;98;170;687
1027921;1000;884;46;93;141;604
1028421;1000;994;52;89;130;723
1028924;1000;466;32;52;67;315
1029440;1000;824;39;75;119;591
1029941;1000;0;0;0;0;0
1030445;1000;638;26;62;76;474
1030955;1000;1000;50;99;149;702
1031469;1000;1000;48;95;169;688
1031971;1000;1000;69;101;156;674
1032474;1000;496;32;46;66;352
1032990;1000;964;46;96;140;682
1033490;1000;0;0;0;0;0
1033993;1000;695;43;78;99;475
1034494;1000;0;0;0;0;0
1034999;1000;886;43;97;144;602
1035503;1000;0;0;0;0;0
1036009;1000;382;21;28;69;264
1036512;1000;726;30;60;124;512
1037014;1000;0;0;0;0;0
1037530;1000;817;35;69;158;555
1038030;1000;400;19;42;58;281
1038534;1000;701;18;68;99;516
1039040;1000;318;21;35;50;212
1039549;1000;0;0;0;0;0
1040051;1000;350;21;36;42;251
1040558;1000;571;34;57;89;391
1041058;1000;0;0;0;0;0
1041573;1000;907;50;82;145;630
1042072;1000;0;0;0;0;0
1042580;1000;539;24;53;75;387
1043089;1000;0;0;0;0;0
1043592;1000;434;24;42;56;312
1044093;1000;629;39;75;97;418
1044594;1000;0;0;0;0;0
1045102;1000;1000;34;100;152;714
1045615;1000;1000;55;99;165;681
1046119;1000;1000;47;97;156;700
1046625;1000;926;34;79;126;687
1047133;1000;1000;51;93;136;720
1047638;1000;17;1;2;5;9
1048146;1000;821;37;76;124;584
1048647;1000;1000;54;78;157;711
1049152;1000;1000;57;99;153;691
1049668;1000;1000;43;108;155;694
1050175;1000;1000;45;85;163;707
1050680;1000;383;22;44;54;263
1051186;1000;462;19;48;60;335
1051692;1000;589;42;55;80;412
1052197;1000;948;40;81;143;684
1052706;1000;661;34;77;94;456
1053222;1000;1000;58;95;150;697
1053735;1000;146;8;10;32;96
1054242;1000;588;23;67;82;416
1054743;1000;765;38;93;105;529
1055249;1000;1000;46;103;157;694
1055759;1000;1000;56;96;141;707
1056261;1000;1000;48;92;142;718
1056769;1000;1000;53;101;151;695
1057275;1000;1000;54;98;151;697
1057782;1000;677;50;69;102;456
1058288;1000;1000;42;104;149;705
1058788;1000;750;39;73;121;517
1059290;1000;0;0;0;0;0
1059795;1000;618;24;64;73;457
1060295;1000;959;45;92;134;688
1060800;1000;1000;47;99;149;705
1061297;1000;269;14;20;33;202
1061800;1000;563;33;44;70;416
1062302;1000;505;35;40;90;340
1062804;1000;0;0;0;0;0
1063312;1000;639;27;68;94;450
1063816;1000;692;41;63;102;486
1064321;1000;0;0;0;0;0
1064827;1000;827;38;75;145;569
1065326;1000;0;0;0;0;0
1065830;1000;841;36;90;107;608
1066334;1000;450;22;39;72;317
1066840;1000;451;24;39;77;311
1067339;1000;0;0;0;0;0
1067844;1000;872;49;90;128;605
1068349;1000;1000;55;100;159;686
1068851;1000;882;62;82;137;601
1069350;1000;1000;42;102;148;708
1069854;1000;975;53;103;147;672
1070356;1000;365;20;31;49;265
1070860;1000;752;37;79;96;540
1071362;1000;694;25;61;112;496
1071872;1000;553;21;71;86;375
1072376;1000;928;43;97;120;668
1072889;1000;0;0;0;0;0
1073404;1000;366;14;36;58;258
1073905;1000;675;28;60;104;483
1074406;1000;828;35;84;131;578
1074907;1000;0;0;0;0;0
1075414;1000;873;46;94;126;607
1075919;1000;738;32;69;112;525
1076425;1000;0;0;0;0;0
1076933;1000;724;35;75;125;489
1077434;1000;633;46;64;93;430
1077935;1000;998;43;93;157;705
1078442;1000;608;31;58;86;433
1078950;1000;332;12;28;54;238
1079453;1000;0;0;0;0;0
1079959;1000;599;37;65;95;402
1080459;1000;0;0;0;0;0
1080963;1000;940;57;95;153;635
1081475;1000;0;0;0;0;0
1081982;1000;1000;50;99;156;695
1082489;1000;1000;45;92;168;695
1082992;1000;908;37;90;132;649
1083506;1000;1000;56;98;151;695
1083993;1000;553;27;61;89;376
1084497;1000;1000;56;97;150;697
1085004;1000;982;46;91;158;687
1085507;1000;866;41;91;134;600
1086007;1000;0;0;0;0;0
1086510;1000;642;37;56;94;455
1087014;1000;643;26;62;118;437
1087517;1000;0;0;0;0;0
1088033;1000;650;29;68;101;452
1088536;1000;979;65;96;152;666
1089039;1000;534;25;56;92;361
1089540;1000;1000;47;110;137;706
1090042;1000;1000;63;110;160;667
1090553;1000;1000;55;74;163;708
1091054;1000;722;33;71;111;507
1091555;1000;923;41;92;149;641
1092059;1000;758;35;69;111;543
1092559;1000;0;0;0;0;0
1093063;1000;977;39;109;157;672
1093574;1000;723;37;69;111;506
1094074;1000;341;16;35;42;248
1094587;1000;0;0;0;0;0
1095095;1000;1000;44;104;155;697
1095596;1000;221;11;20;34;156
1096103;1000;839;42;99;117;581
1096603;1000;555;40;46;87;382
1097103;1000;0;0;0;0;0
1097605;1000;342;26;30;43;243
1098112;1000;836;45;84;113;594
1098622;1000;323;22;38;47;216
1099129;1000;0;0;0;0;0
1099634;1000;525;38;47;84;356
1100145;1000;550;26;46;96;382
1100645;1000;0;0;0;0;0
1101155;1000;776;43;86;97;550
1101655;1000;1000;49;105;155;691
1102170;1000;1000;51;109;159;681
1102682;1000;1000;51;91;157;701
1103189;1000;669;27;78;84;480
1103692;1000;693;37;63;92;501
1104195;1000;0;0;0;0;0
1104697;1000;1000;50;96;138;716
1105204;1000;1000;41;100;152;707
1105705;1000;1000;52;78;153;717
1106212;1000;1000;57;104;154;685
1106713;1000;1000;56;94;141;709
1107215;1000;1000;48;107;164;681
1107721;1000;829;42;88;125;574
1108231;1000;831;44;88;127;572
1108733;1000;721;37;83;108;493
1109239;1000;693;50;80;106;457
1109756;1000;655;25;52;82;496
1110259;1000;652;29;61;92;470
1110769;1000;697;34;83;114;466
1111280;1000;1000;56;96;133;715
1111794;1000;1000;53;113;132;702
1112309;1000;843;48;74;110;611
1112815;1000;515;32;52;74;357
1113317;1000;784;33;83;104;564
1113827;1000;1000;50;105;137;708
1114334;1000;601;37;49;81;434
1114835;1000;992;53;98;152;689
1115350;1000;962;39;96;139;688
1115864;1000;1000;48;92;157;703
1116377;1000;338;19;31;56;232
1116881;1000;1000;70;104;155;671
1117384;1000;581;32;54;92;403
1117891;1000;958;47;104;126;681
1118397;1000;1000;61;102;148;689
1118903;1000;1000;54;110;146;690
1119405;1000;1000;49;88;171;692
1119913;1000;1000;47;109;152;692
1120418;1000;886;44;80;125;637
1120922;1000;409;23;43;52;291
1121425;1000;1000;61;96;158;685
1121924;1000;680;33;70;103;474
1122439;1000;0;0;0;0;0
1122952;1000;703;36;56;113;498
1123457;1000;990;48;97;150;695
1123972;1000;550;25;57;75;393
1124477;1000;336;19;28;48;241
1124978;1000;0;0;0;0;0
1125481;1000;502;33;57;61;351
1125984;1000;0;0;0;0;0
1126500;1000;674;38;64;107;465
1127000;1000;0;0;0;0;0
1127505;1000;411;24;41;64;282
1128009;1000;649;26;60;115;448
1128513;1000;1000;49;104;158;689
1129015;1000;147;9;14;15;109
1129516;1000;1000;55;96;141;708
1130019;1000;701;35;64;112;490
1130534;1000;702;40;62;90;510
1131037;1000;1000;57;88;177;678
1131549;1000;58;4;8;14;32
1132052;1000;1000;47;102;155;696
1132558;1000;1000;48;78;159;715
1133062;1000;527;20;43;80;384
1133565;1000;0;0;0;0;0
1134068;1000;1000;43;85;153;719
1134572;1000;903;31;95;149;628
1135075;1000;566;30;59;85;392
1135577;1000;0;0;0;0;0
1136093;1000;637;28;64;106;439
1136610;1000;1000;65;101;145;689
1137110;1000;1000;51;106;148;695
1137611;1000;1000;43;106;139;712
1138111;1000;665;33;52;92;488
1138621;1000;898;44;110;144;600
1139124;1000;431;24;39;63;305
1139627;1000;0;0;0;0;0
1140130;1000;1000;51;109;157;683
1140637;1000;1000;47;109;171;673
1141139;1000;762;27;71;118;546
1141644;1000;903;57;84;152;610
1142150;1000;986;54;87;155;690
1142652;1000;779;41;81;112;545
1143157;1000;965;48;103;160;654
1143657;1000;596;29;48;82;437
1144157;1000;508;23;50;61;374
1144661;1000;661;30;62;114;455
1145164;1000;0;0;0;0;0
1145680;1000;604;46;68;88;402
1146193;1000;813;35;78;121;579
1146695;1000;0;0;0;0;0
1147199;1000;559;36;54;96;373
1147704;1000;0;0;0;0;0
1148208;1000;1000;45;119;143;693
1148711;1000;397;27;39;50;281
1149219;1000;673;35;66;103;469
1149718;1000;662;40;75;88;459
1150223;1000;982;43;100;155;684
1150737;1000;324;19;31;53;221
1151240;1000;787;39;87;123;538
1151756;1000;842;39;87;127;589
1152259;1000;1000;49;96;131;724
1152772;1000;1000;38;96;125;741
1153273;1000;1000;47;103;133;717
1153788;1000;369;16;30;72;251
1154291;1000;834;35;70;135;594
1154803;1000;0;0;0;0;0
1155304;1000;743;29;81;104;529
1155805;1000;411;17;35;58;301
1156307;1000;972;50;106;148;668
1156813;1000;890;46;78;128;638
1157313;1000;1000;51;74;171;704
1157824;1000;1000;47;104;143;706
1158327;1000;1000;53;112;130;705
1158838;1000;836;56;84;127;569
1159338;1000;969;51;85;146;687
1159848;1000;403;17;43;52;291
1160354;1000;976;43;80;147;706
1160856;1000;468;23;50;80;315
1161358;1000;748;38;78;130;502
1161858;1000;385;20;34;56;275
1162359;1000;0;0;0;0;0
1162870;1000;329;22;30;59;218
1163373;1000;351;23;34;58;236
1163887;1000;0;0;0;0;0
1164403;1000;754;30;59;120;545
1164908;1000;512;27;49;82;354
1165411;1000;995;49;99;148;699
1165913;1000;774;53;70;115;536
1166415;1000;0;0;0;0;0
1166917;1000;477;23;48;76;330
1167418;1000;0;0;0;0;0
1167920;1000;773;31;86;117;539
1168421;1000;352;18;33;60;241
1168937;1000;529;26;51;87;365
1169437;1000;1000;55;94;157;694
1169938;1000;335;21;24;44;246
1170442;1000;968;56;94;148;670
1170941;1000;1000;54;88;139;719
1171444;1000;550;26;64;88;372
1171942;1000;670;27;64;107;472
1172446;1000;0;0;0;0;0
1172952;1000;1000;47;99;177;677
1173466;1000;265;18;32;46;169
1173980;1000;753;36;93;104;520
1174488;1000;426;25;34;68;299
1174983;1000;749;32;80;125;512
1175484;1000;1000;47;88;142;723
1175995;1000;1000;59;112;150;679
1176505;1000;1000;60;104;166;670
1177012;1000;526;25;42;72;387
1177545;1000;0;0;0;0;0
1178046;1000;0;0;0;0;0
1178546;1000;0;0;0;0;0
1179048;1000;0;0;0;0;0
1179555;1000;0;0;0;0;0
1180059;1000;0;0;0;0;0
1180566;1000;0;0;0;0;0
1181069;1000;0;0;0;0;0
1181577;1000;0;0;0;0;0
1182077;1000;0;0;0;0;0
1182579;1000;0;0;0;0;0
1183082;1000;0;0;0;0;0
1183597;1000;0;0;0;0;0
1184102;1000;0;0;0;0;0
1184617;1000;0;0;0;0;0
1185123;1000;0;0;0;0;0
1185627;1000;0;0;0;0;0
1186131;1000;0;0;0;0;0
1186642;1000;0;0;0;0;0
1187155;1000;0;0;0;0;0
1187656;1000;0;0;0;0;0
1188163;1000;0;0;0;0;0
1188664;1000;0;0;0;0;0
1189178;1000;0;0;0;0;0
1189678;1000;0;0;0;0;0
1190189;1000;0;0;0;0;0
1190690;1000;0;0;0;0;0
1191196;1000;0;0;0;0;0
1191700;1000;0;0;0;0;0
1192205;1000;0;0;0;0;0
1192709;1000;0;0;0;0;0
1193224;1000;0;0;0;0;0
1193731;1000;0;0;0;0;0
1194237;1000;0;0;0;0;0
1194743;1000;0;0;0;0;0
1195244;1000;0;0;0;0;0
1195748;1000;0;0;0;0;0
1196250;1000;0;0;0;0;0
1196754;1000;0;0;0;0;0
1197255;1000;0;0;0;0;0
1197761;1000;0;0;0;0;0
1198264;1000;0;0;0;0;0
1198769;1000;0;0;0;0;0
1199285;1000;0;0;0;0;0
1199788;1000;0;0;0;0;0
1200290;1000;0;0;0;0;0
1200795;1000;0;0;0;0;0
1201302;1000;0;0;0;0;0
1201806;1000;0;0;0;0;0
1202309;1000;0;0;0;0;0
1202814;1000;0;0;0;0;0
1203315;1000;0;0;0;0;0
1203830;1000;0;0;0;0;0
1204332;1000;0;0;0;0;0
1204833;1000;0;0;0;0;0
1205347;1000;0;0;0;0;0
1205852;1000;0;0;0;0;0
1206352;1000;0;0;0;0;0
1206855;1000;0;0;0;0;0
1207370;1000;0;0;0;0;0
1207872;1000;0;0;0;0;0
1208388;1000;0;0;0;0;0
1208899;1000;0;0;0;0;0
1209399;1000;0;0;0;0;0
1209914;1000;0;0;0;0;0
1210415;1000;0;0;0;0;0
1210930;1000;0;0;0;0;0
1211436;1000;0;0;0;0;0
1211947;1000;0;0;0;0;0
1212460;1000;0;0;0;0;0
1212960;1000;0;0;0;0;0
1213475;1000;0;0;0;0;0
1213977;1000;0;0;0;0;0
1214483;1000;0;0;0;0;0
1214992;1000;0;0;0;0;0
1215505;1000;0;0;0;0;0
1216018;1000;0;0;0;0;0
1216528;1000;0;0;0;0;0
1217042;1000;0;0;0;0;0
1217552;1000;0;0;0;0;0
1218057;1000;0;0;0;0;0
1218563;1000;0;0;0;0;0
1219062;1000;0;0;0;0;0
1219578;1000;0;0;0;0;0
1220088;1000;0;0;0;0;0
1220592;1000;0;0;0;0;0
1221094;1000;0;0;0;0;0
1221601;1000;0;0;0;0;0
1222107;1000;0;0;0;0;0
1222610;1000;0;0;0;0;0
1223112;1000;0;0;0;0;0
1223613;1000;0;0;0;0;0
1224115;1000;0;0;0;0;0
1224621;1000;0;0;0;0;0
1225128;1000;0;0;0;0;0
1225630;1000;0;0;0;0;0
1226134;1000;0;0;0;0;0
1226636;1000;0;0;0;0;0
1227150;1000;0;0;0;0;0
1227656;1000;0;0;0;0;0
1228162;1000;0;0;0;0;0
1228669;1000;0;0;0;0;0
1229175;1000;0;0;0;0;0
1229678;1000;0;0;0;0;0
1230193;1000;0;0;0;0;0
1230693;1000;0;0;0;0;0
1231197;1000;0;0;0;0;0
1231702;1000;0;0;0;0;0
1232205;1000;0;0;0;0;0
1232706;1000;0;0;0;0;0
1233207;1000;0;0;0;0;0
1233711;1000;0;0;0;0;0
1234213;1000;0;0;0;0;0
1234726;1000;0;0;0;0;0
1235229;1000;0;0;0;0;0
1235745;1000;0;0;0;0;0
1236248;1000;0;0;0;0;0
1236761;1000;0;0;0;0;0
1237272;1000;0;0;0;0;0
1237776;1000;0;0;0;0;0
1238290;1000;0;0;0;0;0
1238795;1000;0;0;0;0;0
1239295;1000;0;0;0;0;0
1239802;1000;0;0;0;0;0
1240316;1000;0;0;0;0;0
1240830;1000;0;0;0;0;0
1241331;1000;0;0;0;0;0
1241835;1000;0;0;0;0;0
1242339;1000;0;0;0;0;0
1242848;1000;0;0;0;0;0
1243361;1000;0;0;0;0;0
1243864;1000;0;0;0;0;0
1244379;1000;0;0;0;0;0
1244894;1000;0;0;0;0;0
1245397;1000;0;0;0;0;0
1245912;1000;0;0;0;0;0
1246426;1000;0;0;0;0;0
1246926;1000;0;0;0;0;0
1247434;1000;0;0;0;0;0
1247934;1000;0;0;0;0;0
1248446;1000;0;0;0;0;0
1248946;1000;0;0;0;0;0
1249452;1000;0;0;0;0;0
1249954;1000;0;0;0;0;0
1250459;1000;0;0;0;0;0
1250959;1000;0;0;0;0;0
1251460;1000;0;0;0;0;0
1251962;1000;0;0;0;0;0
1252461;1000;0;0;0;0;0
1252968;1000;0;0;0;0;0
1253474;1000;0;0;0;0;0
1253974;1000;0;0;0;0;0
1254475;1000;0;0;0;0;0
1254982;1000;0;0;0;0;0
1255494;1000;0;0;0;0;0
1255996;1000;0;0;0;0;0
1256502;1000;0;0;0;0;0
1257001;1000;0;0;0;0;0
1257515;1000;0;0;0;0;0
1258015;1000;0;0;0;0;0
1258520;1000;0;0;0;0;0
1259020;1000;0;0;0;0;0
1259534;1000;0;0;0;0;0
1260049;1000;0;0;0;0;0
1260552;1000;0;0;0;0;0
1261053;1000;0;0;0;0;0
1261558;1000;0;0;0;0;0
1262066;1000;0;0;0;0;0
1262570;1000;0;0;0;0;0
1263083;1000;0;0;0;0;0
1263600;1000;0;0;0;0;0
1264102;1000;0;0;0;0;0
1264619;1000;0;0;0;0;0
1265123;1000;0;0;0;0;0
1265624;1000;0;0;0;0;0
1266138;1000;0;0;0;0;0
1266643;1000;0;0;0;0;0
1267146;1000;0;0;0;0;0
1267662;1000;0;0;0;0;0
1268174;1000;0;0;0;0;0
1268674;1000;0;0;0;0;0
1269191;1000;0;0;0;0;0
1269702;1000;0;0;0;0;0
1270203;1000;0;0;0;0;0
1270717;1000;0;0;0;0;0
1271216;1000;0;0;0;0;0
1271721;1000;0;0;0;0;0
1272234;1000;0;0;0;0;0
1272746;1000;0;0;0;0;0
1273248;1000;0;0;0;0;0
1273751;1000;0;0;0;0;0
1274259;1000;0;0;0;0;0
1274766;1000;0;0;0;0;0
1275270;1000;0;0;0;0;0
1275774;1000;0;0;0;0;0
1276277;1000;0;0;0;0;0
1276793;1000;0;0;0;0;0
