Timestamp; Cola 1 expriados; Cola 1 quedan; Cola 2 expirados; Cola 2 quedan; Cola 3 expriados; Cola 3 quedan; Cola 4 expirados; Cola 4 quedan; Total Expirados; Cola Expirados
1027;0;50;0;99;0;134;0;717;0;0
2034;0;0;0;0;0;0;0;2000;0;0
3039;0;0;0;0;0;0;0;2029;0;0
4053;0;0;0;0;0;0;0;1937;0;0
5054;0;0;0;0;0;0;0;1834;0;0
6064;0;0;0;0;0;0;0;1521;0;0
7078;0;0;0;0;0;0;0;2521;0;0
8093;0;13;0;0;0;0;0;2862;0;0
9094;0;27;0;0;0;0;0;2635;0;0
10101;0;43;0;0;0;0;0;2619;0;0
11105;0;34;0;75;0;0;0;3213;0;0
12120;0;48;0;102;0;135;0;3885;0;0
13121;0;41;0;98;0;144;0;4780;0;0
14122;0;15;0;39;0;65;0;5292;0;0
15133;0;0;0;0;0;0;0;5199;0;0
16132;0;0;0;0;0;0;0;5087;0;0
17135;0;56;0;98;0;152;0;5781;0;0
18150;0;51;0;116;0;142;0;6778;0;0
19163;0;0;0;0;0;0;0;6811;0;0
20163;0;0;0;0;0;0;0;6191;0;0
21174;0;37;0;73;0;109;0;6737;0;0
22180;0;0;0;0;0;0;0;6849;0;0
23188;0;49;0;94;0;159;0;6959;0;0
24189;0;30;0;85;0;87;0;7347;0;0
25191;0;51;0;99;0;155;0;7883;0;0
26207;0;43;0;97;0;132;0;8799;0;0
27218;0;0;0;0;0;0;0;8430;0;0
28231;0;0;0;0;0;0;0;8375;0;0
29242;0;23;0;39;0;72;0;8518;0;0
30247;0;21;0;50;0;100;0;8007;0;0
31257;0;27;0;32;0;40;0;7398;0;0
32265;0;0;0;0;0;0;0;6857;0;0
33279;0;41;0;95;0;146;0;7013;0;0
34293;0;45;0;97;0;165;0;6988;0;0
35294;0;49;0;95;0;144;0;7056;0;0
36303;0;38;0;100;0;138;0;7265;0;0
37312;0;46;0;75;0;133;0;7383;0;0
38317;0;55;0;95;0;162;0;8325;0;0
39321;0;36;0;88;0;128;0;8676;0;0
40322;0;34;0;93;0;111;0;9155;0;0
41323;0;46;0;97;0;159;0;10091;0;0
42325;0;47;0;105;0;144;0;10889;0;0
43332;0;17;0;31;0;44;0;10852;0;0
44335;0;7;0;20;0;34;0;11065;0;0
45345;0;53;0;106;0;141;0;11556;0;0
46352;0;28;0;41;0;63;0;11438;0;0
47366;0;28;0;41;0;77;0;10895;0;0
48370;0;54;0;95;0;147;0;10745;0;0
49375;0;25;0;69;0;110;0;10979;0;0
50388;0;60;0;98;0;149;0;11876;0;0
51392;0;65;0;124;0;140;0;12854;0;0
52395;0;57;0;104;0;158;0;13864;0;0
53395;0;42;0;75;0;117;0;13936;0;0
54411;0;0;0;0;0;0;0;13631;0;0
55412;0;6;0;31;0;61;0;13846;0;0
56427;0;6;0;16;0;34;0;14070;0;0
57427;0;24;0;45;0;62;0;13769;0;0
58437;0;48;0;81;0;120;0;13886;0;0
59450;0;0;0;0;0;0;0;14131;0;0
60461;0;42;0;76;0;123;0;14558;0;0
61470;0;22;0;32;0;51;0;14113;0;0
62476;0;25;0;33;0;79;0;13540;0;0
63479;0;27;0;56;0;103;0;13150;0;0
64484;0;47;0;107;0;156;0;13400;0;0
65491;0;33;0;50;0;63;0;13705;0;0
66499;0;10;0;38;0;67;0;13152;0;0
67504;0;0;0;0;0;0;0;12688;0;0
68512;0;50;0;110;0;139;0;13307;0;0
69525;0;53;0;114;0;154;0;14285;0;0
70540;0;24;0;68;0;106;0;15062;0;0
71559;0;36;0;77;0;139;309;15336;309;309
72557;0;14;0;38;0;54;218;14634;218;527
73561;0;68;0;88;0;149;171;14971;171;698
74580;0;5;0;7;0;11;512;14853;512;1210
75562;0;46;0;100;0;162;0;15272;0;1210
76575;0;0;0;0;0;0;0;15027;0;1210
77581;0;0;0;0;0;0;0;14793;0;1210
78581;0;39;0;79;0;133;0;14944;0;1210
79588;0;21;0;45;0;71;0;14536;0;1210
80590;0;58;0;97;0;150;0;15368;0;1210
81590;0;42;0;97;0;150;0;16384;0;1210
82592;0;39;0;63;0;84;0;17148;0;1210
83607;0;44;0;71;0;122;0;17303;0;1210
84630;0;18;0;51;0;79;283;17101;283;1493
85625;0;29;0;48;0;93;0;16989;0;1493
86632;0;21;0;47;0;54;0;16464;0;1493
87637;0;29;0;54;0;92;0;16568;0;1493
88670;0;43;0;90;0;165;585;15860;585;2078
89677;0;52;0;107;0;130;525;15750;525;2603
90672;0;29;0;76;0;93;57;16160;57;2660
91668;0;39;0;71;0;119;0;15812;0;2660
92672;0;39;0;92;0;152;0;15619;0;2660
93707;0;0;0;0;0;0;508;15231;508;3168
94690;0;26;0;40;0;55;0;15023;0;3168
95700;0;0;0;0;0;0;189;14895;189;3357
96704;0;48;0;92;0;116;20;15326;20;3377
97706;0;41;0;112;0;136;0;16293;0;3377
98713;0;55;0;112;0;159;67;17085;67;3444
99708;0;0;0;0;0;0;0;17329;0;3444
100788;0;0;0;0;0;0;1932;15160;1932;5376
101717;0;0;0;0;0;0;0;14671;0;5376
102718;0;0;0;0;0;0;0;15441;0;5376
103748;0;0;0;0;0;0;385;16056;385;5761
104741;0;0;0;0;0;0;79;15560;79;5840
105741;0;0;0;0;0;0;0;15469;0;5840
106745;0;0;0;0;0;0;0;16101;0;5840
107749;0;0;0;0;0;0;0;16643;0;5840
108758;0;0;0;0;0;0;18;16609;18;5858
109800;0;0;0;0;0;0;754;16641;754;6612
110776;0;0;0;0;0;0;0;17346;0;6612
111784;0;0;0;0;0;0;0;17919;0;6612
112797;0;0;0;0;0;0;48;17611;48;6660
113799;0;0;0;0;0;0;0;18611;0;6660
114801;0;0;0;0;0;0;0;18510;0;6660
115832;0;0;0;0;0;0;514;18871;514;7174
116826;0;0;0;0;0;0;360;18225;360;7534
117837;0;8;0;0;0;0;627;17807;627;8161
118852;0;47;0;0;0;0;759;17902;759;8920
119823;0;0;0;0;0;0;0;17276;0;8920
120828;0;0;0;0;0;0;0;17274;0;8920
121830;0;55;0;103;0;149;0;17967;0;8920
122894;0;19;0;60;0;0;1203;16866;1203;10123
123845;0;48;0;119;0;154;0;17098;0;10123
124846;0;31;0;87;0;121;0;17286;0;10123
125859;0;44;0;93;0;137;0;17850;0;10123
126884;0;0;0;0;0;0;435;17431;435;10558
127876;0;0;0;0;0;0;0;17379;0;10558
128895;0;47;0;85;0;125;359;17583;359;10917
129902;0;22;0;41;0;55;467;16635;467;11384
130930;0;43;0;86;0;136;810;15852;810;12194
131911;0;42;0;91;0;135;0;16332;0;12194
132949;0;0;0;0;0;0;651;15526;651;12845
133932;0;27;0;33;0;77;40;15698;40;12885
134958;0;47;0;84;0;147;733;15799;733;13618
135944;0;46;0;104;0;152;13;16535;13;13631
136947;0;0;0;0;0;0;65;16250;65;13696
137961;0;32;0;50;0;81;26;16103;26;13722
138979;0;0;0;0;0;0;376;15886;376;14098
139979;0;52;0;123;0;149;0;16114;0;14098
141004;0;20;0;54;0;88;318;15909;318;14416
141996;0;43;0;90;0;152;61;16673;61;14477
143004;0;48;0;104;0;150;120;16897;120;14597
144020;0;57;0;93;0;156;247;16895;247;14844
145054;0;58;0;86;0;133;710;17214;710;15554
146058;0;30;0;79;0;101;514;16939;514;16068
147052;0;38;0;67;0;96;131;17521;131;16199
148059;0;43;0;82;0;118;0;17260;0;16199
149068;0;52;0;76;0;180;0;18195;0;16199
150082;0;55;0;92;0;170;0;19186;0;16199
151107;0;56;0;101;0;159;519;19011;519;16718
152124;0;53;0;96;0;150;645;19383;645;17363
153118;0;49;0;89;0;156;217;20171;217;17580
154141;0;49;0;94;0;141;552;20282;552;18132
155156;0;42;0;103;0;149;555;19907;555;18687
156153;0;51;0;99;0;170;494;20076;494;19181
157141;0;33;0;104;0;159;0;20741;0;19181
158150;0;47;0;107;0;146;0;21737;0;19181
159188;0;51;0;107;0;150;581;22148;581;19762
160189;0;34;0;91;0;133;576;22379;576;20338
161182;0;29;0;77;0;109;288;21953;288;20626
162186;0;55;0;99;0;166;173;21675;173;20799
163208;0;40;0;96;0;139;473;22247;473;21272
164206;0;47;0;108;0;145;403;22819;403;21675
165254;0;48;0;93;0;162;1223;22593;1223;22898
166194;0;0;0;0;0;0;113;22783;113;23011
167241;0;0;0;0;0;0;830;22953;830;23841
168199;0;0;0;0;0;0;0;22822;0;23841
169266;0;0;0;0;0;0;1205;21169;1205;25046
170232;0;0;0;0;0;0;297;21635;297;25343
171322;0;0;0;0;0;0;1813;19796;1813;27156
172247;0;0;0;0;0;0;227;20569;227;27383
173265;0;0;0;0;0;0;326;21205;326;27709
174263;0;0;0;0;0;0;76;20931;76;27785
175286;0;0;0;0;0;0;442;20296;442;28227
176267;0;0;0;0;0;0;0;20226;0;28227
177319;0;0;0;0;0;0;883;19956;883;29110
178345;0;0;0;0;0;0;1233;19479;1233;30343
179314;0;0;0;0;0;0;578;19532;578;30921
180300;0;0;0;0;0;0;227;19386;227;31148
181313;0;0;0;0;0;0;180;20138;180;31328
182406;0;0;0;0;0;0;2096;18331;2096;33424
183342;0;0;0;0;0;0;734;17974;734;34158
184325;0;0;0;0;0;0;0;18780;0;34158
185370;0;0;0;0;0;0;932;18777;932;35090
186351;0;0;0;0;0;0;313;18464;313;35403
187342;0;0;0;0;0;0;43;18307;43;35446
188354;0;0;0;0;0;0;0;18046;0;35446
189367;0;0;0;0;0;0;287;18341;287;35733
190362;0;0;0;0;0;0;0;17863;0;35733
191372;0;0;0;0;0;0;93;17462;93;35826
192432;0;35;0;0;0;0;1231;16809;1231;37057
193394;0;49;0;0;0;0;0;17334;0;37057
194408;0;38;0;85;0;116;0;17703;0;37057
195419;0;37;0;93;0;135;0;18161;0;37057
196428;0;37;0;81;0;125;0;17963;0;37057
197490;0;17;0;42;0;66;1011;17520;1011;38068
198448;0;59;0;92;0;146;0;18348;0;38068
199478;0;13;0;15;0;0;357;18489;357;38425
200535;0;49;0;103;0;0;1430;17518;1430;39855
201486;0;41;0;73;0;120;248;17553;248;40103
202497;0;66;0;111;0;158;435;17842;435;40538
203517;0;29;0;78;0;111;691;17946;691;41229
204527;0;46;0;115;0;141;722;17812;722;41951
205500;0;45;0;89;0;134;0;18749;0;41951
206518;0;62;0;93;0;136;267;19335;267;42218
207521;0;22;0;37;0;51;298;18589;298;42516
208522;0;35;0;69;0;102;0;18604;0;42516
209526;0;20;0;44;0;78;0;18184;0;42516
210527;0;47;0;106;0;153;0;18020;0;42516
211540;0;46;0;111;0;154;267;18748;267;42783
212542;0;0;0;0;0;0;0;18572;0;42783
213563;0;0;0;0;0;0;292;17843;292;43075
214567;0;58;0;92;0;138;210;18345;210;43285
215558;0;58;0;110;0;120;13;18586;13;43298
216608;0;27;0;54;0;78;834;18444;834;44132
217611;0;54;0;60;0;121;790;17899;790;44922
218596;0;21;0;41;0;77;303;17179;303;45225
219594;0;22;0;59;0;60;0;17061;0;45225
220599;0;53;0;102;0;149;0;16809;0;45225
221632;0;24;0;47;0;70;442;16352;442;45667
222660;0;33;0;67;0;90;1191;15482;1191;46858
223628;0;19;0;36;0;57;0;14967;0;46858
224674;0;60;0;110;0;169;855;14885;855;47713
225671;0;58;0;89;0;118;533;15183;533;48246
226665;0;57;0;107;0;143;96;15781;96;48342
227660;0;36;0;86;0;119;0;15673;0;48342
228668;0;28;0;67;0;98;0;16137;0;48342
229681;0;23;0;49;0;87;0;16482;0;48342
230716;0;0;0;0;0;0;863;15390;863;49205
231693;0;36;0;71;0;120;0;15243;0;49205
232701;0;65;0;104;0;136;0;16065;0;49205
233714;0;47;0;90;0;146;0;17087;0;49205
234738;0;47;0;104;0;150;383;17686;383;49588
235768;0;19;0;33;0;44;1004;17104;1004;50592
236738;0;36;0;74;0;105;0;16659;0;50592
237752;0;26;0;61;0;86;0;16835;0;50592
238759;0;58;0;101;0;136;0;17624;0;50592
239768;0;29;0;62;0;94;0;17977;0;50592
240776;0;44;0;76;0;99;0;18521;0;50592
241798;0;0;0;0;0;0;223;18253;223;50815
242796;0;42;0;82;0;133;0;18856;0;50815
243802;0;39;0;59;0;120;0;18677;0;50815
244802;0;46;0;109;0;150;0;18590;0;50815
245842;0;61;0;96;0;155;498;18477;498;51313
246856;0;44;0;99;0;125;553;17894;553;51866
247838;0;42;0;86;0;150;130;18640;130;51996
248846;0;35;0;52;0;80;256;18024;256;52252
249859;0;51;0;90;0;143;376;18531;376;52628
250860;0;55;0;88;0;156;249;19267;249;52877
251860;0;49;0;100;0;132;137;20040;137;53014
252911;0;0;0;0;0;0;1273;18449;1273;54287
253923;0;34;0;54;0;84;1233;17425;1233;55520
254868;0;43;0;101;0;166;37;17250;37;55557
255881;0;18;0;48;0;60;0;17821;0;55557
256888;0;3;0;14;0;18;0;17014;0;55557
257891;0;12;0;20;0;32;0;16176;0;55557
258908;0;17;0;17;0;39;127;15330;127;55684
259909;0;10;0;29;0;39;160;14418;160;55844
260905;0;15;0;28;0;45;0;14063;0;55844
261908;0;0;0;0;0;0;0;13322;0;55844
262917;0;0;0;0;0;0;0;12413;0;55844
263928;0;0;0;0;0;0;0;11516;0;55844
264935;0;0;0;0;0;0;0;10995;0;55844
265942;0;0;0;0;0;0;0;10089;0;55844
266955;0;0;0;0;0;0;0;9219;0;55844
267962;0;0;0;0;0;0;0;8622;0;55844
268967;0;0;0;0;0;0;0;7786;0;55844
269977;0;0;0;0;0;0;0;6985;0;55844
270979;0;0;0;0;0;0;0;6293;0;55844
271990;0;0;0;0;0;0;0;5614;0;55844
272999;0;0;0;0;0;0;0;4987;0;55844
274008;0;0;0;0;0;0;0;4201;0;55844
275015;0;0;0;0;0;0;0;3483;0;55844
276028;0;0;0;0;0;0;0;2740;0;55844
277034;0;0;0;0;0;0;0;1802;0;55844
278042;0;0;0;0;0;0;0;1098;0;55844
279050;0;0;0;0;0;0;0;176;0;55844
280063;0;0;0;0;0;0;0;0;0;55288
281073;0;0;0;0;0;0;0;0;0;54607
282081;0;0;0;0;0;0;0;0;0;53874
283092;0;0;0;0;0;0;0;0;0;53254
284092;0;0;0;0;0;0;0;0;0;52457
285096;0;0;0;0;0;0;0;0;0;51772
286103;0;0;0;0;0;0;0;0;0;51023
287117;0;0;0;0;0;0;0;0;0;50211
288123;0;0;0;0;0;0;0;0;0;49347
289133;0;0;0;0;0;0;0;0;0;48699
290139;0;0;0;0;0;0;0;0;0;47770
291149;0;0;0;0;0;0;0;0;0;47110
292163;0;0;0;0;0;0;0;0;0;46277
293173;0;0;0;0;0;0;0;0;0;45368
294175;0;0;0;0;0;0;0;0;0;44611
295189;0;0;0;0;0;0;0;0;0;44040
296196;0;0;0;0;0;0;0;0;0;43169
297197;0;0;0;0;0;0;0;0;0;42435
298211;0;0;0;0;0;0;0;0;0;41754
299218;0;0;0;0;0;0;0;0;0;41104
300229;0;0;0;0;0;0;0;0;0;40196
301243;0;0;0;0;0;0;0;0;0;39598
302257;0;0;0;0;0;0;0;0;0;38707
303259;0;0;0;0;0;0;0;0;0;37825
304267;0;0;0;0;0;0;0;0;0;37135
305274;0;0;0;0;0;0;0;0;0;36521
306277;0;0;0;0;0;0;0;0;0;35712
307286;0;0;0;0;0;0;0;0;0;35006
308288;0;0;0;0;0;0;0;0;0;34145
309289;0;0;0;0;0;0;0;0;0;33819
310303;0;0;0;0;0;0;0;0;0;32914
311309;0;4;0;14;0;25;0;122;0;31980
312325;0;13;0;30;0;36;0;250;0;31292
313336;0;5;0;18;0;16;0;82;0;30807
314351;0;9;0;11;0;23;0;82;0;29928
315363;0;0;0;0;0;0;0;0;0;29232
316369;0;12;0;9;0;30;0;100;0;28443
317370;0;0;0;0;0;0;0;0;0;27767
318371;0;4;0;8;0;9;0;98;0;26913
319372;0;16;0;27;0;32;0;181;0;26159
320375;0;5;0;9;0;16;0;49;0;25415
321375;0;11;0;15;0;28;0;119;0;24573
322379;0;8;0;15;0;18;0;121;0;23843
323381;0;10;0;18;0;21;0;108;0;23005
324391;0;3;0;3;0;10;0;49;0;22359
325394;0;10;0;28;0;37;0;150;0;21424
326394;0;5;0;7;0;7;0;57;0;20958
327397;0;19;0;44;0;57;0;245;0;20161
328408;0;22;0;40;0;64;0;239;0;19526
329412;0;14;0;17;0;38;0;161;0;18958
330414;0;0;0;0;0;0;0;0;0;18299
331425;0;10;0;19;0;26;0;111;0;17380
332433;0;7;0;24;0;30;0;98;0;16855
333442;0;0;0;0;0;0;0;0;0;16159
334445;0;6;0;15;0;14;0;73;0;15263
335460;0;3;0;9;0;15;0;81;0;14460
336470;0;2;0;9;0;8;0;47;0;13820
337479;0;4;0;8;0;14;0;63;0;12886
338483;0;11;0;24;0;47;0;214;0;11975
339496;0;3;0;16;0;23;0;105;0;11348
340499;0;25;0;17;0;34;0;191;0;10495
341509;0;5;0;9;0;12;0;63;0;9864
342512;0;11;0;19;0;35;0;100;0;9259
343522;0;0;0;0;0;0;0;0;0;8554
344531;0;13;0;12;0;30;0;137;0;7727
345533;0;0;0;0;0;0;0;0;0;7009
346536;0;7;0;19;0;17;0;85;0;6103
347536;0;0;0;0;0;0;0;0;0;5406
348548;0;0;0;0;0;0;0;0;0;4523
349564;0;0;0;0;0;0;0;0;0;3641
350572;0;0;0;0;0;0;0;0;0;2755
351580;0;0;0;0;0;0;0;0;0;2252
352581;0;0;0;0;0;0;0;0;0;1614
353586;0;0;0;0;0;0;0;0;0;682
354592;0;0;0;0;0;0;0;0;0;139
355598;0;0;0;0;0;0;0;0;0;0
356604;0;0;0;0;0;0;0;0;0;0
357605;0;0;0;0;0;0;0;0;0;0
358615;0;0;0;0;0;0;0;0;0;0
359623;0;0;0;0;0;0;0;0;0;0
360624;0;0;0;0;0;0;0;0;0;0
361637;0;0;0;0;0;0;0;0;0;0
362642;0;0;0;0;0;0;0;0;0;0
363646;0;0;0;0;0;0;0;0;0;0
364650;0;0;0;0;0;0;0;0;0;0
365650;0;0;0;0;0;0;0;0;0;0
366655;0;0;0;0;0;0;0;0;0;0
367669;0;0;0;0;0;0;0;0;0;0
368683;0;0;0;0;0;0;0;0;0;0
369686;0;0;0;0;0;0;0;0;0;0
370697;0;0;0;0;0;0;0;0;0;0
371701;0;0;0;0;0;0;0;0;0;0
372705;0;0;0;0;0;0;0;0;0;0
373711;0;0;0;0;0;0;0;0;0;0
374727;0;0;0;0;0;0;0;0;0;0
375731;0;0;0;0;0;0;0;0;0;0
376742;0;0;0;0;0;0;0;0;0;0
377744;0;0;0;0;0;0;0;0;0;0
378757;0;0;0;0;0;0;0;0;0;0
379759;0;0;0;0;0;0;0;0;0;0
380770;0;0;0;0;0;0;0;0;0;0
381770;0;0;0;0;0;0;0;0;0;0
382776;0;0;0;0;0;0;0;0;0;0
383777;0;0;0;0;0;0;0;0;0;0
384780;0;0;0;0;0;0;0;0;0;0
385794;0;0;0;0;0;0;0;0;0;0
386806;0;0;0;0;0;0;0;0;0;0
387816;0;0;0;0;0;0;0;0;0;0
388823;0;0;0;0;0;0;0;0;0;0
389837;0;0;0;0;0;0;0;0;0;0
390837;0;0;0;0;0;0;0;0;0;0
391852;0;0;0;0;0;0;0;0;0;0
392857;0;0;0;0;0;0;0;0;0;0
393863;0;0;0;0;0;0;0;0;0;0
394869;0;0;0;0;0;0;0;0;0;0
395881;0;4;0;0;0;0;0;0;0;0
396897;0;0;0;0;0;0;0;0;0;0
397902;0;22;0;0;0;0;0;0;0;0
398913;0;5;0;9;0;0;0;0;0;0
399926;0;0;0;0;0;0;0;0;0;0
400933;0;6;0;10;0;27;0;86;0;0
401933;0;4;0;6;0;7;0;66;0;0
402936;0;25;0;51;0;82;0;332;0;0
403950;0;0;0;0;0;0;0;0;0;0
404964;0;14;0;32;0;43;0;193;0;0
405966;0;0;0;0;0;0;0;0;0;0
406979;0;1;0;8;0;10;0;55;0;0
407979;0;9;0;17;0;29;0;143;0;0
408989;0;0;0;0;0;0;0;0;0;0
410003;0;9;0;9;0;22;0;92;0;0
411008;0;11;0;14;0;29;0;124;0;0
412022;0;11;0;15;0;30;0;114;0;0
413024;0;0;0;0;0;0;0;0;0;0
414032;0;8;0;14;0;25;0;113;0;0
415038;0;1;0;7;0;9;0;67;0;0
416038;0;3;0;4;0;4;0;52;0;0
417051;0;28;0;57;0;70;0;324;0;0
418064;0;12;0;16;0;36;0;170;0;0
419073;0;9;0;22;0;28;0;134;0;0
420078;0;8;0;24;0;20;0;138;0;0
421086;0;0;0;0;0;0;0;0;0;0
422100;0;0;0;0;0;0;0;0;0;0
423113;0;0;0;0;0;0;0;0;0;0
424123;0;0;0;0;0;0;0;0;0;0
425138;0;10;0;17;0;28;0;104;0;0
426141;0;17;0;35;0;58;0;233;0;0
427151;0;9;0;17;0;24;0;116;0;0
428156;0;0;0;0;0;0;0;0;0;0
429167;0;5;0;8;0;8;0;56;0;0
430173;0;5;0;5;0;14;0;62;0;0
431179;0;16;0;26;0;45;0;197;0;0
432180;0;4;0;11;0;26;0;111;0;0
433184;0;0;0;0;0;0;0;0;0;0
434186;0;0;0;0;0;0;0;0;0;0
435200;0;0;0;0;0;0;0;0;0;0
436212;0;0;0;0;0;0;0;0;0;0
437227;0;0;0;0;0;0;0;0;0;0
438236;0;0;0;0;0;0;0;0;0;0
439246;0;0;0;0;0;0;0;0;0;0
440250;0;0;0;0;0;0;0;0;0;0
441264;0;0;0;0;0;0;0;0;0;0
442263;0;0;0;0;0;0;0;0;0;0
443269;0;0;0;0;0;0;0;0;0;0
444275;0;0;0;0;0;0;0;0;0;0
445280;0;0;0;0;0;0;0;0;0;0
446285;0;0;0;0;0;0;0;0;0;0
447285;0;0;0;0;0;0;0;0;0;0
448290;0;0;0;0;0;0;0;0;0;0
449291;0;0;0;0;0;0;0;0;0;0
450306;0;0;0;0;0;0;0;0;0;0
451311;0;0;0;0;0;0;0;0;0;0
452323;0;0;0;0;0;0;0;0;0;0
453328;0;0;0;0;0;0;0;0;0;0
454329;0;0;0;0;0;0;0;0;0;0
455333;0;0;0;0;0;0;0;0;0;0
456335;0;0;0;0;0;0;0;0;0;0
457336;0;0;0;0;0;0;0;0;0;0
458341;0;0;0;0;0;0;0;0;0;0
459347;0;0;0;0;0;0;0;0;0;0
460351;0;0;0;0;0;0;0;0;0;0
461354;0;0;0;0;0;0;0;0;0;0
462369;0;0;0;0;0;0;0;0;0;0
463371;0;0;0;0;0;0;0;0;0;0
464373;0;0;0;0;0;0;0;0;0;0
465379;0;0;0;0;0;0;0;0;0;0
466385;0;0;0;0;0;0;0;0;0;0
467392;0;0;0;0;0;0;0;0;0;0
468393;0;0;0;0;0;0;0;0;0;0
469400;0;0;0;0;0;0;0;0;0;0
470409;0;0;0;0;0;0;0;0;0;0
471412;0;0;0;0;0;0;0;0;0;0
472417;0;0;0;0;0;0;0;0;0;0
473419;0;0;0;0;0;0;0;0;0;0
474418;0;0;0;0;0;0;0;0;0;0
475427;0;0;0;0;0;0;0;0;0;0
476433;0;0;0;0;0;0;0;0;0;0
477438;0;0;0;0;0;0;0;0;0;0
478448;0;0;0;0;0;0;0;0;0;0
479456;0;0;0;0;0;0;0;0;0;0
480468;0;0;0;0;0;0;0;0;0;0
481470;0;0;0;0;0;0;0;0;0;0
482484;0;0;0;0;0;0;0;0;0;0
483485;0;0;0;0;0;0;0;0;0;0
484495;0;0;0;0;0;0;0;0;0;0
485498;0;0;0;0;0;0;0;0;0;0
486502;0;0;0;0;0;0;0;0;0;0
487509;0;0;0;0;0;0;0;0;0;0
488512;0;0;0;0;0;0;0;0;0;0
489522;0;0;0;0;0;0;0;0;0;0
490526;0;0;0;0;0;0;0;0;0;0
491541;0;0;0;0;0;0;0;0;0;0
492548;0;0;0;0;0;0;0;0;0;0
493547;0;0;0;0;0;0;0;0;0;0
494562;0;0;0;0;0;0;0;0;0;0
495575;0;0;0;0;0;0;0;0;0;0
496585;0;0;0;0;0;0;0;0;0;0
497599;0;0;0;0;0;0;0;0;0;0
498605;0;0;0;0;0;0;0;0;0;0
499611;0;0;0;0;0;0;0;0;0;0
500618;0;0;0;0;0;0;0;0;0;0
501626;0;0;0;0;0;0;0;0;0;0
502642;0;0;0;0;0;0;0;0;0;0
503656;0;0;0;0;0;0;0;436;0;0
504659;0;42;0;96;0;0;0;298;0;0
505663;0;36;0;0;0;0;0;363;0;0
506668;0;45;0;0;0;0;0;354;0;0
507683;0;54;0;0;0;0;0;707;0;0
508684;0;28;0;0;0;0;0;1126;0;0
509684;0;0;0;0;0;0;0;1010;0;0
510690;0;21;0;0;0;0;0;1274;0;0
511691;0;36;0;79;0;0;0;1872;0;0
512691;0;69;0;0;0;0;0;2852;0;0
513701;0;36;0;0;0;0;0;2396;0;0
514701;0;48;0;109;0;0;0;2246;0;0
515713;0;11;0;17;0;0;0;2574;0;0
516718;0;53;0;108;0;147;0;3086;0;0
517730;0;43;0;86;0;140;0;3214;0;0
518733;0;31;0;57;0;92;0;2928;0;0
519740;0;48;0;86;0;147;0;3712;0;0
520749;0;0;0;0;0;0;0;3590;0;0
521751;0;46;0;97;0;156;0;4094;0;0
522754;0;0;0;0;0;0;0;3721;0;0
523757;0;36;0;64;0;121;0;3660;0;0
524763;0;62;0;97;0;142;0;4471;0;0
525774;0;40;0;83;0;106;0;4937;0;0
526782;0;26;0;42;0;48;0;5368;0;0
527788;0;54;0;96;0;133;0;5920;0;0
528788;0;38;0;106;0;142;0;6917;0;0
529793;0;32;0;109;0;163;0;7899;0;0
530801;0;23;0;61;0;75;0;7593;0;0
531809;0;34;0;81;0;124;0;7879;0;0
532821;0;52;0;93;0;165;0;8626;0;0
533823;0;45;0;80;0;99;0;9509;0;0
534828;0;0;0;3;0;4;0;9750;0;0
535829;0;9;0;29;0;32;0;9940;0;0
536834;0;46;0;100;0;158;0;10660;0;0
537838;0;23;0;38;0;50;0;11289;0;0
538842;0;44;0;98;0;150;0;12108;0;0
539846;0;27;0;59;0;91;0;12745;0;0
540854;0;26;0;78;0;146;0;12547;0;0
541857;0;52;0;101;0;140;0;13504;0;0
542862;0;15;0;28;0;53;0;14012;0;0
543864;0;37;0;92;0;121;0;14499;0;0
544869;0;64;0;102;0;116;0;15079;0;0
545875;0;33;0;58;0;122;0;15858;0;0
546879;0;34;0;70;0;105;0;16057;0;0
547883;0;40;0;102;0;137;0;16887;0;0
548894;0;21;0;35;0;51;0;17110;0;0
549908;0;55;0;90;0;107;0;17289;0;0
550908;0;23;0;62;0;120;0;16976;0;0
551923;0;40;0;103;0;150;0;17888;0;0
552929;0;2;0;3;0;3;0;18213;0;0
553935;0;41;0;84;0;155;0;18897;0;0
554935;0;38;0;98;0;164;0;19877;0;0
555944;0;0;0;0;0;0;0;20177;0;0
556963;0;0;0;0;0;0;290;19940;290;290
557951;0;0;0;0;0;0;0;20659;0;290
558982;0;0;0;0;0;0;540;19586;540;830
559988;0;0;0;0;0;0;422;19726;422;1252
560995;0;0;0;0;0;0;454;19228;454;1706
562008;0;0;0;0;0;0;526;18702;526;2232
562989;0;0;0;0;0;0;67;19422;67;2299
564022;0;0;0;0;0;0;627;19376;627;2926
565073;0;0;0;0;0;0;1413;18963;1413;4339
566012;0;0;0;0;0;0;111;19852;111;4450
567039;0;0;0;0;0;0;568;18718;568;5018
568042;0;0;0;0;0;0;456;18262;456;5474
569031;0;0;0;0;0;0;0;18223;0;5474
570048;0;0;0;0;0;0;24;18985;24;5498
571056;0;0;0;0;0;0;0;18474;0;5498
572091;0;0;0;0;0;0;742;17717;742;6240
573070;0;0;0;0;0;0;0;17126;0;6240
574091;0;0;0;0;0;0;437;17689;437;6677
575148;0;0;0;0;0;0;1619;16382;1619;8296
576098;0;0;0;0;0;0;0;16178;0;8296
577114;0;0;0;0;0;0;340;15599;340;8636
578107;0;0;0;0;0;0;0;16599;0;8636
579126;0;0;0;0;0;0;66;17224;66;8702
580128;0;0;0;0;0;0;0;17016;0;8702
581135;0;0;0;0;0;0;0;17904;0;8702
582189;0;0;0;0;0;0;1093;16526;1093;9795
583176;0;0;0;0;0;0;604;16806;604;10399
584195;0;0;0;0;0;0;1024;15394;1024;11423
585158;0;0;0;0;0;0;0;15759;0;11423
586158;0;0;0;0;0;0;0;16179;0;11423
587173;0;0;0;0;0;0;0;17134;0;11423
588187;0;0;0;0;0;0;160;17974;160;11583
589225;0;0;0;0;0;0;888;18086;888;12471
590193;0;0;0;0;0;0;0;18314;0;12471
591210;0;0;0;0;0;0;19;18452;19;12490
592212;0;0;0;0;0;0;0;19452;0;12490
593251;0;0;0;0;0;0;543;19827;543;13033
594244;0;0;0;0;0;0;355;19161;355;13388
595236;0;0;0;0;0;0;0;18532;0;13388
596238;0;0;0;0;0;0;0;18508;0;13388
597273;0;0;0;0;0;0;556;18764;556;13944
598271;0;0;0;0;0;0;436;18765;436;14380
599253;0;0;0;0;0;0;0;19765;0;14380
600320;0;0;0;0;0;0;1254;18781;1254;15634
601263;0;0;0;0;0;0;0;19259;0;15634
602273;0;0;0;0;0;0;177;19046;177;15811
603285;0;0;0;0;0;0;116;18927;116;15927
604285;0;0;0;0;0;0;0;19390;0;15927
605307;0;0;0;0;0;0;172;19106;172;16099
606331;0;0;0;0;0;0;442;18664;442;16541
607390;0;0;0;0;0;0;1759;17109;1759;18300
608324;0;0;0;0;0;0;148;17761;148;18448
609324;0;63;0;0;0;0;116;18238;116;18564
610327;0;49;0;0;0;0;95;18157;95;18659
611405;0;45;0;0;0;0;1577;17584;1577;20236
612357;0;50;0;0;0;0;439;18140;439;20675
613346;0;11;0;0;0;0;29;18322;29;20704
614352;0;41;0;0;0;0;0;18481;0;20704
615363;0;23;0;0;0;0;0;18279;0;20704
616366;0;17;0;0;0;0;0;18593;0;20704
617399;0;45;0;100;0;0;633;18350;633;21337
618399;0;51;0;0;0;0;355;18421;355;21692
619419;0;43;0;0;0;0;609;17717;609;22301
620413;0;25;0;0;0;0;252;17423;252;22553
621412;0;45;0;0;0;0;0;17634;0;22553
622429;0;29;0;56;0;0;346;16791;346;22899
623424;0;0;0;0;0;0;0;16751;0;22899
624431;0;43;0;70;0;0;0;17370;0;22899
625434;0;0;0;0;0;0;0;17401;0;22899
626438;0;0;0;0;0;0;0;16742;0;22899
627448;0;49;0;98;0;171;181;17243;181;23080
628488;0;0;0;0;0;0;851;16323;851;23931
629460;0;65;0;79;0;151;0;16534;0;23931
630514;0;42;0;94;0;0;908;16362;908;24839
631535;0;33;0;60;0;113;1362;15500;1362;26201
632498;0;60;0;108;0;0;136;16402;136;26337
633506;0;12;0;38;0;0;85;16153;85;26422
634511;0;25;0;0;0;0;117;16654;117;26539
635533;0;24;0;0;0;0;495;16033;495;27034
636526;0;55;0;99;0;0;0;15903;0;27034
637564;0;41;0;0;0;0;513;16503;513;27547
638549;0;51;0;99;0;0;24;17148;24;27571
639559;0;41;0;77;0;131;202;17030;202;27773
640555;0;0;0;0;0;0;42;17057;42;27815
641566;0;32;0;0;0;0;106;17703;106;27921
642576;0;51;0;0;0;0;242;17442;242;28163
643578;0;19;0;0;0;0;0;16828;0;28163
644592;0;29;0;0;0;0;0;17351;0;28163
645602;0;0;0;0;0;0;0;17325;0;28163
646623;0;23;0;0;0;0;397;16701;397;28560
647622;0;49;0;0;0;0;0;16990;0;28560
648625;0;0;0;0;0;0;0;16662;0;28560
649634;0;31;0;0;0;0;60;16837;60;28620
650670;0;0;0;0;0;0;956;15492;956;29576
651646;0;37;0;61;0;124;158;15417;158;29734
652645;0;42;0;93;0;149;0;15355;0;29734
653667;0;18;0;34;0;57;292;15560;292;30026
654658;0;57;0;88;0;166;0;15823;0;30026
655666;0;53;0;95;0;118;0;16362;0;30026
656717;0;64;0;96;0;153;1326;15989;1326;31352
657672;0;35;0;78;0;93;0;16822;0;31352
658712;0;46;0;111;0;159;718;16928;718;32070
659700;0;0;0;0;0;0;196;16791;196;32266
660706;0;53;0;92;0;155;0;17491;0;32266
661727;0;44;0;79;0;121;564;17244;564;32830
662718;0;0;0;0;0;0;58;16798;58;32888
663733;0;38;0;62;0;86;50;16941;50;32938
664759;0;52;0;86;0;140;327;16418;327;33265
665747;0;0;0;0;0;0;0;16398;0;33265
666747;0;29;0;81;0;105;0;16341;0;33265
667751;0;16;0;35;0;58;0;15849;0;33265
668761;0;0;0;0;0;0;0;15271;0;33265
669767;0;47;0;94;0;156;0;15444;0;33265
670771;0;24;0;56;0;83;0;16074;0;33265
671771;0;36;0;58;0;116;0;16563;0;33265
672778;0;53;0;112;0;161;0;16447;0;33265
673778;0;48;0;103;0;128;0;17494;0;33265
674805;0;44;0;90;0;148;813;17591;813;34078
675839;0;44;0;102;0;150;1302;16563;1302;35380
676822;0;14;0;18;0;34;561;16404;561;35941
677823;0;61;0;86;0;140;300;16806;300;36241
678836;0;47;0;97;0;134;775;17040;775;37016
679840;0;0;0;0;0;0;714;16240;714;37730
680816;0;0;0;0;0;0;0;16867;0;37730
681826;0;0;0;0;0;0;28;17414;28;37758
682848;0;0;0;0;0;0;327;17905;327;38085
683840;0;0;0;0;0;0;0;18023;0;38085
684865;0;0;0;0;0;0;374;18305;374;38459
685861;0;0;0;0;0;0;0;18971;0;38459
686868;0;0;0;0;0;0;0;19310;0;38459
687879;0;0;0;0;0;0;0;19628;0;38459
688886;0;0;0;0;0;0;0;19445;0;38459
689899;0;0;0;0;0;0;0;18830;0;38459
690913;0;0;0;0;0;0;0;18754;0;38459
691922;0;0;0;0;0;0;0;18187;0;38459
692956;0;0;0;0;0;0;637;16967;637;39096
693944;0;0;0;0;0;0;0;16899;0;39096
694955;0;0;0;0;0;0;126;16689;126;39222
695972;0;0;0;0;0;0;609;15395;609;39831
696970;0;0;0;0;0;0;202;16050;202;40033
698021;0;0;0;0;0;0;1355;15598;1355;41388
698988;0;0;0;0;0;0;91;15477;91;41479
700010;0;0;0;0;0;0;352;14796;352;41831
701001;0;0;0;0;0;0;0;15134;0;41831
702028;0;0;0;0;0;0;409;14732;409;42240
703021;0;0;0;0;0;0;85;14015;85;42325
704034;0;0;0;0;0;0;387;14171;387;42712
705067;0;0;0;0;0;0;991;13707;991;43703
706059;0;0;0;0;0;0;687;14020;687;44390
707036;0;0;0;0;0;0;0;14350;0;44390
708050;0;0;0;0;0;0;40;14785;40;44430
709059;0;0;0;0;0;0;145;14687;145;44575
710066;0;0;0;0;0;0;0;14454;0;44575
711066;0;0;0;0;0;0;0;14307;0;44575
712073;0;0;0;0;0;0;0;15301;0;44575
713073;0;0;0;0;0;0;0;16301;0;44575
714082;0;0;0;0;0;0;0;16367;0;44575
715089;0;0;0;0;0;0;0;16360;0;44575
716097;0;0;0;0;0;0;0;15826;0;44575
717099;0;0;0;0;0;0;0;15591;0;44575
718112;0;0;0;0;0;0;0;16591;0;44575
719112;0;0;0;0;0;0;0;17591;0;44575
720147;0;0;0;0;0;0;498;18093;498;45073
721155;0;0;0;0;0;0;452;18641;452;45525
722147;0;0;0;0;0;0;134;19332;134;45659
723145;0;0;0;0;0;0;0;20093;0;45659
724159;0;0;0;0;0;0;54;19371;54;45713
725244;0;0;0;0;0;0;1822;18549;1822;47535
726163;0;0;0;0;0;0;142;18556;142;47677
727165;0;0;0;0;0;0;0;18036;0;47677
728181;0;0;0;0;0;0;272;18764;272;47949
729181;0;0;0;0;0;0;0;19536;0;47949
730197;0;0;0;0;0;0;175;19165;175;48124
731203;0;0;0;0;0;0;50;19214;50;48174
732279;0;0;0;0;0;0;1273;18941;1273;49447
733227;0;0;0;0;0;0;138;19623;138;49585
734235;0;0;0;0;0;0;159;20405;159;49744
735273;0;0;0;0;0;0;646;20689;646;50390
736253;0;0;0;0;0;0;0;20772;0;50390
737296;0;0;0;0;0;0;532;20732;532;50922
738307;0;0;0;0;0;0;613;21073;613;51535
739350;0;0;0;0;0;0;1169;20741;1169;52704
740326;0;0;0;0;0;0;623;19549;623;53327
741324;0;0;0;0;0;0;258;19267;258;53585
742341;0;0;0;0;0;0;450;18577;450;54035
743332;0;0;0;0;0;0;177;18749;177;54212
744353;0;0;0;0;0;0;538;19211;538;54750
745335;0;0;0;0;0;0;0;19504;0;54750
746365;0;0;0;0;0;0;560;19944;560;55310
747401;0;0;0;0;0;0;1032;19535;1032;56342
748358;0;0;0;0;0;0;0;19776;0;56342
749372;0;0;0;0;0;0;72;20704;72;56414
750410;0;0;0;0;0;0;585;21000;585;56999
751435;0;0;0;0;0;0;1064;20574;1064;58063
752448;0;0;0;0;0;0;1063;20511;1063;59126
753411;0;0;0;0;0;0;275;20385;275;59401
754441;0;0;0;0;0;0;750;19492;750;60151
755440;0;0;0;0;0;0;273;18946;273;60424
756448;0;0;0;0;0;0;312;18540;312;60736
757449;0;0;0;0;0;0;99;18830;99;60835
758464;0;0;0;0;0;0;453;17615;453;61288
759448;0;0;0;0;0;0;0;16707;0;61288
760450;0;0;0;0;0;0;0;16019;0;61288
761458;0;10;0;0;0;0;0;15341;0;61288
762472;0;0;0;0;0;0;0;14684;0;61288
763481;0;0;0;0;0;0;0;13948;0;61288
764488;0;23;0;24;0;54;0;13297;0;61288
765490;0;0;0;0;0;0;0;12488;0;61288
766505;0;0;0;0;0;0;23;11635;23;61311
767512;0;7;0;16;0;30;0;11123;0;61311
768523;0;4;0;11;0;18;745;9803;745;62056
769524;0;0;0;0;0;0;0;9010;0;62056
770529;0;2;0;11;0;21;122;8343;122;62178
771549;0;0;0;0;0;0;667;6877;667;62845
772544;0;0;0;0;0;0;0;6058;0;62845
773549;0;8;0;17;0;16;0;5292;0;62845
774554;0;8;0;18;0;45;0;4493;0;62845
775568;0;3;0;14;0;22;0;3971;0;62845
776572;0;4;0;22;0;21;0;3091;0;62845
777581;0;4;0;8;0;14;0;2334;0;62845
778585;0;7;0;9;0;17;0;1599;0;62845
779593;0;0;0;0;0;0;0;745;0;62845
780609;0;9;0;18;0;32;0;116;0;62756
781612;0;13;0;36;0;39;0;210;0;61931
782619;0;7;0;9;0;21;0;89;0;61229
783627;0;4;0;10;0;18;0;63;0;60683
784638;0;0;0;0;0;0;0;0;0;60230
785641;0;8;0;16;0;21;0;119;0;59296
786647;0;7;0;18;0;19;0;100;0;58631
787648;0;0;0;0;0;0;0;0;0;57940
788650;0;0;0;0;0;0;0;0;0;57288
789651;0;0;0;0;0;0;0;0;0;56588
790657;0;0;0;0;0;0;0;0;0;55814
791673;0;0;0;0;0;0;0;0;0;54906
792673;0;0;0;0;0;0;0;0;0;54113
793688;0;0;0;0;0;0;0;0;0;53408
794689;0;0;0;0;0;0;0;0;0;52505
795702;0;0;0;0;0;0;0;0;0;51908
796716;0;0;0;0;0;0;0;0;0;51034
797717;0;0;0;0;0;0;0;0;0;50142
798726;0;0;0;0;0;0;0;0;0;49283
799728;0;0;0;0;0;0;0;0;0;48567
800735;0;0;0;0;0;0;0;0;0;47647
801745;0;0;0;0;0;0;0;0;0;46867
802746;0;0;0;0;0;0;0;0;0;45960
803760;0;0;0;0;0;0;0;0;0;45117
804765;0;0;0;0;0;0;0;0;0;44377
805769;0;0;0;0;0;0;0;0;0;43488
806783;0;0;0;0;0;0;0;0;0;42709
807793;0;0;0;0;0;0;0;0;0;42262
808800;0;0;0;0;0;0;0;0;0;41461
809811;0;0;0;0;0;0;0;0;0;40694
810813;0;0;0;0;0;0;0;0;0;40457
811818;0;0;0;0;0;0;0;0;0;39659
812820;0;0;0;0;0;0;0;0;0;38841
813827;0;0;0;0;0;0;0;0;0;38434
814833;0;0;0;0;0;0;0;0;0;37555
815834;0;0;0;0;0;0;0;0;0;36983
816837;0;0;0;0;0;0;0;0;0;36145
817848;0;0;0;0;0;0;0;0;0;35540
818848;0;0;0;0;0;0;0;0;0;34701
819859;0;0;0;0;0;0;0;0;0;34440
820859;0;0;0;0;0;0;0;0;0;33548
821867;0;0;0;0;0;0;0;0;0;32723
822879;0;0;0;0;0;0;0;0;0;31977
823889;0;0;0;0;0;0;0;0;0;31237
824899;0;0;0;0;0;0;0;0;0;30549
825911;0;0;0;0;0;0;0;0;0;29890
826922;0;0;0;0;0;0;0;0;0;29123
827928;0;0;0;0;0;0;0;0;0;28303
828940;0;0;0;0;0;0;0;0;0;27445
829952;0;0;0;0;0;0;0;0;0;26800
830960;0;0;0;0;0;0;0;0;0;25997
831966;0;0;0;0;0;0;0;0;0;25098
832967;0;0;0;0;0;0;0;0;0;24431
833978;0;0;0;0;0;0;0;0;0;23644
834982;0;0;0;0;0;0;0;0;0;22885
835987;0;0;0;0;0;0;0;0;0;22374
836988;0;0;0;0;0;0;0;0;0;21951
837997;0;0;0;0;0;0;0;0;0;21118
839004;0;0;0;0;0;0;0;0;0;20668
840019;0;0;0;0;0;0;0;0;0;19860
841025;0;0;0;0;0;0;0;0;0;19117
842029;0;0;0;0;0;0;0;0;0;18434
843041;0;0;0;0;0;0;0;0;0;17854
844053;0;0;0;0;0;0;0;0;0;17063
845059;0;0;0;0;0;0;0;0;0;16125
846071;0;0;0;0;0;0;0;0;0;15428
847073;0;0;0;0;0;0;0;0;0;14674
848076;0;0;0;0;0;0;0;0;0;13867
849087;0;0;0;0;0;0;0;0;0;12946
850100;0;0;0;0;0;0;0;0;0;12309
851100;0;0;0;0;0;0;0;0;0;11761
852102;0;0;0;0;0;0;0;0;0;11044
853102;0;0;0;0;0;0;0;0;0;10204
854110;0;0;0;0;0;0;0;0;0;9437
855121;0;0;0;0;0;0;0;0;0;8995
856122;0;0;0;0;0;0;0;0;0;8202
857130;0;0;0;0;0;0;0;0;0;7312
858143;0;0;0;0;0;0;0;0;0;6383
859152;0;0;0;0;0;0;0;0;0;5535
860161;0;0;0;0;0;0;0;0;0;5115
861169;0;0;0;0;0;0;0;0;0;4448
862174;0;0;0;0;0;0;0;0;0;3515
863175;0;0;0;0;0;0;0;0;0;2716
864179;0;0;0;0;0;0;0;0;0;2004
865194;0;0;0;0;0;0;0;0;0;1188
866204;0;0;0;0;0;0;0;0;0;389
867204;0;0;0;0;0;0;0;0;0;0
868216;0;0;0;0;0;0;0;0;0;0
869222;0;0;0;0;0;0;0;0;0;0
870232;0;0;0;0;0;0;0;0;0;0
871244;0;0;0;0;0;0;0;0;0;0
872256;0;0;0;0;0;0;0;0;0;0
873259;0;0;0;0;0;0;0;0;0;0
874265;0;0;0;0;0;0;0;0;0;0
875272;0;0;0;0;0;0;0;0;0;0
876275;0;0;0;0;0;0;0;0;0;0
877279;0;0;0;0;0;0;0;0;0;0
878290;0;0;0;0;0;0;0;0;0;0
879296;0;0;0;0;0;0;0;0;0;0
880303;0;0;0;0;0;0;0;0;0;0
881306;0;0;0;0;0;0;0;0;0;0
882322;0;0;0;0;0;0;0;0;0;0
883336;0;0;0;0;0;0;0;0;0;0
884342;0;0;0;0;0;0;0;0;0;0
885348;0;0;0;0;0;0;0;0;0;0
886353;0;0;0;0;0;0;0;0;0;0
887356;0;0;0;0;0;0;0;0;0;0
888371;0;0;0;0;0;0;0;0;0;0
889384;0;0;0;0;0;0;0;0;0;0
890397;0;0;0;0;0;0;0;0;0;0
891412;0;0;0;0;0;0;0;0;0;0
892424;0;0;0;0;0;0;0;0;0;0
893431;0;0;0;0;0;0;0;0;0;0
894446;0;0;0;0;0;0;0;0;0;0
895457;0;0;0;0;0;0;0;0;0;0
896457;0;16;0;0;0;0;0;0;0;0
897459;0;8;0;0;0;0;0;0;0;0
898473;0;7;0;0;0;0;0;0;0;0
899478;0;8;0;13;0;19;0;112;0;0
900488;0;6;0;20;0;33;0;179;0;0
901494;0;3;0;10;0;10;0;52;0;0
902501;0;0;0;0;0;0;0;0;0;0
903502;0;18;0;34;0;28;0;164;0;0
904503;0;1;0;5;0;14;0;47;0;0
905503;0;4;0;14;0;32;0;128;0;0
906516;0;10;0;31;0;47;0;191;0;0
907520;0;0;0;0;0;0;0;0;0;0
908530;0;4;0;10;0;17;0;50;0;0
909540;0;0;0;0;0;0;0;0;0;0
910542;0;0;0;0;0;0;0;0;0;0
911542;0;6;0;22;0;27;0;104;0;0
912546;0;4;0;9;0;7;0;48;0;0
913551;0;9;0;11;0;26;0;73;0;0
914560;0;19;0;29;0;52;0;194;0;0
915564;0;0;0;0;0;0;0;0;0;0
916564;0;0;0;0;0;0;0;0;0;0
917575;0;0;0;0;0;0;0;0;0;0
918576;0;0;0;0;0;0;0;0;0;0
919579;0;0;0;0;0;0;0;0;0;0
920592;0;0;0;0;0;0;0;0;0;0
921605;0;0;0;0;0;0;0;0;0;0
922615;0;0;0;0;0;0;0;0;0;0
923626;0;0;0;0;0;0;0;0;0;0
924638;0;0;0;0;0;0;0;0;0;0
925642;0;0;0;0;0;0;0;0;0;0
926647;0;0;0;0;0;0;0;0;0;0
927648;0;0;0;0;0;0;0;0;0;0
928663;0;0;0;0;0;0;0;0;0;0
929672;0;0;0;0;0;0;0;0;0;0
930685;0;0;0;0;0;0;0;0;0;0
931689;0;0;0;0;0;0;0;0;0;0
932700;0;0;0;0;0;0;0;0;0;0
933710;0;0;0;0;0;0;0;0;0;0
934712;0;0;0;0;0;0;0;0;0;0
935728;0;0;0;0;0;0;0;0;0;0
936743;0;0;0;0;0;0;0;0;0;0
937751;0;0;0;0;0;0;0;0;0;0
938762;0;0;0;0;0;0;0;0;0;0
939772;0;0;0;0;0;0;0;0;0;0
940773;0;0;0;0;0;0;0;0;0;0
941781;0;0;0;0;0;0;0;0;0;0
942789;0;0;0;0;0;0;0;0;0;0
943797;0;0;0;0;0;0;0;0;0;0
944804;0;0;0;0;0;0;0;0;0;0
945807;0;0;0;0;0;0;0;0;0;0
946814;0;0;0;0;0;0;0;0;0;0
947818;0;0;0;0;0;0;0;0;0;0
948823;0;0;0;0;0;0;0;0;0;0
949823;0;0;0;0;0;0;0;0;0;0
950831;0;0;0;0;0;0;0;0;0;0
951843;0;0;0;0;0;0;0;0;0;0
952846;0;0;0;0;0;0;0;0;0;0
953860;0;0;0;0;0;0;0;0;0;0
954872;0;0;0;0;0;0;0;0;0;0
955884;0;0;0;0;0;0;0;0;0;0
956895;0;0;0;0;0;0;0;0;0;0
957902;0;0;0;0;0;0;0;0;0;0
958904;0;0;0;0;0;0;0;0;0;0
959913;0;0;0;0;0;0;0;0;0;0
960916;0;0;0;0;0;0;0;0;0;0
961929;0;0;0;0;0;0;0;0;0;0
962930;0;0;0;0;0;0;0;0;0;0
963945;0;0;0;0;0;0;0;0;0;0
964952;0;0;0;0;0;0;0;0;0;0
965960;0;0;0;0;0;0;0;0;0;0
966976;0;0;0;0;0;0;0;0;0;0
967985;0;0;0;0;0;0;0;0;0;0
968993;0;0;0;0;0;0;0;0;0;0
970005;0;0;0;0;0;0;0;0;0;0
971014;0;0;0;0;0;0;0;0;0;0
972027;0;0;0;0;0;0;0;0;0;0
973035;0;0;0;0;0;0;0;0;0;0
974037;0;0;0;0;0;0;0;0;0;0
975044;0;0;0;0;0;0;0;0;0;0
976050;0;0;0;0;0;0;0;0;0;0
977053;0;0;0;0;0;0;0;0;0;0
978069;0;0;0;0;0;0;0;0;0;0
979078;0;0;0;0;0;0;0;0;0;0
980086;0;0;0;0;0;0;0;0;0;0
981099;0;0;0;0;0;0;0;0;0;0
982111;0;0;0;0;0;0;0;0;0;0
983118;0;0;0;0;0;0;0;0;0;0
984128;0;0;0;0;0;0;0;0;0;0
985130;0;0;0;0;0;0;0;0;0;0
986146;0;0;0;0;0;0;0;0;0;0
987147;0;0;0;0;0;0;0;0;0;0
988147;0;0;0;0;0;0;0;0;0;0
989160;0;0;0;0;0;0;0;0;0;0
990175;0;0;0;0;0;0;0;0;0;0
991185;0;0;0;0;0;0;0;0;0;0
992195;0;0;0;0;0;0;0;0;0;0
993206;0;0;0;0;0;0;0;0;0;0
994210;0;0;0;0;0;0;0;0;0;0
995212;0;2;0;0;0;0;0;0;0;0
996222;0;4;0;0;0;0;0;0;0;0
997222;0;20;0;0;0;0;0;0;0;0
998228;0;30;0;0;0;0;0;0;0;0
999242;0;0;0;0;0;0;0;0;0;0
1000244;0;22;0;0;0;0;0;0;0;0
1001246;0;0;0;0;0;0;0;0;0;0
1002249;0;0;0;0;0;0;0;0;0;0
1003262;0;0;0;0;0;0;0;0;0;0
1004264;0;0;0;0;0;0;0;0;0;0
1005277;0;12;0;15;0;27;0;135;0;0
1006278;0;8;0;14;0;10;0;89;0;0
1007292;0;11;0;24;0;31;0;160;0;0
1008292;0;0;0;0;0;0;0;0;0;0
1009303;0;0;0;0;0;0;0;0;0;0
1010309;0;0;0;0;0;0;0;0;0;0
1011309;0;0;0;0;0;0;0;0;0;0
1012317;0;48;0;110;0;137;0;619;0;0
1013322;0;27;0;55;0;82;0;797;0;0
1014327;0;40;0;95;0;147;0;628;0;0
1015338;0;43;0;83;0;124;0;1217;0;0
1016346;0;0;0;0;0;0;0;1416;0;0
1017349;0;18;0;30;0;55;0;1510;0;0
1018358;0;34;0;84;0;117;0;1184;0;0
1019360;0;0;0;0;0;0;0;1290;0;0
1020369;0;40;0;105;0;140;0;1941;0;0
1021384;0;0;0;0;0;0;0;1951;0;0
1022389;0;0;0;0;0;0;0;1704;0;0
1023391;0;57;0;91;0;155;0;1890;0;0
1024402;0;40;0;77;0;143;0;2681;0;0
1025406;0;48;0;88;0;158;0;3024;0;0
1026419;0;46;0;102;0;162;0;3065;0;0
1027434;0;45;0;98;0;170;0;4062;0;0
1028434;0;52;0;89;0;130;0;4982;0;0
1029438;0;0;0;0;0;0;0;4719;0;0
1030440;0;0;0;0;0;0;0;4543;0;0
1031449;0;0;0;0;0;0;0;5181;0;0
1032457;0;0;0;0;0;0;0;6181;0;0
1033456;0;0;0;0;0;0;0;6641;0;0
1034461;0;0;0;0;0;0;0;6336;0;0
1035469;0;0;0;0;0;0;0;6222;0;0
1036477;0;0;0;0;0;0;0;5604;0;0
1037480;0;0;0;0;0;0;0;5330;0;0
1038484;0;0;0;0;0;0;0;5547;0;0
1039498;0;0;0;0;0;0;0;5566;0;0
1040507;0;0;0;0;0;0;0;4916;0;0
1041507;0;0;0;0;0;0;0;4487;0;0
1042514;0;0;0;0;0;0;0;4394;0;0
1043525;0;0;0;0;0;0;0;3933;0;0
1044527;0;0;0;0;0;0;0;3996;0;0
1045532;0;0;0;0;0;0;0;3996;0;0
1046542;0;0;0;0;0;0;0;4996;0;0
1047555;0;0;0;0;0;0;0;5922;0;0
1048565;0;0;0;0;0;0;0;5760;0;0
1049571;0;0;0;0;0;0;0;6760;0;0
1050582;0;0;0;0;0;0;0;7760;0;0
1051592;0;0;0;0;0;0;0;7605;0;0
1052606;0;0;0;0;0;0;0;8142;0;0
1053607;0;0;0;0;0;0;0;8803;0;0
1054615;0;0;0;0;0;0;0;8537;0;0
1055625;0;0;0;0;0;0;0;9302;0;0
1056639;0;0;0;0;0;0;0;10302;0;0
1057652;0;0;0;0;0;0;0;11302;0;0
1058659;0;0;0;0;0;0;0;11979;0;0
1059667;0;0;0;0;0;0;0;11729;0;0
1060667;0;0;0;0;0;0;0;12306;0;0
1061671;0;0;0;0;0;0;0;12575;0;0
1062674;0;0;0;0;0;0;0;12643;0;0
1063687;0;0;0;0;0;0;0;12282;0;0
1064696;0;0;0;0;0;0;0;11974;0;0
1065700;0;0;0;0;0;0;0;11801;0;0
1066709;0;0;0;0;0;0;0;12092;0;0
1067717;0;0;0;0;0;0;0;11543;0;0
1068722;0;0;0;0;0;0;0;12415;0;0
1069723;0;0;0;0;0;0;0;13297;0;0
1070730;0;0;0;0;0;0;0;13637;0;0
1071742;0;0;0;0;0;0;0;14083;0;0
1072748;0;0;0;0;0;0;0;14564;0;0
1073761;0;0;0;0;0;0;0;13930;0;0
1074764;0;0;0;0;0;0;0;14433;0;0
1075774;0;0;0;0;0;0;0;14306;0;0
1076788;0;0;0;0;0;0;0;14044;0;0
1077790;0;0;0;0;0;0;0;14401;0;0
1078806;0;0;0;0;0;0;0;15007;0;0
1079816;0;0;0;0;0;0;0;14339;0;0
1080821;0;0;0;0;0;0;0;13938;0;0
1081835;0;0;0;0;0;0;0;13878;0;0
1082848;0;0;0;0;0;0;0;14878;0;0
1083850;0;0;0;0;0;0;0;15786;0;0
1084858;0;0;0;0;0;0;0;16339;0;0
1085868;0;0;0;0;0;0;66;17121;66;66
1086870;0;0;0;0;0;0;0;16763;0;66
1087875;0;0;0;0;0;0;0;16406;0;66
1088900;0;0;0;0;0;0;424;16611;424;490
1089921;0;0;0;0;0;0;847;16298;847;1337
1090913;0;0;0;0;0;0;430;16868;430;1767
1091916;0;0;0;0;0;0;368;17145;368;2135
1092903;0;0;0;0;0;0;0;16903;0;2135
1093920;0;0;0;0;0;0;146;17457;146;2281
1094932;0;0;0;0;0;0;0;16798;0;2281
1095950;0;0;0;0;0;0;171;16848;171;2452
1096946;0;0;0;0;0;0;0;17242;0;2452
1097957;0;0;0;0;0;0;154;16430;154;2606
1098967;0;0;0;0;0;0;20;16569;20;2626
1099981;0;0;0;0;0;0;0;16094;0;2626
1100990;0;0;0;0;0;0;0;15644;0;2626
1101999;0;0;0;0;0;0;42;16378;42;2668
1103017;0;0;0;0;0;0;524;16854;524;3192
1104026;0;0;0;0;0;0;452;16764;452;3644
1105026;0;0;0;0;0;0;668;16096;668;4312
1106027;0;0;0;0;0;0;176;16920;176;4488
1107047;0;0;0;0;0;0;498;17422;498;4986
1108035;0;0;0;0;0;0;26;18225;26;5012
1109064;0;0;0;0;0;0;514;18263;514;5526
1110110;0;0;0;0;0;0;1372;17239;1372;6898
1111062;0;0;0;0;0;0;24;17564;24;6922
1112109;0;0;0;0;0;0;767;17797;767;7689
1113083;0;0;0;0;0;0;62;18093;62;7751
1114100;0;0;0;0;0;0;266;18611;266;8017
1115110;0;0;0;0;0;0;323;18881;323;8340
1116117;0;0;0;0;0;0;152;19691;152;8492
1117113;0;0;0;0;0;0;0;20029;0;8492
1118128;0;0;0;0;0;0;109;20459;109;8601
1119134;0;0;0;0;0;0;0;21459;0;8601
1120146;0;0;0;0;0;0;191;22268;191;8792
1121156;0;0;0;0;0;0;0;22563;0;8792
1122225;0;0;0;0;0;0;1190;22053;1190;9982
1123170;0;0;0;0;0;0;6;21750;6;9988
1124173;0;0;0;0;0;0;0;22290;0;9988
1125247;0;0;0;0;0;0;1318;20308;1318;11306
1126184;0;0;0;0;0;0;0;19810;0;11306
1127200;0;0;0;0;0;0;561;18923;561;11867
1128201;0;0;0;0;0;0;220;18763;220;12087
1129218;0;0;0;0;0;0;299;18611;299;12386
1130234;0;0;0;0;0;0;469;18843;469;12855
1131236;0;0;0;0;0;0;581;18964;581;13436
1132243;0;0;0;0;0;0;481;18541;481;13917
1133244;0;0;0;0;0;0;339;18729;339;14256
1134269;0;0;0;0;0;0;709;18020;709;14965
1135280;0;0;0;0;0;0;826;17663;826;15791
1136268;0;0;0;0;0;0;133;17167;133;15924
1137287;0;0;0;0;0;0;690;17477;690;16614
1138303;0;0;0;0;0;0;1159;16983;1159;17773
1139294;0;0;0;0;0;0;432;16880;432;18205
1140309;0;0;0;0;0;0;696;16184;696;18901
1141312;0;0;0;0;0;0;686;16260;686;19587
1142303;0;0;0;0;0;0;0;17149;0;19587
1143334;0;0;0;0;0;0;634;17259;634;20221
1144312;0;0;0;0;0;0;0;17363;0;20221
1145318;0;0;0;0;0;0;0;17024;0;20221
1146333;0;0;0;0;0;0;0;17441;0;20221
1147339;0;0;0;0;0;0;0;17000;0;20221
1148346;0;0;0;0;0;0;0;17000;0;20221
1149355;0;0;0;0;0;0;0;17070;0;20221
1150361;0;0;0;0;0;0;0;17714;0;20221
1151361;0;0;0;0;0;0;0;17825;0;20221
1152377;0;0;0;0;0;0;453;18214;453;20674
1153383;0;0;0;0;0;0;410;18804;410;21084
1154380;0;35;0;0;0;0;670;18302;670;21754
1155380;0;29;0;81;0;104;0;17866;0;21754
1156387;0;50;0;106;0;148;0;18159;0;21754
1157425;0;51;0;74;0;171;919;18138;919;22673
1158410;0;53;0;112;0;130;213;18926;213;22886
1159423;0;51;0;85;0;146;255;19489;255;23141
1160467;0;43;0;80;0;147;1296;18584;1296;24437
1161420;0;38;0;78;0;130;33;18791;33;24470
1162435;0;0;0;0;0;0;591;17831;591;25061
1163443;0;23;0;34;0;58;202;17194;202;25263
1164447;0;30;0;59;0;120;0;16854;0;25263
1165455;0;49;0;99;0;148;0;17274;0;25263
1166461;0;0;0;0;0;0;0;17344;0;25263
1167463;0;0;0;0;0;0;0;16821;0;25263
1168465;0;18;0;33;0;60;0;16835;0;25263
1169466;0;55;0;94;0;157;0;17169;0;25263
1170470;0;56;0;94;0;148;0;17480;0;25263
1171507;0;26;0;64;0;88;763;17387;763;26026
1172502;0;0;0;0;0;0;953;16282;953;26979
1173479;0;18;0;32;0;46;0;16451;0;26979
1174487;0;0;0;0;0;0;102;16198;102;27081
1175480;0;0;0;0;0;0;0;16373;0;27081
1176500;0;0;0;0;0;0;460;16913;460;27541
1177542;0;0;0;0;0;0;1287;16152;1287;28828
1178500;0;0;0;0;0;0;94;15058;94;28922
1179507;0;0;0;0;0;0;97;13961;97;29019
1180518;0;0;0;0;0;0;0;12961;0;29019
1181526;0;0;0;0;0;0;0;11961;0;29019
1182531;0;0;0;0;0;0;0;10961;0;29019
1183533;0;0;0;0;0;0;0;9961;0;29019
1184537;0;0;0;0;0;0;0;8961;0;29019
1185545;0;0;0;0;0;0;0;7961;0;29019
1186545;0;0;0;0;0;0;0;6961;0;29019
1187559;0;0;0;0;0;0;0;5961;0;29019
1188566;0;0;0;0;0;0;0;4961;0;29019
1189567;0;0;0;0;0;0;0;3961;0;29019
1190578;0;0;0;0;0;0;0;2961;0;29019
1191589;0;0;0;0;0;0;0;1961;0;29019
1192597;0;0;0;0;0;0;0;961;0;29019
1193601;0;0;0;0;0;0;0;0;0;28980
1194611;0;0;0;0;0;0;0;0;0;27980
1195622;0;0;0;0;0;0;0;0;0;26980
1196625;0;0;0;0;0;0;0;0;0;25980
1197631;0;0;0;0;0;0;0;0;0;24980
1198641;0;0;0;0;0;0;0;0;0;23980
1199642;0;0;0;0;0;0;0;0;0;22980
1200651;0;0;0;0;0;0;0;0;0;21980
1201660;0;0;0;0;0;0;0;0;0;20980
1202668;0;0;0;0;0;0;0;0;0;19980
1203674;0;0;0;0;0;0;0;0;0;18980
1204674;0;0;0;0;0;0;0;0;0;17980
1205677;0;0;0;0;0;0;0;0;0;16980
1206682;0;0;0;0;0;0;0;0;0;15980
1207698;0;0;0;0;0;0;0;0;0;14980
1208710;0;0;0;0;0;0;0;0;0;13980
1209709;0;0;0;0;0;0;0;0;0;12980
1210712;0;0;0;0;0;0;0;0;0;11980
1211713;0;0;0;0;0;0;0;0;0;10980
1212724;0;0;0;0;0;0;0;0;0;9980
1213724;0;0;0;0;0;0;0;0;0;8980
1214735;0;0;0;0;0;0;0;0;0;7980
1215735;0;0;0;0;0;0;0;0;0;6980
1216750;0;0;0;0;0;0;0;0;0;5980
1217755;0;0;0;0;0;0;0;0;0;4980
1218765;0;0;0;0;0;0;0;0;0;3980
1219781;0;0;0;0;0;0;0;0;0;2980
1220794;0;0;0;0;0;0;0;0;0;1980
1221804;0;0;0;0;0;0;0;0;0;980
1222813;0;0;0;0;0;0;0;0;0;0
1223815;0;0;0;0;0;0;0;0;0;0
1224825;0;0;0;0;0;0;0;0;0;0
1225835;0;0;0;0;0;0;0;0;0;0
1226838;0;0;0;0;0;0;0;0;0;0
1227843;0;0;0;0;0;0;0;0;0;0
1228856;0;0;0;0;0;0;0;0;0;0
1229864;0;0;0;0;0;0;0;0;0;0
1230863;0;0;0;0;0;0;0;0;0;0
1231872;0;0;0;0;0;0;0;0;0;0
1232875;0;0;0;0;0;0;0;0;0;0
1233884;0;0;0;0;0;0;0;0;0;0
1234897;0;0;0;0;0;0;0;0;0;0
1235898;0;0;0;0;0;0;0;0;0;0
1236904;0;0;0;0;0;0;0;0;0;0
1237915;0;0;0;0;0;0;0;0;0;0
1238917;0;0;0;0;0;0;0;0;0;0
1239925;0;0;0;0;0;0;0;0;0;0
1240938;0;0;0;0;0;0;0;0;0;0
1241942;0;0;0;0;0;0;0;0;0;0
1242955;0;0;0;0;0;0;0;0;0;0
1243956;0;0;0;0;0;0;0;0;0;0
1244972;0;0;0;0;0;0;0;0;0;0
1245973;0;0;0;0;0;0;0;0;0;0
1246987;0;0;0;0;0;0;0;0;0;0
1248000;0;0;0;0;0;0;0;0;0;0
1249013;0;0;0;0;0;0;0;0;0;0
1250019;0;0;0;0;0;0;0;0;0;0
1251022;0;0;0;0;0;0;0;0;0;0
1252034;0;0;0;0;0;0;0;0;0;0
1253044;0;0;0;0;0;0;0;0;0;0
1254051;0;0;0;0;0;0;0;0;0;0
1255057;0;0;0;0;0;0;0;0;0;0
1256066;0;0;0;0;0;0;0;0;0;0
1257075;0;0;0;0;0;0;0;0;0;0
1258082;0;0;0;0;0;0;0;0;0;0
1259099;0;0;0;0;0;0;0;0;0;0
1260110;0;0;0;0;0;0;0;0;0;0
1261113;0;0;0;0;0;0;0;0;0;0
1262129;0;0;0;0;0;0;0;0;0;0
1263144;0;0;0;0;0;0;0;0;0;0
1264147;0;0;0;0;0;0;0;0;0;0
1265154;0;0;0;0;0;0;0;0;0;0
1266168;0;0;0;0;0;0;0;0;0;0
1267177;0;0;0;0;0;0;0;0;0;0
1268176;0;0;0;0;0;0;0;0;0;0
1269189;0;0;0;0;0;0;0;0;0;0
1270199;0;0;0;0;0;0;0;0;0;0
1271199;0;0;0;0;0;0;0;0;0;0
1272200;0;0;0;0;0;0;0;0;0;0
1273214;0;0;0;0;0;0;0;0;0;0
1274225;0;0;0;0;0;0;0;0;0;0
1275237;0;0;0;0;0;0;0;0;0;0
1276245;0;0;0;0;0;0;0;0;0;0
1277258;0;0;0;0;0;0;0;0;0;0
1278265;0;0;0;0;0;0;0;0;0;0
