Timestamp; Q1; Q2; Q3; Q4; Expirados
575;50;99;134;717;0
1028;50;99;134;717;0
1035;106;195;283;1416;0
1552;161;303;441;2095;0
2035;0;0;0;2000;0
2053;0;2;2;2025;0
2560;51;106;129;2743;0
3040;0;0;0;2029;0
3058;3;11;14;2122;0
3575;41;91;128;2677;0
4054;0;0;0;1937;0
4087;0;0;0;1937;0
4607;42;87;150;2555;0
5056;0;0;0;1834;0
5107;0;0;0;1834;0
5612;33;75;114;2299;0
6066;0;0;0;1521;0
6117;44;98;150;2229;0
6627;79;209;290;2943;0
7081;0;0;0;2521;0
7130;58;88;164;3211;0
7642;13;124;221;3459;0
8094;13;0;0;2862;0
8144;37;41;54;3168;0
8645;27;76;98;3424;0
9095;27;0;0;2635;0
9145;27;0;0;2635;0
9650;43;105;145;3342;0
10102;43;0;0;2619;0
10155;90;95;157;3320;0
10658;34;75;275;3753;0
11106;34;75;0;3213;0
11173;91;159;133;3849;0
11686;48;102;135;3885;0
12121;48;102;135;3885;0
12189;95;189;277;4541;0
12697;41;98;144;4780;0
13122;41;98;144;4780;0
13207;91;199;290;5443;0
13718;15;39;65;5292;0
14122;15;39;65;5292;0
14220;60;127;161;5851;0
14725;0;0;0;5199;0
15134;0;0;0;5199;0
15231;44;76;161;5806;0
15741;0;0;0;5087;0
16134;0;0;0;5087;0
16246;52;115;150;5770;0
16748;56;98;152;5781;0
17137;56;98;152;5781;0
17252;98;188;298;6503;0
17763;51;116;142;6778;0
18151;51;116;142;6778;0
18268;81;191;263;7276;0
18775;0;0;0;6811;0
19165;0;0;0;6811;0
19283;14;36;59;7082;0
19787;0;0;0;6191;0
20164;0;0;0;6191;0
20293;51;100;164;6876;0
20795;37;73;109;6737;0
21176;37;73;109;6737;0
21308;104;171;226;7348;0
21809;0;0;0;6849;0
22181;0;0;0;6849;0
22327;21;37;60;7143;0
22824;49;94;159;6959;0
23189;49;94;159;6959;0
23335;81;157;259;7367;0
23834;30;85;87;7347;0
24190;30;85;87;7347;0
24336;67;160;177;7784;0
24848;51;99;155;7883;0
25193;51;99;155;7883;0
25351;94;194;319;8581;0
25867;43;97;132;8799;0
26208;43;97;132;8799;0
26373;57;143;181;9049;0
26875;0;0;0;8430;0
27219;0;0;0;8430;0
27377;39;97;142;9097;0
27892;0;0;0;8375;0
28233;0;0;0;8375;0
28398;38;83;103;8943;0
28902;23;39;72;8518;0
29243;23;39;72;8518;0
29403;23;39;72;8518;0
29907;21;50;100;8007;0
30248;21;50;100;8007;0
30410;21;50;100;8007;0
30911;27;32;40;7398;0
31258;27;32;40;7398;0
31418;46;75;82;7654;0
31921;0;0;0;6857;0
32266;0;0;0;6857;0
32426;24;55;65;7195;0
32928;41;95;146;7013;0
33281;41;95;146;7013;0
33439;41;95;146;7013;0
33956;45;97;165;6988;0
34294;45;97;165;6988;0
34459;48;98;173;7025;0
34964;49;95;144;7056;0
35295;49;95;144;7056;0
35470;56;116;172;7197;0
35974;38;100;138;7265;0
36305;38;100;138;7265;0
36484;50;125;172;7413;0
36986;46;75;133;7383;0
37314;46;75;133;7383;0
37490;86;179;296;8076;0
37991;55;95;162;8325;0
38319;55;95;162;8325;0
38497;63;134;215;8558;0
38999;36;88;128;8676;0
39323;36;88;128;8676;0
39498;65;164;220;9134;0
39998;34;93;111;9155;0
40323;34;93;111;9155;0
40514;80;194;263;9856;0
41014;46;97;159;10091;0
41324;46;97;159;10091;0
41518;83;176;284;10642;0
42017;47;105;144;10889;0
42327;47;105;144;10889;0
42518;64;154;212;11170;0
43020;17;31;44;10852;0
43333;17;31;44;10852;0
43529;79;118;203;11544;0
44039;7;20;34;11065;0
44337;7;20;34;11065;0
44546;38;96;131;11591;0
45052;53;106;141;11556;0
45347;53;106;141;11556;0
45553;68;141;187;11747;0
46058;28;41;63;11438;0
46353;28;41;63;11438;0
46562;28;41;63;11438;0
47077;28;41;77;10895;0
47368;28;41;77;10895;0
47589;28;41;77;10895;0
48093;54;95;147;10745;0
48372;54;95;147;10745;0
48608;77;145;213;11097;0
49108;25;69;110;10979;0
49377;25;69;110;10979;0
49617;73;163;269;11678;0
50122;60;98;149;11876;0
50390;60;98;149;11876;0
50630;107;194;295;12587;0
51131;65;124;140;12854;0
51394;65;124;140;12854;0
51636;119;206;292;13566;0
52135;57;104;158;13864;0
52396;57;104;158;13864;0
52650;71;125;180;14017;0
53149;42;75;117;13936;0
53396;42;75;117;13936;0
53660;72;124;179;14256;0
54160;0;0;0;13631;0
54413;0;0;0;13631;0
54667;51;109;146;14325;0
55167;6;31;61;13846;0
55414;6;31;61;13846;0
55684;58;147;216;14523;0
56195;6;16;34;14070;0
56428;6;16;34;14070;0
56697;21;51;74;14310;0
57195;24;45;62;13769;0
57429;24;45;62;13769;0
57700;46;88;119;14056;0
58208;48;81;120;13886;0
58438;48;81;120;13886;0
58710;102;184;260;14585;0
59216;0;0;0;14131;0
59451;0;0;0;14131;0
59726;34;82;118;14718;0
60228;42;76;123;14558;0
60463;42;76;123;14558;0
60731;42;76;123;14558;0
61238;22;32;51;14113;0
61472;22;32;51;14113;0
61743;22;32;51;14113;0
62247;25;33;79;13540;0
62477;25;33;79;13540;0
62761;25;33;79;13540;0
63265;27;56;103;13150;0
63480;27;56;103;13150;0
63779;47;88;151;13424;0
64284;47;107;156;13400;0
64486;47;107;156;13400;0
64786;78;172;265;13874;0
65291;33;50;63;13705;0
65492;33;50;63;13705;0
65793;33;50;63;13705;0
66297;10;38;67;13152;0
66500;10;38;67;13152;0
66805;30;78;136;13444;0
67305;0;0;0;12688;0
67505;0;0;0;12688;0
67811;48;98;144;13316;0
68312;50;110;139;13307;0
68513;50;110;139;13307;0
68813;96;202;279;14029;0
69323;53;114;154;14285;0
69527;53;114;154;14285;0
69826;106;215;319;14966;0
70328;24;68;106;15062;0
70541;24;68;106;15062;0
70842;59;156;205;15614;0
71347;36;77;139;15645;0
71560;36;77;139;15336;309
71847;36;77;139;15336;309
72350;14;38;54;14852;309
72557;14;38;54;14634;527
72865;47;112;149;15139;527
73371;68;88;149;15142;527
73562;68;88;149;14971;698
73869;113;183;307;15673;698
74375;5;7;11;15365;698
74581;5;7;11;14853;1210
74877;41;84;105;15350;1210
75389;46;100;162;15272;1210
75563;46;100;162;15272;1210
75899;76;140;233;15578;1210
76407;0;0;0;15027;1210
76576;0;0;0;15027;1210
76910;45;67;92;15589;1210
77412;0;0;0;14793;1210
77582;0;0;0;14793;1210
77929;43;57;98;15199;1210
78429;39;79;133;14944;1210
78582;39;79;133;14944;1210
78942;39;79;133;14944;1210
79448;21;45;71;14536;1210
79589;21;45;71;14536;1210
79958;78;135;206;15254;1210
80469;58;97;150;15368;1210
80592;58;97;150;15368;1210
80967;91;198;299;16085;1210
81487;42;97;150;16384;1210
81591;42;97;150;16384;1210
81986;100;188;294;17091;1210
82489;39;63;84;17148;1210
82594;39;63;84;17148;1210
82989;64;109;146;17476;1210
83504;44;71;122;17303;1210
83609;44;71;122;17303;1210
84015;68;112;204;17671;1210
84529;18;51;79;17384;1210
84632;18;51;79;17101;1493
85032;39;96;135;17324;1493
85535;29;48;93;16989;1493
85627;29;48;93;16989;1493
86038;29;48;93;16989;1493
86544;21;47;54;16464;1493
86633;21;47;54;16464;1493
87045;53;81;140;16838;1493
87550;29;54;92;16568;1493
87638;29;54;92;16568;1493
88051;29;54;92;16568;1493
88558;43;90;165;16445;1493
88670;43;90;165;15860;2078
89072;63;141;241;16119;2078
89579;52;107;130;16275;2078
89679;52;107;130;15750;2603
90088;79;184;242;16249;2603
90591;29;76;93;16217;2603
90673;29;76;93;16160;2660
91096;29;76;93;16160;2660
91614;39;71;119;15812;2660
91670;39;71;119;15812;2660
92113;39;71;119;15812;2660
92612;39;92;152;15619;2660
92674;39;92;152;15619;2660
93116;86;171;283;16199;2660
93629;0;0;0;15739;2660
93709;0;0;0;15231;3168
94146;26;44;84;15618;3168
94648;26;40;55;15023;3168
94692;26;40;55;15023;3168
95151;84;152;199;15649;3168
95651;0;0;0;15084;3168
95701;0;0;0;14895;3357
96155;40;77;121;15404;3357
96660;48;92;116;15346;3357
96706;48;92;116;15326;3377
97172;89;199;281;16013;3377
97683;41;112;136;16293;3377
97707;41;112;136;16293;3377
98182;86;194;265;16933;3377
98683;55;112;159;17152;3377
98714;55;112;159;17085;3444
99195;100;198;287;17744;3444
99707;0;0;0;17329;3444
99710;0;0;0;17329;3444
100222;39;86;124;17843;3444
100788;0;0;0;15160;5376
100792;0;0;0;15160;5376
101295;29;40;72;15530;5376
101718;0;0;0;14671;5376
101801;42;75;110;15214;5376
102301;115;165;265;15896;5376
102719;0;0;0;15441;5376
102818;41;103;152;16145;5376
103319;95;210;292;16844;5376
103749;0;0;0;16056;5761
103826;17;63;79;16480;5761
104332;17;63;79;16480;5761
104741;0;0;0;15560;5840
104835;44;87;148;16190;5840
105338;44;87;148;16190;5840
105742;0;0;0;15469;5840
105855;31;75;84;15911;5840
106359;83;175;226;16617;5840
106746;0;0;0;16101;5840
106862;54;92;163;16792;5840
107373;89;137;235;17182;5840
107751;0;0;0;16643;5840
107880;0;0;0;16643;5840
108383;50;109;144;17324;5840
108760;0;0;0;16609;5858
108886;55;80;138;17319;5858
109385;106;176;262;17851;5858
109801;0;0;0;16641;6612
109902;51;101;160;17319;6612
110404;81;173;271;17821;6612
110777;0;0;0;17346;6612
110906;59;110;154;18023;6612
111412;91;179;230;18419;6612
111786;0;0;0;17919;6612
111914;35;78;105;18441;6612
112416;35;78;105;18441;6612
112798;0;0;0;17611;6660
112931;47;101;154;18309;6660
113428;110;196;310;18995;6660
113801;0;0;0;18611;6660
113929;43;77;144;19246;6660
114441;43;77;144;19246;6660
114801;0;0;0;18510;6660
114950;56;116;155;19183;6660
115467;98;207;286;19794;6660
115833;0;0;0;18871;7174
115971;46;62;107;19370;7174
116470;46;62;107;19370;7174
116826;0;0;0;18225;7534
116987;57;100;152;18916;7534
117498;8;131;184;19062;7534
117838;8;0;0;17807;8161
118002;65;83;116;18457;8161
118514;47;185;245;19166;8161
118853;47;0;0;17902;8920
119013;75;33;38;18130;8920
119517;0;33;38;18130;8920
119824;0;0;0;17276;8920
120029;52;102;138;17982;8920
120529;0;0;0;17274;8920
120829;0;0;0;17274;8920
121038;47;105;138;17984;8920
121533;55;103;149;17967;8920
121832;55;103;149;17967;8920
122040;67;143;193;18204;8920
122540;19;60;266;18593;8920
122895;19;60;0;16866;10123
123054;45;105;75;17194;10123
123567;48;119;154;17098;10123
123846;48;119;154;17098;10123
124070;60;154;181;17298;10123
124571;31;87;121;17286;10123
124847;31;87;121;17286;10123
125085;61;176;237;17807;10123
125585;44;93;137;17850;10123
125861;44;93;137;17850;10123
126101;79;172;233;18382;10123
126601;0;0;0;17866;10123
126885;0;0;0;17431;10558
127105;55;102;154;18068;10558
127613;0;0;0;17379;10558
127877;0;0;0;17379;10558
128121;59;92;156;18052;10558
128633;47;85;125;17942;10558
128896;47;85;125;17583;10917
129135;47;85;125;17583;10917
129638;22;41;55;17102;10917
129903;22;41;55;16635;11384
130139;35;86;114;16891;11384
130654;43;86;136;16662;11384
130931;43;86;136;15852;12194
131168;79;134;222;16286;12194
131680;42;91;135;16332;12194
131912;42;91;135;16332;12194
132183;69;165;213;16730;12194
132694;0;0;0;16177;12194
132950;0;0;0;15526;12845
133198;44;87;137;16149;12845
133700;27;33;77;15738;12845
133934;27;33;77;15698;12885
134217;70;164;215;16386;12885
134718;47;84;147;16532;12885
134959;47;84;147;15799;13618
135221;84;167;263;16374;13618
135725;46;104;152;16548;13618
135945;46;104;152;16535;13631
136231;64;160;229;16862;13631
136742;0;0;0;16315;13631
136948;0;0;0;16250;13696
137251;29;51;71;16605;13696
137760;32;50;81;16129;13696
137962;32;50;81;16103;13722
138269;76;159;204;16823;13722
138783;0;0;0;16262;13722
138980;0;0;0;15886;14098
139297;16;47;85;16290;14098
139811;52;123;149;16114;14098
139980;52;123;149;16114;14098
140327;70;169;216;16422;14098
140840;20;54;88;16227;14098
141005;20;54;88;15909;14416
141353;62;147;221;16589;14416
141857;43;90;152;16734;14416
141997;43;90;152;16673;14477
142360;66;134;203;16916;14477
142861;48;104;150;17017;14477
143004;48;104;150;16897;14597
143376;58;121;189;17080;14597
143890;57;93;156;17142;14597
144021;57;93;156;16895;14844
144404;116;177;303;17605;14844
144903;58;86;133;17924;14844
145056;58;86;133;17214;15554
145406;77;135;201;17540;15554
145914;30;79;101;17453;15554
146059;30;79;101;16939;16068
146421;84;186;224;17655;16068
146925;38;67;96;17652;16068
147053;38;67;96;17521;16199
147439;38;67;96;17521;16199
147937;43;82;118;17260;16199
148060;43;82;118;17260;16199
148442;90;182;258;17973;16199
148949;52;76;180;18195;16199
149069;52;76;180;18195;16199
149454;108;175;342;18878;16199
149961;55;92;170;19186;16199
150083;55;92;170;19186;16199
150463;79;124;216;19427;16199
150977;56;101;159;19530;16199
151108;56;101;159;19011;16718
151482;114;184;338;19691;16718
151988;53;96;150;20028;16718
152126;53;96;150;19383;17363
152496;101;198;295;20088;17363
153002;49;89;156;20388;17363
153119;49;89;156;20171;17580
153505;82;151;257;20628;17580
154010;49;94;141;20834;17580
154142;49;94;141;20282;18132
154523;59;112;165;20420;18132
155039;42;103;149;20462;18132
155156;42;103;149;19907;18687
155555;76;159;272;20419;18687
156056;51;99;170;20570;18687
156154;51;99;170;20076;19181
156565;83;149;275;20530;19181
157069;33;104;159;20741;19181
157143;33;104;159;20741;19181
157576;91;205;308;21433;19181
158080;47;107;146;21737;19181
158151;47;107;146;21737;19181
158596;99;217;302;22419;19181
159100;51;107;150;22729;19181
159190;51;107;150;22148;19762
159616;108;196;288;22815;19762
160118;34;91;133;22955;19762
160191;34;91;133;22379;20338
160618;34;91;133;22379;20338
161123;29;77;109;22241;20338
161184;29;77;109;21953;20626
161636;29;77;109;21953;20626
162140;55;99;166;21848;20626
162187;55;99;166;21675;20799
162654;95;195;302;22403;20799
163158;40;96;139;22720;20799
163210;40;96;139;22247;21272
163670;86;192;299;22945;21272
164175;47;108;145;23222;21272
164206;47;108;145;22819;21675
164681;96;189;311;23523;21675
165183;48;93;162;23816;21675
165255;48;93;162;22593;22898
165696;99;194;320;23283;22898
166194;0;0;0;22783;23011
166200;51;116;154;23462;23011
166704;102;213;296;24172;23011
167242;0;0;0;22953;23841
167245;56;73;128;23565;23841
167759;56;73;128;23565;23841
168200;0;0;0;22822;23841
168266;24;68;82;23200;23841
168780;24;68;82;23200;23841
169267;0;0;0;21169;25046
169280;43;63;131;21695;25046
169799;95;150;276;22411;25046
170233;0;0;0;21635;25343
170296;8;25;46;21835;25343
170813;49;101;144;22315;25343
171322;0;0;0;19796;27156
171326;49;91;156;20500;27156
171831;98;188;293;21217;27156
172249;0;0;0;20569;27383
172334;37;90;150;21292;27383
172844;92;176;292;21971;27383
173266;0;0;0;21205;27709
173349;14;43;34;21438;27709
173853;33;95;94;21785;27709
174264;0;0;0;20931;27785
174354;40;61;123;21514;27785
174857;40;61;123;21514;27785
175287;0;0;0;20296;28227
175361;19;24;41;20531;28227
175862;48;110;132;20936;28227
176269;0;0;0;20226;28227
176367;45;77;135;20811;28227
176871;86;146;256;21351;28227
177320;0;0;0;19956;29110
177377;41;84;121;20466;29110
177881;76;201;259;21176;29110
178346;0;0;0;19479;30343
178397;31;62;90;19927;30343
178899;69;174;271;20596;30343
179315;0;0;0;19532;30921
179400;7;3;12;19591;30921
179905;55;115;140;20303;30921
180301;0;0;0;19386;31148
180406;55;100;157;20074;31148
180915;96;194;286;20742;31148
181314;0;0;0;20138;31328
181420;45;99;128;20866;31328
181935;59;134;163;21071;31328
182408;0;0;0;18331;33424
182438;48;104;162;19017;33424
182955;62;149;231;19266;33424
183343;0;0;0;17974;34158
183471;43;91;116;18530;34158
183972;91;190;284;19215;34158
184326;0;0;0;18780;34158
184485;49;99;164;19468;34158
184988;91;196;304;20118;34158
185370;0;0;0;18777;35090
185489;0;0;0;18777;35090
185995;43;105;156;19473;35090
186352;0;0;0;18464;35403
186499;8;27;26;18644;35403
187000;34;86;117;19113;35403
187343;0;0;0;18307;35446
187516;31;78;92;18845;35446
188015;31;78;92;18845;35446
188355;0;0;0;18046;35446
188530;30;59;77;18462;35446
189042;85;148;254;19141;35446
189368;0;0;0;18341;35733
189546;2;1;0;18346;35733
190053;28;58;77;18700;35733
190363;0;0;0;17863;35733
190554;0;0;0;17863;35733
191071;40;75;101;18339;35733
191373;0;0;0;17462;35826
191575;66;86;139;18171;35826
192089;35;128;227;18619;35826
192433;35;0;0;16809;37057
192591;71;54;92;17238;37057
193094;49;155;220;17888;37057
193396;49;0;0;17334;37057
193604;87;89;113;17904;37057
194104;38;85;116;17703;37057
194409;38;85;116;17703;37057
194619;61;139;215;18112;37057
195117;37;93;135;18161;37057
195420;37;93;135;18161;37057
195627;37;93;135;18161;37057
196127;37;81;125;17963;37057
196429;37;81;125;17963;37057
196641;83;177;280;18666;37057
197139;17;42;66;18531;37057
197491;17;42;66;17520;38068
197653;54;164;224;18203;38068
198152;59;92;146;18348;38068
198449;59;92;146;18348;38068
198655;115;202;299;19029;38068
199157;13;15;330;19199;38068
199479;13;15;0;18489;38425
199669;36;90;84;18890;38425
200173;49;103;236;19586;38425
200535;49;103;0;17518;39855
200685;76;165;74;17887;39855
201186;41;73;120;17801;39855
201487;41;73;120;17553;40103
201698;82;173;245;18112;40103
202199;66;111;158;18277;40103
202498;66;111;158;17842;40538
202704;107;223;317;18530;40538
203201;29;78;111;18637;40538
203518;29;78;111;17946;41229
203711;62;166;212;18438;41229
204209;46;115;141;18534;41229
204527;46;115;141;17812;41951
204722;94;201;278;18541;41951
205222;45;89;134;18749;41951
205500;45;89;134;18749;41951
205722;91;180;294;19425;41951
206222;62;93;136;19602;41951
206519;62;93;136;19335;42218
206726;62;93;136;19335;42218
207224;22;37;51;18887;42218
207522;22;37;51;18589;42516
207730;47;71;114;18853;42516
208231;35;69;102;18604;42516
208524;35;69;102;18604;42516
208746;35;69;102;18604;42516
209247;20;44;78;18184;42516
209527;20;44;78;18184;42516
209763;20;44;78;18184;42516
210264;47;106;153;18020;42516
210528;47;106;153;18020;42516
210769;79;201;320;18726;42516
211278;46;111;154;19015;42516
211541;46;111;154;18748;42783
211786;62;160;244;19106;42783
212292;0;0;0;18572;42783
212543;0;0;0;18572;42783
212800;27;58;92;18958;42783
213302;0;0;0;18135;42783
213564;0;0;0;17843;43075
213809;46;99;146;18552;43075
214309;58;92;138;18555;43075
214568;58;92;138;18345;43285
214825;73;130;176;18546;43285
215326;58;110;120;18599;43285
215559;58;110;120;18586;43298
215834;125;202;263;19284;43298
216339;27;54;78;19278;43298
216609;27;54;78;18444;44132
216848;54;100;146;18776;44132
217360;54;60;121;18689;44132
217612;54;60;121;17899;44922
217865;54;60;121;17899;44922
218369;21;41;77;17482;44922
218596;21;41;77;17179;45225
218881;39;87;142;17481;45225
219397;22;59;60;17061;45225
219595;22;59;60;17061;45225
219896;22;59;60;17061;45225
220402;53;102;149;16809;45225
220600;53;102;149;16809;45225
220902;68;127;214;17041;45225
221417;24;47;70;16794;45225
221632;24;47;70;16352;45667
221930;66;132;180;16908;45667
222432;33;67;90;16673;45667
222661;33;67;90;15482;46858
222937;33;67;90;15482;46858
223443;19;36;57;14967;46858
223629;19;36;57;14967;46858
223949;69;126;211;15673;46858
224455;60;110;169;15740;46858
224675;60;110;169;14885;47713
224965;98;197;309;15522;47713
225467;58;89;118;15716;47713
225672;58;89;118;15183;48246
225969;97;162;225;15700;48246
226475;57;107;143;15877;48246
226666;57;107;143;15781;48342
226975;59;112;152;15812;48342
227492;36;86;119;15673;48342
227661;36;86;119;15673;48342
227999;67;171;248;16212;48342
228513;28;67;98;16137;48342
228669;28;67;98;16137;48342
229015;66;151;232;16737;48342
229528;23;49;87;16482;48342
229682;23;49;87;16482;48342
230031;48;99;184;16922;48342
230546;0;0;0;16253;48342
230717;0;0;0;15390;49205
231049;13;30;56;15608;49205
231552;36;71;120;15243;49205
231694;36;71;120;15243;49205
232059;81;168;258;15875;49205
232564;65;104;136;16065;49205
232702;65;104;136;16065;49205
233071;124;193;294;16759;49205
233576;47;90;146;17087;49205
233715;47;90;146;17087;49205
234080;98;188;281;17803;49205
234585;47;104;150;18069;49205
234739;47;104;150;17686;49588
235087;93;194;263;18275;49588
235589;19;33;44;18108;49588
235769;19;33;44;17104;50592
236089;19;33;44;17104;50592
236598;36;74;105;16659;50592
236739;36;74;105;16659;50592
237104;67;130;180;17043;50592
237612;26;61;86;16835;50592
237753;26;61;86;16835;50592
238121;84;150;222;17486;50592
238623;58;101;136;17624;50592
238760;58;101;136;17624;50592
239126;87;149;224;17995;50592
239632;29;62;94;17977;50592
239769;29;62;94;17977;50592
240147;77;142;218;18542;50592
240651;44;76;99;18521;50592
240777;44;76;99;18521;50592
241161;72;139;218;19047;50592
241665;0;0;0;18476;50592
241799;0;0;0;18253;50815
242172;54;89;165;18945;50815
242676;42;82;133;18856;50815
242797;42;82;133;18856;50815
243181;42;82;133;18856;50815
243681;39;59;120;18677;50815
243803;39;59;120;18677;50815
244185;39;59;120;18677;50815
244698;46;109;150;18590;50815
244803;46;109;150;18590;50815
245213;67;156;216;18940;50815
245710;61;96;155;18975;50815
245843;61;96;155;18477;51313
246226;61;96;155;18477;51313
246741;44;99;125;18447;51313
246857;44;99;125;17894;51866
247245;102;201;289;18570;51866
247743;42;86;150;18770;51866
247839;42;86;150;18640;51996
248243;42;86;150;18640;51996
248745;35;52;80;18280;51996
248848;35;52;80;18024;52252
249248;86;154;240;18711;52252
249750;51;90;143;18907;52252
249859;51;90;143;18531;52628
250256;104;198;289;19224;52628
250759;55;88;156;19516;52628
250860;55;88;156;19267;52877
251275;104;198;299;19965;52877
251779;49;100;132;20177;52877
251861;49;100;132;20040;53014
252281;61;149;180;20332;53014
252794;0;0;0;19722;53014
252912;0;0;0;18449;54287
253296;35;83;133;18985;54287
253796;34;54;84;18658;54287
253924;34;54;84;17425;55520
254309;34;54;84;17425;55520
254825;43;101;166;17287;55520
254869;43;101;166;17250;55557
255337;83;204;354;17919;55557
255837;18;48;60;17821;55557
255882;18;48;60;17821;55557
256341;18;48;60;17821;55557
256845;3;14;18;17014;55557
256889;3;14;18;17014;55557
257346;3;14;18;17014;55557
257850;12;20;32;16176;55557
257892;12;20;32;16176;55557
258357;14;29;37;16223;55557
258857;17;17;39;15457;55557
258909;17;17;39;15330;55684
259374;17;17;39;15330;55684
259877;10;29;39;14578;55684
259910;10;29;39;14418;55844
260384;26;62;88;14678;55844
260895;15;28;45;14063;55844
260905;15;28;45;14063;55844
261401;23;43;63;14193;55844
261908;0;0;0;13322;55844
261909;0;0;0;13322;55844
262417;4;5;17;13387;55844
262918;0;0;0;12413;55844
262922;2;16;19;12479;55844
263426;2;16;19;12479;55844
263929;0;0;0;11516;55844
263934;5;14;26;11600;55844
264439;21;49;67;11858;55844
264936;0;0;0;10995;55844
264941;0;0;0;10995;55844
265444;1;4;22;11062;55844
265943;0;0;0;10089;55844
265947;0;0;0;10089;55844
266454;8;9;21;10181;55844
266957;0;0;0;9219;55844
266961;13;14;28;9329;55844
267467;31;40;61;9490;55844
267963;0;0;0;8622;55844
267967;3;7;10;8665;55844
268478;5;17;23;8741;55844
268967;0;0;0;7786;55844
268986;0;0;0;7786;55844
269491;11;18;19;7937;55844
269979;0;0;0;6985;55844
269995;0;0;0;6985;55844
270505;16;29;37;7211;55844
270980;0;0;0;6293;55844
271015;14;14;21;6378;55844
271523;25;39;39;6511;55844
271991;0;0;0;5614;55844
272025;15;16;26;5737;55844
272531;24;36;60;5867;55844
273000;0;0;0;4987;55844
273034;0;0;0;4987;55844
273541;12;20;34;5135;55844
274009;0;0;0;4201;55844
274042;20;22;39;4402;55844
274545;20;22;39;4402;55844
275017;0;0;0;3483;55844
275050;5;10;19;3581;55844
275556;10;20;44;3666;55844
276029;0;0;0;2740;55844
276064;0;0;0;2740;55844
276580;0;7;6;2789;55844
277035;0;0;0;1802;55844
277085;5;10;14;1870;55844
277589;12;32;41;2013;55844
278043;0;0;0;1098;55844
278093;0;0;0;1098;55844
278597;4;12;11;1149;55844
279051;0;0;0;176;55844
279103;14;31;37;362;55844
279610;14;31;37;362;55844
280065;0;0;0;0;55288
280115;9;11;25;106;55288
280619;17;28;52;222;55288
281074;0;0;0;0;54607
281124;0;0;0;0;54607
281627;10;34;39;184;54607
282082;0;0;0;0;53874
282134;21;40;54;265;53874
282640;21;40;54;265;53874
283093;0;0;0;0;53254
283146;1;7;18;100;53254
283652;7;13;30;153;53254
284093;0;0;0;0;52457
284160;0;0;0;0;52457
284673;16;28;42;229;52457
285097;0;0;0;0;51772
285179;8;15;29;114;51772
285682;11;21;32;187;51772
286104;0;0;0;0;51023
286186;9;20;30;129;51023
286685;9;20;30;129;51023
287118;0;0;0;0;50211
287201;1;15;10;110;50211
287713;1;15;10;110;50211
288124;0;0;0;0;49347
288226;16;24;36;214;49347
288723;19;30;46;257;49347
289134;0;0;0;0;48699
289232;0;0;0;0;48699
289746;7;1;16;47;48699
290140;0;0;0;0;47770
290252;8;26;35;128;47770
290757;17;39;49;235;47770
291150;0;0;0;0;47110
291267;5;7;21;51;47110
291774;9;14;35;109;47110
292165;0;0;0;0;46277
292277;4;10;9;68;46277
292780;4;10;9;68;46277
293174;0;0;0;0;45368
293288;16;20;39;168;45368
293801;16;20;39;168;45368
294176;0;0;0;0;44611
294306;19;41;54;241;44611
294809;24;50;67;288;44611
295189;0;0;0;0;44040
295319;5;10;16;98;44040
295821;5;10;16;98;44040
296197;0;0;0;0;43169
296330;3;3;17;57;43169
296837;17;27;39;183;43169
297198;0;0;0;0;42435
297345;7;17;16;110;42435
297851;17;32;35;235;42435
298212;0;0;0;0;41754
298359;13;18;20;122;41754
298859;19;35;47;249;41754
299219;0;0;0;0;41104
299364;0;0;0;0;41104
299880;4;8;10;70;41104
300229;0;0;0;0;40196
300397;8;33;57;196;40196
300901;12;41;72;277;40196
301243;0;0;0;0;39598
301405;0;0;0;0;39598
301915;2;9;16;82;39598
302258;0;0;0;0;38707
302421;9;10;28;71;38707
302929;9;10;28;71;38707
303260;0;0;0;0;37825
303439;13;22;28;127;37825
303940;20;33;47;210;37825
304268;0;0;0;0;37135
304444;2;13;10;66;37135
304949;20;41;53;272;37135
305275;0;0;0;0;36521
305465;9;9;16;78;36521
305967;11;17;34;129;36521
306278;0;0;0;0;35712
306468;8;14;22;91;35712
306976;15;25;43;211;35712
307287;0;0;0;0;35006
307478;10;15;20;94;35006
307978;10;15;20;94;35006
308289;0;0;0;0;34145
308484;30;74;94;476;34145
308996;0;74;94;476;34145
309290;0;0;0;0;33819
309511;5;10;10;70;33819
310012;0;0;10;70;33819
310303;0;0;0;0;32914
310527;6;10;10;40;32914
311025;4;14;25;122;31980
311310;4;14;25;122;31980
311530;10;34;39;229;31980
312031;13;30;36;250;31292
312326;13;30;36;250;31292
312549;20;50;57;388;31292
313056;5;18;16;82;30807
313337;5;18;16;82;30807
313565;5;18;16;82;30807
314070;9;11;23;82;29928
314351;9;11;23;82;29928
314575;19;29;47;209;29928
315081;0;0;0;0;29232
315364;0;0;0;0;29232
315592;5;20;27;159;29232
316102;12;9;30;100;28443
316371;12;9;30;100;28443
316614;18;26;60;220;28443
317120;0;0;0;0;27767
317371;0;0;0;0;27767
317628;6;15;18;107;27767
318138;4;8;9;98;26913
318372;4;8;9;98;26913
318641;6;28;22;190;26913
319141;16;27;32;181;26159
319373;16;27;32;181;26159
319656;16;27;32;181;26159
320161;5;9;16;49;25415
320376;5;9;16;49;25415
320676;10;18;24;106;25415
321176;11;15;28;119;24573
321376;11;15;28;119;24573
321679;14;25;39;192;24573
322181;8;15;18;121;23843
322380;8;15;18;121;23843
322682;8;15;18;121;23843
323198;10;18;21;108;23005
323382;10;18;21;108;23005
323712;17;39;54;244;23005
324220;3;3;10;49;22359
324392;3;3;10;49;22359
324720;3;3;10;49;22359
325222;10;28;37;150;21424
325395;10;28;37;150;21424
325728;21;63;85;365;21424
326224;5;7;7;57;20958
326395;5;7;7;57;20958
326728;14;19;28;142;20958
327241;19;44;57;245;20161
327398;19;44;57;245;20161
327744;19;44;57;245;20161
328255;22;40;64;239;19526
328409;22;40;64;239;19526
328772;28;47;73;284;19526
329274;14;17;38;161;18958
329413;14;17;38;161;18958
329778;20;22;50;249;18958
330291;0;0;0;0;18299
330416;0;0;0;0;18299
330796;4;6;14;57;18299
331299;10;19;26;111;17380
331426;10;19;26;111;17380
331806;28;50;75;322;17380
332311;7;24;30;98;16855
332434;7;24;30;98;16855
332829;15;35;52;202;16855
333333;0;0;0;0;16159
333443;0;0;0;0;16159
333840;8;13;12;71;16159
334355;6;15;14;73;15263
334445;6;15;14;73;15263
334869;11;26;27;133;15263
335369;3;9;15;81;14460
335461;3;9;15;81;14460
335870;20;24;67;249;14460
336379;2;9;8;47;13820
336471;2;9;8;47;13820
336896;2;9;8;47;13820
337402;4;8;14;63;12886
337480;4;8;14;63;12886
337911;4;8;14;63;12886
338425;11;24;47;214;11975
338484;11;24;47;214;11975
338939;13;33;57;270;11975
339454;3;16;23;105;11348
339498;3;16;23;105;11348
339955;3;16;23;105;11348
340471;25;17;34;191;10495
340500;25;17;34;191;10495
340977;30;22;48;269;10495
341481;5;9;12;63;9864
341510;5;9;12;63;9864
341984;24;46;59;266;9864
342485;11;19;35;100;9259
342512;11;19;35;100;9259
342989;15;30;54;196;9259
343493;0;0;0;0;8554
343523;0;0;0;0;8554
343998;5;13;23;132;8554
344505;13;12;30;137;7727
344532;13;12;30;137;7727
345007;18;18;43;203;7727
345505;0;0;0;0;7009
345535;0;0;0;0;7009
346023;4;10;14;66;7009
346523;7;19;17;85;6103
346537;7;19;17;85;6103
347031;18;33;35;217;6103
347538;0;0;0;0;5406
347539;0;0;0;0;5406
348048;8;9;25;75;5406
348549;0;0;0;0;4523
348553;0;0;0;0;4523
349052;7;5;14;92;4523
349565;0;0;0;0;3641
349572;5;18;17;74;3641
350084;5;18;17;74;3641
350572;0;0;0;0;2755
350591;25;53;72;347;2755
351093;25;53;72;347;2755
351581;0;0;0;0;2252
351598;10;20;29;135;2252
352100;22;38;49;253;2252
352582;0;0;0;0;1614
352599;2;14;7;45;1614
353116;2;14;7;45;1614
353587;0;0;0;0;682
353623;8;37;48;207;682
354126;16;45;67;329;682
354594;0;0;0;0;139
354627;3;14;15;59;139
355132;21;43;57;296;139
355599;0;0;0;0;0
355633;0;0;0;0;0
356148;5;14;14;84;0
356605;0;0;0;0;0
356656;10;9;25;102;0
357170;12;19;35;145;0
357606;0;0;0;0;0
357671;0;0;0;0;0
358178;17;29;42;160;0
358616;0;0;0;0;0
358684;3;2;6;63;0
359184;3;2;6;63;0
359624;0;0;0;0;0
359690;27;47;55;307;0
360205;43;65;68;422;0
360624;0;0;0;0;0
360706;5;4;8;54;0
361220;10;10;27;137;0
361638;0;0;0;0;0
361721;4;15;13;90;0
362221;4;15;13;90;0
362643;0;0;0;0;0
362724;9;19;33;138;0
363225;28;60;90;373;0
363647;0;0;0;0;0
363728;2;7;12;49;0
364230;7;20;29;124;0
364652;0;0;0;0;0
364733;14;31;43;186;0
365248;32;64;96;437;0
365652;0;0;0;0;0
365764;0;0;0;0;0
366269;6;10;10;48;0
366656;0;0;0;0;0
366768;7;15;29;132;0
367269;7;15;29;132;0
367671;0;0;0;0;0
367785;6;11;30;109;0
368298;7;14;43;159;0
368685;0;0;0;0;0
368812;10;29;39;195;0
369314;10;29;39;195;0
369687;0;0;0;0;0
369815;24;37;56;246;0
370321;40;76;121;472;0
370698;0;0;0;0;0
370829;0;0;0;0;0
371330;1;9;15;76;0
371702;0;0;0;0;0
371829;11;37;45;240;0
372329;11;37;45;240;0
372706;0;0;0;0;0
372836;2;7;10;51;0
373341;13;18;36;165;0
373712;0;0;0;0;0
373841;3;12;27;102;0
374354;3;12;27;102;0
374729;0;0;0;0;0
374858;4;8;11;61;0
375357;7;14;26;134;0
375732;0;0;0;0;0
375864;5;13;22;101;0
376369;5;13;22;101;0
376743;0;0;0;0;0
376871;13;32;36;144;0
377373;13;32;36;144;0
377745;0;0;0;0;0
377874;16;27;43;211;0
378387;20;36;62;301;0
378758;0;0;0;0;0
378902;0;0;0;0;0
379401;4;18;23;117;0
379760;0;0;0;0;0
379901;4;19;16;86;0
380417;19;49;62;257;0
380771;0;0;0;0;0
380932;1;8;17;57;0
381446;1;8;17;57;0
381771;0;0;0;0;0
381949;7;12;20;77;0
382451;15;15;43;156;0
382777;0;0;0;0;0
382952;0;0;0;0;0
383467;4;15;21;64;0
383778;0;0;0;0;0
383971;4;9;11;50;0
384473;14;24;35;151;0
384781;0;0;0;0;0
384987;21;30;49;232;0
385485;29;46;68;342;0
385796;0;0;0;0;0
386000;0;0;0;0;0
386514;8;29;37;181;0
386807;0;0;0;0;0
387017;0;0;0;0;0
387523;11;40;38;255;0
387817;0;0;0;0;0
388026;5;13;14;79;0
388527;12;31;39;142;0
388824;0;0;0;0;0
389031;0;0;0;0;0
389532;10;7;5;68;0
389838;0;0;0;0;0
390047;3;10;24;89;0
390561;5;17;39;134;0
390838;0;0;0;0;0
391062;9;16;17;109;0
391575;17;33;38;245;0
391854;0;0;0;0;0
392079;20;34;56;184;0
392581;25;54;87;308;0
392858;0;0;0;0;0
393081;0;0;0;0;0
393583;5;11;12;66;0
393864;0;0;0;0;0
394087;6;9;6;63;0
394592;17;36;43;201;0
394870;0;0;0;0;0
395105;0;0;0;0;0
395619;4;22;20;99;0
395882;4;0;0;0;0
396126;8;14;22;90;0
396633;0;14;22;90;0
396899;0;0;0;0;0
397139;3;10;23;89;0
397641;22;53;84;346;0
397903;22;0;0;0;0
398156;22;0;0;0;0
398657;5;9;13;49;0
398915;5;9;0;0;0
399171;14;31;38;148;0
399670;0;0;0;0;0
399927;0;0;0;0;0
400187;8;11;32;147;0
400686;6;10;27;86;0
400935;6;10;27;86;0
401190;24;46;72;334;0
401701;4;6;7;66;0
401934;4;6;7;66;0
402205;12;22;27;155;0
402706;25;51;82;332;0
402937;25;51;82;332;0
403221;33;83;133;512;0
403735;0;0;0;0;0
403951;0;0;0;0;0
404239;2;9;11;59;0
404747;14;32;43;193;0
404965;14;32;43;193;0
405264;21;44;65;315;0
405768;0;0;0;0;0
405967;0;0;0;0;0
406272;14;22;44;192;0
406777;1;8;10;55;0
406980;1;8;10;55;0
407288;4;13;21;120;0
407790;9;17;29;143;0
407980;9;17;29;143;0
408300;18;38;51;254;0
408804;0;0;0;0;0
408990;0;0;0;0;0
409322;5;14;21;85;0
409833;9;9;22;92;0
410005;9;9;22;92;0
410336;21;27;58;234;0
410841;11;14;29;124;0
411009;11;14;29;124;0
411356;11;14;29;124;0
411864;11;15;30;114;0
412024;11;15;30;114;0
412370;17;40;71;317;0
412884;0;0;0;0;0
413025;0;0;0;0;0
413390;5;9;12;61;0
413891;8;14;25;113;0
414034;8;14;25;113;0
414398;15;32;55;248;0
414899;1;7;9;67;0
415039;1;7;9;67;0
415416;1;7;9;67;0
415917;3;4;4;52;0
416038;3;4;4;52;0
416431;6;13;14;121;0
416947;28;57;70;324;0
417052;28;57;70;324;0
417458;34;64;84;394;0
417961;12;16;36;170;0
418066;12;16;36;170;0
418461;12;16;36;170;0
418965;9;22;28;134;0
419074;9;22;28;134;0
419472;30;56;73;395;0
419973;8;24;20;138;0
420079;8;24;20;138;0
420478;36;59;71;362;0
420980;0;0;0;0;0
421087;0;0;0;0;0
421494;1;8;9;49;0
422010;0;0;0;0;0
422102;0;0;0;0;0
422509;16;21;33;127;0
423010;0;0;0;0;0
423114;0;0;0;0;0
423525;3;7;10;52;0
424033;0;0;0;0;0
424125;0;0;0;0;0
424546;5;14;14;77;0
425049;10;17;28;104;0
425138;10;17;28;104;0
425563;31;51;84;353;0
426068;17;35;58;233;0
426143;17;35;58;233;0
426569;25;56;86;352;0
427079;9;17;24;116;0
427152;9;17;24;116;0
427582;22;42;71;305;0
428098;0;0;0;0;0
428158;0;0;0;0;0
428612;4;15;26;146;0
429124;5;8;8;56;0
429169;5;8;8;56;0
429639;22;48;67;286;0
430146;5;5;14;62;0
430173;5;5;14;62;0
430649;5;5;14;62;0
431151;16;26;45;197;0
431180;16;26;45;197;0
431667;16;26;45;197;0
432167;4;11;26;111;0
432180;4;11;26;111;0
432681;4;11;26;111;0
433185;0;0;0;0;0
433187;8;19;20;143;0
433688;8;19;20;143;0
434187;0;0;0;0;0
434191;3;8;26;93;0
434705;3;8;26;93;0
435202;0;0;0;0;0
435206;6;10;27;118;0
435710;14;30;54;245;0
436213;0;0;0;0;0
436218;13;17;29;126;0
436730;13;17;29;126;0
437228;0;0;0;0;0
437233;5;13;14;82;0
437747;5;13;14;82;0
438237;0;0;0;0;0
438253;21;42;56;225;0
438761;24;48;70;286;0
439247;0;0;0;0;0
439265;21;35;53;317;0
439768;29;58;82;448;0
440251;0;0;0;0;0
440268;20;45;56;233;0
440769;27;64;74;373;0
441265;0;0;0;0;0
441269;5;13;20;66;0
441770;6;26;33;135;0
442264;0;0;0;0;0
442269;0;0;0;0;0
442781;28;57;77;356;0
443270;0;0;0;0;0
443287;9;10;20;74;0
443791;11;18;27;131;0
444276;0;0;0;0;0
444292;0;0;0;0;0
444797;14;27;35;197;0
445281;0;0;0;0;0
445298;5;11;19;86;0
445801;12;28;45;190;0
446286;0;0;0;0;0
446303;0;0;0;0;0
446806;8;21;31;168;0
447286;0;0;0;0;0
447303;7;21;24;97;0
447807;16;44;62;292;0
448291;0;0;0;0;0
448308;4;16;24;83;0
448812;12;44;54;213;0
449293;0;0;0;0;0
449309;8;20;22;142;0
449824;8;20;22;142;0
450307;0;0;0;0;0
450325;10;12;24;108;0
450829;21;25;48;238;0
451312;0;0;0;0;0
451329;8;11;32;125;0
451842;15;25;48;209;0
452324;0;0;0;0;0
452357;0;0;0;0;0
452863;7;28;30;122;0
453328;0;0;0;0;0
453363;0;0;0;0;0
453875;26;42;44;299;0
454330;0;0;0;0;0
454382;4;15;20;85;0
454883;12;22;55;176;0
455334;0;0;0;0;0
455382;3;10;11;59;0
455884;3;10;11;59;0
456337;0;0;0;0;0
456389;8;17;32;141;0
456895;16;36;57;264;0
457337;0;0;0;0;0
457404;12;10;15;91;0
457906;18;31;31;191;0
458342;0;0;0;0;0
458408;11;13;20;113;0
458908;11;13;20;113;0
459349;0;0;0;0;0
459414;8;15;18;94;0
459918;11;20;33;156;0
460352;0;0;0;0;0
460418;3;20;22;108;0
460921;10;35;41;231;0
461355;0;0;0;0;0
461421;8;23;26;123;0
461920;14;38;41;220;0
462370;0;0;0;0;0
462435;4;6;12;53;0
462938;12;32;37;203;0
463372;0;0;0;0;0
463437;12;20;45;171;0
463951;12;20;45;171;0
464374;0;0;0;0;0
464461;10;16;26;126;0
464966;45;77;110;488;0
465380;0;0;0;0;0
465478;0;0;0;0;0
465983;13;18;30;115;0
466386;0;0;0;0;0
466499;0;0;0;0;0
467005;15;14;43;167;0
467393;0;0;0;0;0
467507;0;0;0;0;0
468018;10;16;17;104;0
468394;0;0;0;0;0
468523;1;5;10;51;0
469022;8;19;29;147;0
469401;0;0;0;0;0
469532;3;12;9;66;0
470038;3;12;9;66;0
470410;0;0;0;0;0
470540;11;10;28;140;0
471053;19;20;46;223;0
471413;0;0;0;0;0
471558;3;10;12;66;0
472061;3;10;12;66;0
472418;0;0;0;0;0
472562;9;10;15;84;0
473062;16;18;32;150;0
473420;0;0;0;0;0
473567;0;0;0;0;0
474079;8;12;21;130;0
474420;0;0;0;0;0
474580;18;34;57;280;0
475086;21;43;69;331;0
475428;0;0;0;0;0
475589;7;12;17;106;0
476090;13;22;27;160;0
476434;0;0;0;0;0
476595;0;0;0;0;0
477097;18;30;47;215;0
477439;0;0;0;0;0
477600;0;0;0;0;0
478106;7;21;30;141;0
478450;0;0;0;0;0
478608;0;0;0;0;0
479114;15;21;45;224;0
479457;0;0;0;0;0
479615;5;17;19;92;0
480130;13;43;40;232;0
480469;0;0;0;0;0
480642;20;30;55;211;0
481148;25;40;76;287;0
481470;0;0;0;0;0
481649;10;33;38;157;0
482159;25;72;81;392;0
482485;0;0;0;0;0
482661;0;0;0;0;0
483175;5;8;9;46;0
483486;0;0;0;0;0
483680;0;0;0;0;0
484185;9;13;20;73;0
484495;0;0;0;0;0
484690;10;25;43;199;0
485190;10;25;43;199;0
485500;0;0;0;0;0
485691;5;19;24;109;0
486194;14;30;57;245;0
486503;0;0;0;0;0
486696;6;17;27;99;0
487201;28;52;82;349;0
487510;0;0;0;0;0
487704;4;7;12;52;0
488204;4;7;12;52;0
488513;0;0;0;0;0
488719;7;14;14;70;0
489227;20;28;45;208;0
489523;0;0;0;0;0
489729;11;26;34;171;0
490229;11;26;34;171;0
490527;0;0;0;0;0
490734;3;8;15;60;0
491233;14;32;45;177;0
491542;0;0;0;0;0
491734;15;20;47;161;0
492239;18;30;68;235;0
492549;0;0;0;0;0
492739;6;8;19;99;0
493254;21;29;59;296;0
493548;0;0;0;0;0
493769;0;0;0;0;0
494282;10;21;14;91;0
494562;0;0;0;0;0
494789;8;14;22;90;0
495297;12;21;33;152;0
495576;0;0;0;0;0
495802;13;25;24;183;0
496307;17;38;42;272;0
496586;0;0;0;0;0
496815;13;17;24;115;0
497320;24;33;63;245;0
497600;0;0;0;0;0
497824;0;0;0;0;0
498329;5;14;17;78;0
498606;0;0;0;0;0
498830;6;21;33;134;0
499332;6;21;33;134;0
499612;0;0;0;0;0
499836;4;17;24;101;0
500339;12;30;51;243;0
500619;0;0;0;0;0
500844;0;0;0;0;0
501347;33;58;117;501;0
501627;0;0;0;0;0
501849;11;41;67;310;0
502363;0;41;67;310;0
502642;0;0;0;0;0
502866;39;86;125;602;0
503377;69;153;204;1010;0
503657;0;0;0;436;0
503878;0;0;0;436;0
504381;42;96;148;1150;0
504661;42;96;0;298;0
504882;52;129;39;485;0
505382;36;197;156;958;0
505664;36;0;0;363;0
505890;36;0;0;363;0
506391;45;111;154;1053;0
506669;45;0;0;354;0
506890;55;48;59;599;0
507409;54;151;213;1288;0
507684;54;0;0;707;0
507906;91;87;146;1314;0
508421;28;127;226;1682;0
508685;28;0;0;1126;0
508922;79;76;133;1722;0
509433;0;76;133;1722;0
509684;0;0;0;1010;0
509939;50;101;125;1648;0
510441;21;139;178;1907;0
510690;21;0;0;1274;0
510947;88;102;148;1957;0
511449;36;79;246;2436;0
511692;36;79;0;1872;0
511960;79;168;134;2545;0
512462;69;263;292;3218;0
512692;69;0;0;2852;0
512962;69;0;0;2852;0
513472;36;55;77;3195;0
513702;36;0;0;2396;0
513984;36;0;0;2396;0
514486;48;109;136;3074;0
514703;48;109;0;2246;0
514991;91;224;154;2934;0
515487;11;17;185;3074;0
515715;11;17;0;2574;0
516001;43;86;132;3133;0
516500;53;108;147;3086;0
516719;53;108;147;3086;0
517004;66;119;190;3235;0
517504;43;86;140;3214;0
517731;43;86;140;3214;0
518017;43;86;140;3214;0
518530;31;57;92;2928;0
518734;31;57;92;2928;0
519039;77;151;245;3635;0
519541;48;86;147;3712;0
519741;48;86;147;3712;0
520045;83;137;246;4124;0
520544;0;0;0;3590;0
520750;0;0;0;3590;0
521053;48;73;113;4174;0
521552;46;97;156;4094;0
521752;46;97;156;4094;0
522054;63;126;205;4327;0
522568;0;0;0;3721;0
522755;0;0;0;3721;0
523071;18;35;71;4075;0
523572;36;64;121;3660;0
523758;36;64;121;3660;0
524090;89;150;262;4292;0
524591;62;97;142;4471;0
524764;62;97;142;4471;0
525099;86;172;235;4899;0
525603;40;83;106;4937;0
525776;40;83;106;4937;0
526107;76;175;247;5597;0
526611;26;42;48;5368;0
526783;26;42;48;5368;0
527119;61;121;158;5863;0
527619;54;96;133;5920;0
527789;54;96;133;5920;0
528123;114;203;282;6604;0
528631;38;106;142;6917;0
528789;38;106;142;6917;0
529138;80;210;312;7601;0
529641;32;109;163;7899;0
529794;32;109;163;7899;0
530141;32;109;164;7902;0
530646;23;61;75;7593;0
530801;23;61;75;7593;0
531151;60;129;158;7974;0
531656;34;81;124;7879;0
531810;34;81;124;7879;0
532170;77;174;243;8442;0
532670;52;93;165;8626;0
532822;52;93;165;8626;0
533173;113;181;305;9337;0
533687;45;80;99;9509;0
533824;45;80;99;9509;0
534188;101;187;253;10192;0
534692;0;3;4;9750;0
534829;0;3;4;9750;0
535208;48;108;149;10452;0
535706;9;29;32;9940;0
535830;9;29;32;9940;0
536213;62;118;188;10596;0
536716;46;100;158;10660;0
536835;46;100;158;10660;0
537218;92;180;303;11389;0
537731;23;38;50;11289;0
537839;23;38;50;11289;0
538241;73;144;215;11968;0
538749;44;98;150;12108;0
538843;44;98;150;12108;0
539263;83;192;282;12721;0
539770;27;59;91;12745;0
539847;27;59;91;12745;0
540274;27;59;91;12745;0
540780;26;78;146;12547;0
540855;26;78;146;12547;0
541283;82;169;318;13228;0
541783;52;101;140;13504;0
541858;52;101;140;13504;0
542300;99;221;291;14186;0
542803;15;28;53;14012;0
542863;15;28;53;14012;0
543306;61;102;165;14558;0
543804;37;92;121;14499;0
543865;37;92;121;14499;0
544311;79;157;232;15056;0
544811;64;102;116;15079;0
544871;64;102;116;15079;0
545314;117;191;248;15784;0
545815;33;58;122;15858;0
545876;33;58;122;15858;0
546322;59;111;205;16199;0
546820;34;70;105;16057;0
546880;34;70;105;16057;0
547326;82;175;271;16738;0
547823;40;102;137;16887;0
547884;40;102;137;16887;0
548339;67;163;220;17389;0
548851;21;35;51;17110;0
548895;21;35;51;17110;0
549365;45;78;129;17474;0
549865;55;90;107;17289;0
549909;55;90;107;17289;0
550380;55;90;107;17289;0
550880;23;62;120;16976;0
550909;23;62;120;16976;0
551397;69;163;256;17693;0
551897;40;103;150;17888;0
551923;40;103;150;17888;0
552400;88;202;305;18586;0
552900;2;3;3;18213;0
552929;2;3;3;18213;0
553403;55;91;139;18913;0
553910;41;84;155;18897;0
553935;41;84;155;18897;0
554422;85;185;316;19591;0
554924;38;98;164;19877;0
554935;38;98;164;19877;0
555438;91;201;306;20579;0
555944;0;0;0;20177;0
555949;49;98;144;20886;0
556451;52;105;154;20919;0
556964;0;0;0;19940;290
556968;47;87;136;20670;290
557473;88;156;228;21187;290
557953;0;0;0;20659;290
557970;29;36;77;20984;290
558487;29;36;77;20984;290
558983;0;0;0;19586;830
558987;22;53;85;19988;830
559501;78;151;235;20684;830
559989;0;0;0;19726;1252
560002;2;3;8;19769;1252
560508;44;100;143;20395;1252
560996;0;0;0;19228;1706
561008;0;0;0;19228;1706
561516;53;105;133;19937;1706
562009;0;0;0;18702;2232
562015;52;111;156;19383;2232
562521;91;193;275;19930;2232
562990;0;0;0;19422;2299
563020;27;71;97;19808;2299
563521;72;161;235;20535;2299
564023;0;0;0;19376;2926
564029;52;97;141;20086;2926
564541;103;202;291;20780;2926
565074;0;0;0;18963;4339
565077;51;99;154;19659;4339
565587;101;183;309;20370;4339
566013;0;0;0;19852;4450
566088;0;4;9;19916;4450
566596;15;38;68;20165;4450
567040;0;0;0;18718;5018
567095;0;0;0;18718;5018
567602;54;96;125;19443;5018
568043;0;0;0;18262;5474
568101;8;8;14;18324;5474
568615;43;79;153;18948;5474
569032;0;0;0;18223;5474
569130;45;105;164;18885;5474
569641;82;193;276;19458;5474
570049;0;0;0;18985;5498
570143;0;0;0;18985;5498
570656;24;50;71;19329;5498
571057;0;0;0;18474;5498
571156;29;48;90;18856;5498
571656;56;93;157;19153;5498
572091;0;0;0;17717;6240
572158;0;0;0;17717;6240
572661;15;34;75;18002;6240
573071;0;0;0;17126;6240
573172;52;109;150;17815;6240
573684;108;214;294;18510;6240
574092;0;0;0;17689;6677
574186;51;83;133;18269;6677
574699;66;139;191;18605;6677
575149;0;0;0;16382;8296
575211;0;0;0;16382;8296
575715;52;97;105;16924;8296
576099;0;0;0;16178;8296
576226;0;0;0;16178;8296
576742;42;77;105;16715;8296
577115;0;0;0;15599;8636
577248;42;103;143;16311;8636
577751;84;219;291;17005;8636
578109;0;0;0;16599;8636
578251;51;105;145;17298;8636
578753;86;175;245;17784;8636
579127;0;0;0;17224;8702
579252;0;0;0;17224;8702
579759;36;84;96;17800;8702
580129;0;0;0;17016;8702
580260;51;97;147;17721;8702
580775;98;193;301;18312;8702
581136;0;0;0;17904;8702
581279;27;95;100;18397;8702
581782;27;95;100;18397;8702
582189;0;0;0;16526;9795
582296;41;93;171;17221;9795
582812;81;176;300;17853;9795
583176;0;0;0;16806;10399
583326;36;67;88;17227;10399
583830;36;67;88;17227;10399
584196;0;0;0;15394;11423
584336;47;102;148;16097;11423
584851;59;138;202;16360;11423
585159;0;0;0;15759;11423
585351;37;69;109;16252;11423
585864;74;129;219;16757;11423
586159;0;0;0;16179;11423
586369;54;113;159;16808;11423
586876;105;213;301;17515;11423
587174;0;0;0;17134;11423
587382;42;95;151;17846;11423
587886;85;183;308;18558;11423
588188;0;0;0;17974;11583
588392;62;102;143;18667;11583
588902;113;199;290;19372;11583
589225;0;0;0;18086;12471
589409;15;22;30;18247;12471
589917;68;131;191;18924;12471
590194;0;0;0;18314;12471
590426;10;9;23;18429;12471
590930;58;109;163;19141;12471
591211;0;0;0;18452;12490
591438;41;75;163;19173;12490
591952;95;161;303;19893;12490
592214;0;0;0;19452;12490
592468;52;100;156;20138;12490
592972;97;196;286;20791;12490
593252;0;0;0;19827;13033
593479;0;0;0;19827;13033
593982;34;74;106;20302;13033
594245;0;0;0;19161;13388
594487;18;30;40;19444;13388
594989;18;30;40;19444;13388
595237;0;0;0;18532;13388
595492;55;105;137;19211;13388
595990;55;105;137;19211;13388
596239;0;0;0;18508;13388
596497;34;121;135;19199;13388
597001;81;200;251;19788;13388
597274;0;0;0;18764;13944
597508;57;102;147;19394;13944
598017;81;154;217;19749;13944
598272;0;0;0;18765;14380
598521;54;114;161;19436;14380
599021;107;210;287;20161;14380
599254;0;0;0;19765;14380
599526;30;74;96;20212;14380
600026;62;142;191;20640;14380
600321;0;0;0;18781;15634
600532;37;81;115;19319;15634
601031;69;144;226;19820;15634
601264;0;0;0;19259;15634
601531;0;0;0;19259;15634
602034;51;94;162;19916;15634
602273;0;0;0;19046;15811
602535;54;113;139;19737;15811
603034;54;113;139;19737;15811
603286;0;0;0;18927;15927
603536;18;46;78;19248;15927
604036;77;149;209;19955;15927
604286;0;0;0;19390;15927
604549;5;7;20;19477;15927
605054;40;89;149;20000;15927
605308;0;0;0;19106;16099
605556;0;0;0;19106;16099
606064;66;89;153;19798;16099
606331;0;0;0;18664;16541
606572;40;82;128;19290;16541
607085;55;119;176;19518;16541
607391;0;0;0;17109;18300
607592;66;94;137;17812;18300
608102;112;166;261;18370;18300
608325;0;0;0;17761;18448
608604;29;74;102;18237;18448
609118;63;167;248;18910;18448
609325;63;0;0;18238;18564
609618;63;0;0;18238;18564
610122;49;105;135;18949;18564
610328;49;0;0;18157;18659
610628;97;116;144;18849;18659
611131;45;221;291;19552;18659
611406;45;0;0;17584;20236
611636;83;112;140;18294;20236
612139;50;207;278;19011;20236
612358;50;0;0;18140;20675
612643;98;98;140;18854;20675
613143;11;115;163;18975;20675
613347;11;0;0;18322;20704
613650;31;30;59;18570;20704
614151;41;118;174;19158;20704
614354;41;0;0;18481;20704
614658;54;30;62;18693;20704
615163;23;81;120;19024;20704
615364;23;0;0;18279;20704
615665;67;91;160;18961;20704
616166;17;115;217;19194;20704
616367;17;0;0;18593;20704
616670;44;54;62;18968;20704
617172;45;100;211;19674;20704
617399;45;100;0;18350;21337
617673;65;144;62;18642;21337
618181;51;238;200;19273;21337
618401;51;0;0;18421;21692
618689;51;0;0;18421;21692
619194;43;99;113;19063;21692
619419;43;0;0;17717;22301
619695;62;46;62;18054;22301
620200;25;94;130;18389;22301
620414;25;0;0;17423;22553
620710;49;35;56;17657;22553
621212;45;124;188;18273;22553
621413;45;0;0;17634;22553
621715;45;0;0;17634;22553
622215;29;56;91;18001;22553
622430;29;56;0;16791;22899
622724;70;144;153;17384;22899
623222;0;0;153;17384;22899
623426;0;0;0;16751;22899
623731;39;110;140;17462;22899
624230;43;70;247;17974;22899
624433;43;70;0;17370;22899
624738;105;161;161;17974;22899
625238;0;0;161;17974;22899
625436;0;0;0;17401;22899
625738;19;24;48;17651;22899
626239;0;0;48;17651;22899
626439;0;0;0;16742;22899
626756;52;113;159;17418;22899
627256;49;98;171;17424;22899
627450;49;98;171;17243;23080
627762;79;176;251;17668;23080
628262;0;0;0;17174;23080
628489;0;0;0;16323;23931
628775;34;54;68;16673;23931
629272;65;79;151;16534;23931
629462;65;79;151;16534;23931
629777;97;139;260;16959;23931
630278;42;94;393;17641;23931
630514;42;94;0;16362;24839
630789;88;195;154;17061;24839
631290;33;60;113;16862;24839
631536;33;60;113;15500;26201
631797;79;164;256;16207;26201
632297;60;108;418;16877;26201
632499;60;108;0;16402;26337
632802;82;143;46;16673;26337
633304;12;38;94;16919;26337
633507;12;38;0;16153;26422
633804;68;141;139;16762;26422
634304;25;215;246;17242;26422
634512;25;0;0;16654;26539
634807;52;42;71;16944;26539
635314;24;86;132;17258;26539
635534;24;0;0;16033;27034
635828;24;0;0;16033;27034
636332;55;99;150;16729;27034
636529;55;99;0;15903;27034
636841;111;197;157;16592;27034
637342;41;321;301;17283;27034
637565;41;0;0;16503;27547
637847;81;77;105;17059;27547
638350;51;99;235;17779;27547
638549;51;99;0;17148;27571
638861;57;128;38;17355;27571
639361;41;77;131;17232;27571
639559;41;77;131;17030;27773
639869;80;149;244;17626;27773
640366;0;149;244;17626;27773
640556;0;0;0;17057;27815
640873;39;107;143;17768;27815
641379;32;184;267;18319;27815
641570;32;0;0;17703;27921
641883;32;0;0;17703;27921
642388;51;100;150;18402;27921
642578;51;0;0;17442;28163
642891;52;1;1;17456;28163
643395;19;36;49;17691;28163
643579;19;0;0;16828;28163
643899;53;64;125;17414;28163
644407;29;134;234;17930;28163
644594;29;0;0;17351;28163
644912;76;120;153;17976;28163
645419;0;120;153;17976;28163
645603;0;0;0;17325;28163
645921;25;28;60;17569;28163
646426;23;73;125;17875;28163
646624;23;0;0;16701;28560
646930;55;56;84;17076;28560
647437;49;130;189;17616;28560
647623;49;0;0;16990;28560
647937;85;57;103;17417;28560
648440;0;57;103;17417;28560
648626;0;0;0;16662;28560
648943;31;63;115;17160;28560
649443;31;128;209;17529;28560
649635;31;0;0;16837;28620
649953;60;67;84;17237;28620
650453;0;0;0;16448;28620
650670;0;0;0;15492;29576
650968;23;67;79;15868;29576
651465;37;61;124;15575;29576
651647;37;61;124;15417;29734
651975;37;61;124;15417;29734
652491;42;93;149;15355;29734
652646;42;93;149;15355;29734
652998;90;182;284;16027;29734
653502;18;34;57;15852;29734
653668;18;34;57;15560;30026
654009;46;88;121;15884;30026
654519;57;88;166;15823;30026
654660;57;88;166;15823;30026
655027;90;154;264;16283;30026
655529;53;95;118;16362;30026
655667;53;95;118;16362;30026
656046;107;188;245;17088;30026
656548;64;96;153;17315;30026
656718;64;96;153;15989;31352
657050;102;190;305;16705;31352
657551;35;78;93;16822;31352
657673;35;78;93;16822;31352
658056;76;186;239;17461;31352
658560;46;111;159;17646;31352
658714;46;111;159;16928;32070
659067;79;198;265;17445;32070
659566;0;0;0;16987;32070
659700;0;0;0;16791;32266
660071;55;76;160;17500;32266
660582;53;92;155;17491;32266
660707;53;92;155;17491;32266
661093;72;129;214;17800;32266
661604;44;79;121;17808;32266
661728;44;79;121;17244;32830
662108;56;106;183;17511;32830
662609;0;0;0;16856;32830
662720;0;0;0;16798;32888
663118;27;86;116;17323;32888
663623;38;62;86;16991;32888
663733;38;62;86;16941;32938
664131;38;62;86;16941;32938
664636;52;86;140;16745;32938
664760;52;86;140;16418;33265
665137;88;152;234;16924;33265
665642;0;0;0;16398;33265
665748;0;0;0;16398;33265
666154;15;42;62;16667;33265
666657;29;81;105;16341;33265
666748;29;81;105;16341;33265
667157;29;81;105;16341;33265
667661;16;35;58;15849;33265
667752;16;35;58;15849;33265
668166;33;74;96;16068;33265
668668;0;0;0;15271;33265
668763;0;0;0;15271;33265
669175;34;51;67;15589;33265
669678;47;94;156;15444;33265
669768;47;94;156;15444;33265
670193;95;198;316;16132;33265
670695;24;56;83;16074;33265
670772;24;56;83;16074;33265
671212;62;156;218;16668;33265
671711;36;58;116;16563;33265
671772;36;58;116;16563;33265
672214;36;58;116;16563;33265
672721;53;112;161;16447;33265
672779;53;112;161;16447;33265
673237;113;219;299;17142;33265
673737;48;103;128;17494;33265
673779;48;103;128;17494;33265
674250;96;210;260;18120;33265
674756;44;90;148;18404;33265
674806;44;90;148;17591;34078
675263;61;117;200;17783;34078
675767;44;102;150;17865;34078
675843;44;102;150;16563;35380
676269;93;215;291;17260;35380
676772;14;18;34;16965;35380
676822;14;18;34;16404;35941
677277;50;99;178;17066;35941
677778;61;86;140;17106;35941
677824;61;86;140;16806;36241
678295;107;170;297;17519;36241
678804;47;97;134;17815;36241
678839;47;97;134;17040;37016
679306;71;165;232;17486;37016
679842;0;0;0;16240;37730
679844;43;103;160;16934;37730
680319;79;160;253;17375;37730
680817;0;0;0;16867;37730
680821;34;63;103;17348;37730
681326;76;155;240;17971;37730
681828;0;0;0;17414;37758
681833;47;88;141;18052;37758
682335;92;169;274;18697;37758
682850;0;0;0;17905;38085
682854;20;47;68;18233;38085
683355;57;108;182;18676;38085
683841;0;0;0;18023;38085
683858;29;60;101;18489;38085
684369;69;171;224;19215;38085
684867;0;0;0;18305;38459
684872;37;105;141;19022;38459
685381;71;167;239;19494;38459
685862;0;0;0;18971;38459
685881;47;84;133;19626;38459
686382;64;135;198;19913;38459
686869;0;0;0;19310;38459
686886;22;46;78;19630;38459
687388;56;132;205;20235;38459
687880;0;0;0;19628;38459
687898;0;0;0;19628;38459
688403;32;88;117;20208;38459
688887;0;0;0;19445;38459
688904;13;41;60;19716;38459
689412;13;41;60;19716;38459
689899;0;0;0;18830;38459
689918;31;55;81;19219;38459
690425;48;90;131;19485;38459
690914;0;0;0;18754;38459
690932;0;0;0;18754;38459
691441;21;43;65;19058;38459
691923;0;0;0;18187;38459
691940;0;0;0;18187;38459
692449;23;44;64;18473;38459
692957;0;0;0;16967;39096
692961;0;0;0;16967;39096
693465;47;81;140;17631;39096
693945;0;0;0;16899;39096
693977;20;35;54;17130;39096
694479;53;89;149;17524;39096
694956;0;0;0;16689;39222
694982;0;0;0;16689;39222
695489;21;32;49;16902;39222
695972;0;0;0;15395;39831
695998;51;83;131;15987;39831
696506;93;175;272;16712;39831
696970;0;0;0;16050;40033
697011;43;104;134;16672;40033
697519;79;198;284;17392;40033
698023;0;0;0;15598;41388
698026;9;11;19;15705;41388
698531;49;91;151;16277;41388
698990;0;0;0;15477;41479
699037;0;0;0;15477;41479
699540;36;74;107;15931;41479
700010;0;0;0;14796;41831
700049;25;61;96;15280;41831
700555;50;126;187;15771;41831
701002;0;0;0;15134;41831
701066;20;53;76;15485;41831
701572;42;104;158;15837;41831
702029;0;0;0;14732;42240
702077;0;0;0;14732;42240
702583;21;36;55;14988;42240
703022;0;0;0;14015;42325
703083;29;55;80;14394;42325
703587;77;149;252;15080;42325
704035;0;0;0;14171;42712
704089;30;50;84;14534;42712
704595;89;143;229;15237;42712
705068;0;0;0;13707;43703
705100;50;111;171;14375;43703
705613;102;225;320;15060;43703
706060;0;0;0;14020;44390
706121;42;99;143;14736;44390
706627;65;125;197;14963;44390
707037;0;0;0;14350;44390
707136;32;54;64;14675;44390
707640;73;178;190;15384;44390
708050;0;0;0;14785;44430
708148;24;63;91;15255;44430
708659;39;110;145;15538;44430
709060;0;0;0;14687;44575
709163;0;0;0;14687;44575
709678;55;82;98;15219;44575
710067;0;0;0;14454;44575
710179;41;89;123;15054;44575
710692;41;89;123;15054;44575
711067;0;0;0;14307;44575
711197;36;101;142;15022;44575
711702;82;193;301;15725;44575
712074;0;0;0;15301;44575
712207;41;105;163;15992;44575
712720;86;221;320;16674;44575
713075;0;0;0;16301;44575
713233;15;21;45;16522;44575
713738;58;92;149;17068;44575
714083;0;0;0;16367;44575
714241;0;0;0;16367;44575
714744;48;93;155;17064;44575
715090;0;0;0;16360;44575
715250;12;48;54;16712;44575
715756;12;48;54;16712;44575
716099;0;0;0;15826;44575
716259;49;81;103;16358;44575
716774;49;81;103;16358;44575
717100;0;0;0;15591;44575
717276;55;108;144;16284;44575
717792;109;212;291;16979;44575
718113;0;0;0;16591;44575
718304;52;91;162;17286;44575
718805;106;205;325;17955;44575
719113;0;0;0;17591;44575
719303;49;106;149;18287;44575
719816;95;209;290;18997;44575
720147;0;0;0;18093;45073
720330;62;119;132;18780;45073
720839;109;220;281;19483;45073
721155;0;0;0;18641;45525
721342;52;93;123;19373;45525
721843;92;168;266;19940;45525
722147;0;0;0;19332;45659
722350;55;89;154;20032;45659
722851;94;166;274;20559;45659
723147;0;0;0;20093;45659
723354;13;33;46;20333;45659
723860;13;33;46;20333;45659
724160;0;0;0;19371;45713
724360;60;110;152;20049;45713
724863;110;196;322;20743;45713
725244;0;0;0;18549;47535
725362;12;22;24;18703;47535
725875;54;110;173;19361;47535
726164;0;0;0;18556;47677
726385;20;61;73;18882;47677
726885;20;61;73;18882;47677
727165;0;0;0;18036;47677
727387;60;107;132;18737;47677
727890;106;224;284;19422;47677
728182;0;0;0;18764;47949
728393;50;106;138;19470;47949
728902;90;185;246;20015;47949
729182;0;0;0;19536;47949
729407;42;70;127;20101;47949
729910;42;70;127;20101;47949
730198;0;0;0;19165;48124
730424;28;55;90;19577;48124
730939;55;107;173;19929;48124
731204;0;0;0;19214;48174
731445;51;89;137;19937;48174
731952;92;203;291;20628;48174
732280;0;0;0;18941;49447
732453;57;100;138;19646;49447
732956;98;181;249;20233;49447
733228;0;0;0;19623;49585
733457;48;106;161;20308;49585
733968;94;196;323;20951;49585
734235;0;0;0;20405;49744
734471;62;88;158;21097;49744
734976;106;185;306;21738;49744
735274;0;0;0;20689;50390
735482;46;102;134;21407;50390
735984;49;111;144;21468;50390
736254;0;0;0;20772;50390
736496;58;92;159;21463;50390
737002;84;142;229;21809;50390
737298;0;0;0;20732;50922
737509;58;100;148;21390;50922
738012;120;192;279;22095;50922
738307;0;0;0;21073;51535
738528;43;105;146;21754;51535
739029;94;195;286;22335;51535
739351;0;0;0;20741;52704
739540;0;0;0;20741;52704
740058;31;46;65;21030;52704
740328;0;0;0;19549;53327
740558;52;96;135;20242;53327
741060;52;96;135;20242;53327
741324;0;0;0;19267;53585
741567;13;42;61;19528;53585
742073;32;73;111;19811;53585
742342;0;0;0;18577;54035
742575;27;40;70;18899;54035
743078;76;132;202;19516;54035
743332;0;0;0;18749;54212
743578;39;90;133;19487;54212
744085;86;193;293;20177;54212
744354;0;0;0;19211;54750
744587;12;19;51;19422;54750
745108;60;116;191;20137;54750
745336;0;0;0;19504;54750
745605;46;123;168;20167;54750
746119;97;232;320;20855;54750
746367;0;0;0;19944;55310
746620;57;102;162;20623;55310
747135;87;155;260;21065;55310
747402;0;0;0;19535;56342
747650;25;56;96;19967;56342
748153;58;117;189;20412;56342
748359;0;0;0;19776;56342
748660;48;103;163;20462;56342
749165;100;186;315;21175;56342
749373;0;0;0;20704;56414
749674;62;95;189;21358;56414
750179;111;189;308;21977;56414
750410;0;0;0;21000;56999
750685;32;73;97;21436;56999
751185;86;173;231;22148;56999
751437;0;0;0;20574;58063
751698;54;90;135;21295;58063
752207;109;184;286;21995;58063
752449;0;0;0;20511;59126
752707;5;15;22;20618;59126
753218;62;114;167;21317;59126
753412;0;0;0;20385;59401
753719;34;54;80;20700;59401
754218;47;90;147;20958;59401
754442;0;0;0;19492;60151
754721;0;0;0;19492;60151
755234;37;77;117;19988;60151
755441;0;0;0;18946;60424
755741;50;86;139;19577;60424
756247;50;86;139;19577;60424
756449;0;0;0;18540;60736
756752;47;80;111;19035;60736
757260;84;152;205;19488;60736
757451;0;0;0;18830;60835
757761;9;8;8;18892;60835
758265;17;19;31;19001;60835
758465;0;0;0;17615;61288
758762;0;0;0;17615;61288
759278;6;12;13;17676;61288
759449;0;0;0;16707;61288
759793;7;16;31;16850;61288
760299;12;28;53;16926;61288
760451;0;0;0;16019;61288
760814;6;16;20;16115;61288
761318;10;32;42;16261;61288
761459;10;0;0;15341;61288
761826;26;37;48;15573;61288
762328;0;0;0;14684;61288
762473;0;0;0;14684;61288
762838;12;31;43;14862;61288
763338;0;0;0;13948;61288
763482;0;0;0;13948;61288
763842;8;19;25;14055;61288
764343;23;24;54;13297;61288
764489;23;24;54;13297;61288
764854;26;34;66;13362;61288
765352;0;0;0;12488;61288
765490;0;0;0;12488;61288
765868;6;11;23;12618;61288
766384;0;0;0;11658;61288
766505;0;0;0;11635;61311
766887;21;32;68;11861;61311
767390;7;16;30;11123;61311
767512;7;16;30;11123;61311
767897;19;42;63;11325;61311
768407;4;11;18;10548;61311
768523;4;11;18;9803;62056
768913;12;29;43;9926;62056
769416;0;0;0;9010;62056
769526;0;0;0;9010;62056
769930;13;25;47;9279;62056
770436;2;11;21;8465;62056
770530;2;11;21;8343;62178
770940;11;31;46;8456;62178
771449;0;0;0;7544;62178
771550;0;0;0;6877;62845
771964;13;11;24;7010;62845
772468;0;0;0;6058;62845
772545;0;0;0;6058;62845
772974;6;15;25;6153;62845
773490;8;17;16;5292;62845
773550;8;17;16;5292;62845
773991;8;17;16;5292;62845
774496;8;18;45;4493;62845
774555;8;18;45;4493;62845
775009;25;47;111;4685;62845
775516;3;14;22;3971;62845
775569;3;14;22;3971;62845
776011;3;14;22;3971;62845
776513;4;22;21;3091;62845
776573;4;22;21;3091;62845
777019;12;37;45;3194;62845
777522;4;8;14;2334;62845
777581;4;8;14;2334;62845
778022;10;24;32;2445;62845
778525;7;9;17;1599;62845
778586;7;9;17;1599;62845
779028;8;25;30;1682;62845
779535;0;0;0;745;62845
779594;0;0;0;745;62845
780046;6;21;25;859;62845
780548;9;18;32;116;62756
780609;9;18;32;116;62756
781065;9;18;32;116;62756
781569;13;36;39;210;61931
781613;13;36;39;210;61931
782075;13;36;39;210;61931
782589;7;9;21;89;61229
782622;7;9;21;89;61229
783097;25;46;63;320;61229
783598;4;10;18;63;60683
783628;4;10;18;63;60683
784110;22;65;103;357;60683
784610;0;0;0;0;60230
784638;0;0;0;0;60230
785125;2;7;10;47;60230
785629;8;16;21;119;59296
785641;8;16;21;119;59296
786134;20;33;47;235;59296
786634;7;18;19;100;58631
786647;7;18;19;100;58631
787148;15;39;41;214;58631
787649;0;0;0;0;57940
787650;0;0;0;0;57940
788168;16;37;57;238;57940
788651;0;0;0;0;57288
788668;0;0;0;0;57288
789173;13;26;58;203;57288
789652;0;0;0;0;56588
789684;0;0;0;0;56588
790187;8;23;31;164;56588
790658;0;0;0;0;55814
790693;4;12;12;64;55814
791207;4;12;12;64;55814
791674;0;0;0;0;54906
791706;9;28;38;132;54906
792208;9;28;38;132;54906
792673;0;0;0;0;54113
792722;4;19;19;104;54113
793225;14;31;38;212;54113
793689;0;0;0;0;53408
793737;0;0;0;0;53408
794239;3;6;17;71;53408
794690;0;0;0;0;52505
794740;5;3;11;72;52505
795254;26;30;50;297;52505
795703;0;0;0;0;51908
795753;0;0;0;0;51908
796259;4;17;28;77;51908
796717;0;0;0;0;51034
796766;0;0;0;0;51034
797282;7;11;23;67;51034
797717;0;0;0;0;50142
797783;6;19;20;96;50142
798288;6;19;20;96;50142
798727;0;0;0;0;49283
798794;7;25;21;111;49283
799293;15;44;36;189;49283
799729;0;0;0;0;48567
799795;2;8;7;63;48567
800300;2;8;7;63;48567
800735;0;0;0;0;47647
800801;7;8;7;49;47647
801308;11;17;29;163;47647
801747;0;0;0;0;46867
801812;0;0;0;0;46867
802321;2;14;12;65;46867
802748;0;0;0;0;45960
802829;7;17;19;114;45960
803335;7;17;19;114;45960
803760;0;0;0;0;45117
803840;7;9;14;65;45117
804343;13;29;43;175;45117
804765;0;0;0;0;44377
804848;0;0;0;0;44377
805352;6;12;13;80;44377
805770;0;0;0;0;43488
805853;0;0;0;0;43488
806360;11;18;31;161;43488
806783;0;0;0;0;42709
806866;27;33;59;229;42709
807373;36;59;91;367;42709
807794;0;0;0;0;42262
807874;0;0;0;0;42262
808382;6;24;38;131;42262
808801;0;0;0;0;41461
808884;22;16;31;164;41461
809388;22;16;31;164;41461
809812;0;0;0;0;40694
809892;7;13;22;82;40694
810403;44;85;108;526;40694
810814;0;0;0;0;40457
810913;2;5;11;51;40457
811413;8;17;37;140;40457
811818;0;0;0;0;39659
811914;0;0;0;0;39659
812432;7;23;31;121;39659
812821;0;0;0;0;38841
812936;23;35;101;317;38841
813441;28;42;121;402;38841
813829;0;0;0;0;38434
813939;6;9;19;87;38434
814440;6;9;19;87;38434
814834;0;0;0;0;37555
814946;27;49;45;307;37555
815449;27;49;45;307;37555
815835;0;0;0;0;36983
815962;3;4;15;55;36983
816477;10;11;27;114;36983
816838;0;0;0;0;36145
816982;21;38;50;286;36145
817486;21;38;50;286;36145
817848;0;0;0;0;35540
817993;6;11;21;123;35540
818492;6;11;21;123;35540
818849;0;0;0;0;34701
819007;25;54;93;409;34701
819519;30;71;115;523;34701
819860;0;0;0;0;34440
820019;0;0;0;0;34440
820521;6;7;21;74;34440
820860;0;0;0;0;33548
821034;0;0;0;0;33548
821539;7;20;29;119;33548
821868;0;0;0;0;32723
822042;0;0;0;0;32723
822550;15;22;37;180;32723
822881;0;0;0;0;31977
823057;4;12;15;90;31977
823559;11;24;39;186;31977
823890;0;0;0;0;31237
824068;22;28;57;205;31237
824571;22;28;57;205;31237
824900;0;0;0;0;30549
825078;14;31;48;248;30549
825593;14;31;48;248;30549
825911;0;0;0;0;29890
826105;5;5;6;79;29890
826613;13;17;26;177;29890
826922;0;0;0;0;29123
827113;0;0;0;0;29123
827618;7;16;29;128;29123
827929;0;0;0;0;28303
828122;8;20;16;98;28303
828626;8;20;16;98;28303
828941;0;0;0;0;27445
829132;7;21;29;121;27445
829640;14;42;54;245;27445
829952;0;0;0;0;26800
830145;6;20;33;138;26800
830650;6;20;33;138;26800
830961;0;0;0;0;25997
831153;6;8;16;71;25997
831657;6;8;16;71;25997
831967;0;0;0;0;25098
832158;11;21;30;152;25098
832674;15;32;49;237;25098
832968;0;0;0;0;24431
833173;7;19;34;153;24431
833683;7;19;34;153;24431
833979;0;0;0;0;23644
834187;1;11;9;42;23644
834687;12;26;30;173;23644
834983;0;0;0;0;22885
835188;13;35;41;204;22885
835691;18;57;72;342;22885
835988;0;0;0;0;22374
836194;8;14;28;154;22374
836696;31;59;85;402;22374
836989;0;0;0;0;21951
837197;7;4;13;50;21951
837699;12;10;27;118;21951
837998;0;0;0;0;21118
838203;7;16;33;108;21118
838707;20;54;81;395;21118
839005;0;0;0;0;20668
839211;2;10;21;71;20668
839728;6;19;39;128;20668
840020;0;0;0;0;19860
840227;4;9;9;65;19860
840733;10;25;43;179;19860
841026;0;0;0;0;19117
841231;12;24;25;132;19117
841746;18;40;40;219;19117
842031;0;0;0;0;18434
842256;9;36;49;224;18434
842760;16;49;66;289;18434
843042;0;0;0;0;17854
843264;8;12;18;108;17854
843771;8;15;28;158;17854
844054;0;0;0;0;17063
844277;0;0;0;0;17063
844778;3;7;9;43;17063
845060;0;0;0;0;16125
845282;11;36;49;207;16125
845793;11;36;49;207;16125
846072;0;0;0;0;15428
846294;4;4;15;65;15428
846792;18;19;37;172;15428
847074;0;0;0;0;14674
847296;10;25;25;133;14674
847796;10;25;25;133;14674
848077;0;0;0;0;13867
848311;7;3;12;57;13867
848823;7;3;12;57;13867
849087;0;0;0;0;12946
849340;19;50;47;247;12946
849852;19;50;47;247;12946
850101;0;0;0;0;12309
850353;10;18;29;114;12309
850870;27;48;64;313;12309
851103;0;0;0;0;11761
851370;0;0;0;0;11761
851885;19;18;40;206;11761
852103;0;0;0;0;11044
852388;2;8;10;55;11044
852903;6;12;21;121;11044
853103;0;0;0;0;10204
853403;0;0;0;0;10204
853909;11;18;46;158;10204
854110;0;0;0;0;9437
854413;6;13;18;56;9437
854921;30;54;71;403;9437
855123;0;0;0;0;8995
855421;0;0;0;0;8995
855923;12;22;29;144;8995
856124;0;0;0;0;8202
856424;0;0;0;0;8202
856927;2;14;14;80;8202
857131;0;0;0;0;7312
857435;0;0;0;0;7312
857939;0;8;10;53;7312
858145;0;0;0;0;6383
858443;7;12;27;106;6383
858952;7;12;27;106;6383
859153;0;0;0;0;5535
859457;7;17;27;140;5535
859961;21;52;84;423;5535
860162;0;0;0;0;5115
860461;0;0;0;0;5115
860967;18;35;53;227;5115
861169;0;0;0;0;4448
861468;0;0;0;0;4448
861974;6;6;13;42;4448
862175;0;0;0;0;3515
862481;5;8;13;44;3515
862989;10;29;36;126;3515
863176;0;0;0;0;2716
863495;10;17;42;141;2716
864005;13;24;54;197;2716
864181;0;0;0;0;2004
864513;0;0;0;0;2004
865020;8;16;30;130;2004
865195;0;0;0;0;1188
865527;9;28;34;130;1188
866033;9;28;34;130;1188
866204;0;0;0;0;389
866535;8;18;26;142;389
867048;8;18;26;142;389
867205;0;0;0;0;0
867550;10;17;20;101;0
868062;10;17;20;101;0
868216;0;0;0;0;0
868577;14;13;40;148;0
869086;32;54;106;407;0
869223;0;0;0;0;0
869587;12;16;28;128;0
870094;18;24;43;200;0
870232;0;0;0;0;0
870597;0;0;0;0;0
871105;6;11;19;63;0
871244;0;0;0;0;0
871611;3;17;16;92;0
872117;3;17;16;92;0
872257;0;0;0;0;0
872623;16;35;72;264;0
873121;16;35;72;264;0
873260;0;0;0;0;0
873620;4;18;24;136;0
874127;4;18;24;136;0
874266;0;0;0;0;0
874632;10;14;23;130;0
875136;10;14;23;130;0
875273;0;0;0;0;0
875639;11;19;22;107;0
876139;30;56;78;321;0
876276;0;0;0;0;0
876639;0;0;0;0;0
877141;11;22;22;104;0
877280;0;0;0;0;0
877649;18;41;60;246;0
878149;18;41;60;246;0
878291;0;0;0;0;0
878653;10;13;21;133;0
879157;23;31;39;217;0
879296;0;0;0;0;0
879661;10;22;22;104;0
880165;14;30;35;163;0
880305;0;0;0;0;0
880669;28;40;77;327;0
881168;28;40;77;327;0
881308;0;0;0;0;0
881667;4;12;16;64;0
882184;11;28;32;166;0
882323;0;0;0;0;0
882684;9;22;31;130;0
883197;9;22;31;130;0
883337;0;0;0;0;0
883698;1;11;14;78;0
884204;15;31;47;211;0
884344;0;0;0;0;0
884708;0;0;0;0;0
885209;6;14;18;102;0
885349;0;0;0;0;0
885711;12;21;22;86;0
886215;18;28;31;129;0
886355;0;0;0;0;0
886719;0;0;0;0;0
887219;6;8;19;57;0
887357;0;0;0;0;0
887725;22;36;66;229;0
888233;27;46;88;314;0
888372;0;0;0;0;0
888736;9;20;36;130;0
889245;17;36;55;248;0
889385;0;0;0;0;0
889750;0;0;0;0;0
890258;5;3;8;50;0
890398;0;0;0;0;0
890766;0;0;0;0;0
891274;11;16;23;101;0
891413;0;0;0;0;0
891784;13;17;26;125;0
892287;26;34;59;246;0
892424;0;0;0;0;0
892787;0;0;0;0;0
893292;10;9;27;127;0
893432;0;0;0;0;0
893795;8;18;16;132;0
894310;8;18;16;132;0
894447;0;0;0;0;0
894818;4;10;11;44;0
895321;9;35;32;160;0
895458;0;0;0;0;0
895838;1;8;11;72;0
896352;16;46;68;314;0
896458;16;0;0;0;0
896852;16;0;0;0;0
897354;8;19;26;88;0
897460;8;0;0;0;0
897865;12;8;10;55;0
898368;7;17;30;111;0
898474;7;0;0;0;0
898883;7;0;0;0;0
899386;8;13;19;112;0
899479;8;13;19;112;0
899894;13;19;31;170;0
900395;6;20;33;179;0
900489;6;20;33;179;0
900900;6;20;33;179;0
901399;3;10;10;52;0
901495;3;10;10;52;0
901903;11;32;40;173;0
902402;0;0;0;0;0
902502;0;0;0;0;0
902908;12;22;25;87;0
903409;18;34;28;164;0
903503;18;34;28;164;0
903923;28;40;54;253;0
904428;1;5;14;47;0
904505;1;5;14;47;0
904932;12;19;31;196;0
905444;4;14;32;128;0
905504;4;14;32;128;0
905959;10;29;62;246;0
906473;10;31;47;191;0
906517;10;31;47;191;0
906974;16;49;69;283;0
907477;0;0;0;0;0
907521;0;0;0;0;0
907979;7;17;11;66;0
908486;4;10;17;50;0
908531;4;10;17;50;0
908993;6;18;30;101;0
909499;0;0;0;0;0
909541;0;0;0;0;0
909998;18;26;31;182;0
910498;0;0;0;0;0
910543;0;0;0;0;0
911015;6;11;14;56;0
911515;6;22;27;104;0
911543;6;22;27;104;0
912017;10;37;43;184;0
912517;4;9;7;48;0
912547;4;9;7;48;0
913022;4;9;7;48;0
913523;9;11;26;73;0
913552;9;11;26;73;0
914036;11;16;36;120;0
914547;19;29;52;194;0
914560;19;29;52;194;0
915051;31;43;60;270;0
915551;0;0;0;0;0
915564;0;0;0;0;0
916052;11;14;27;124;0
916565;0;0;0;0;0
916566;13;31;47;205;0
917079;13;31;47;205;0
917575;0;0;0;0;0
917581;16;39;58;270;0
918081;20;50;72;336;0
918577;0;0;0;0;0
918580;14;25;52;196;0
919096;14;25;52;196;0
919580;0;0;0;0;0
919599;24;50;65;308;0
920107;24;50;65;308;0
920593;0;0;0;0;0
920611;13;17;34;144;0
921116;13;17;34;144;0
921606;0;0;0;0;0
921624;2;3;16;46;0
922129;5;7;26;92;0
922616;0;0;0;0;0
922635;0;0;0;0;0
923144;16;41;65;236;0
923627;0;0;0;0;0
923644;0;0;0;0;0
924149;5;7;10;52;0
924639;0;0;0;0;0
924657;0;0;0;0;0
925168;8;29;50;191;0
925643;0;0;0;0;0
925677;0;0;0;0;0
926182;3;12;10;46;0
926647;0;0;0;0;0
926699;10;14;39;114;0
927214;19;25;59;218;0
927650;0;0;0;0;0
927714;7;9;12;87;0
928221;7;9;12;87;0
928664;0;0;0;0;0
928730;17;37;47;192;0
929237;17;37;47;192;0
929672;0;0;0;0;0
929738;10;12;26;115;0
930244;15;22;44;183;0
930685;0;0;0;0;0
930752;0;0;0;0;0
931260;9;25;46;151;0
931689;0;0;0;0;0
931773;4;9;10;46;0
932280;4;9;10;46;0
932700;0;0;0;0;0
932796;5;5;11;53;0
933299;25;39;55;273;0
933710;0;0;0;0;0
933809;0;0;0;0;0
934321;17;33;55;279;0
934713;0;0;0;0;0
934827;12;23;31;140;0
935331;12;23;31;140;0
935728;0;0;0;0;0
935840;8;19;25;129;0
936348;9;30;36;175;0
936743;0;0;0;0;0
936858;8;30;31;161;0
937366;14;39;59;227;0
937752;0;0;0;0;0
937880;0;0;0;0;0
938390;10;28;29;153;0
938764;0;0;0;0;0
938892;0;0;0;0;0
939400;24;55;70;318;0
939773;0;0;0;0;0
939901;18;30;45;193;0
940410;18;30;45;193;0
940774;0;0;0;0;0
940922;7;7;12;76;0
941437;10;19;38;172;0
941783;0;0;0;0;0
941943;0;0;0;0;0
942449;4;19;20;101;0
942791;0;0;0;0;0
942952;4;15;13;117;0
943465;4;15;13;117;0
943798;0;0;0;0;0
943977;8;22;41;197;0
944486;14;33;68;308;0
944805;0;0;0;0;0
944998;0;0;0;0;0
945509;27;42;50;255;0
945807;0;0;0;0;0
946018;6;9;12;71;0
946532;17;23;38;200;0
946814;0;0;0;0;0
947037;0;0;0;0;0
947539;15;14;29;131;0
947819;0;0;0;0;0
948046;7;11;20;80;0
948560;20;36;54;260;0
948824;0;0;0;0;0
949062;11;22;35;169;0
949578;17;31;53;220;0
949824;0;0;0;0;0
950079;11;24;42;239;0
950583;14;32;56;307;0
950832;0;0;0;0;0
951085;0;0;0;0;0
951594;9;19;23;103;0
951845;0;0;0;0;0
952099;10;19;24;142;0
952614;10;19;24;142;0
952847;0;0;0;0;0
953128;9;25;33;186;0
953628;13;29;46;246;0
953861;0;0;0;0;0
954130;0;0;0;0;0
954636;7;24;30;118;0
954872;0;0;0;0;0
955147;5;16;21;108;0
955652;10;38;40;231;0
955885;0;0;0;0;0
956156;2;15;19;72;0
956661;2;15;19;72;0
956896;0;0;0;0;0
957165;6;7;11;64;0
957670;15;20;39;177;0
957903;0;0;0;0;0
958176;11;24;37;189;0
958675;12;36;45;241;0
958905;0;0;0;0;0
959177;11;28;32;163;0
959676;11;28;32;163;0
959914;0;0;0;0;0
960185;28;33;70;272;0
960693;34;44;81;352;0
960917;0;0;0;0;0
961203;0;0;0;0;0
961709;16;25;33;119;0
961931;0;0;0;0;0
962215;3;2;6;52;0
962730;11;14;32;120;0
962930;0;0;0;0;0
963244;2;8;11;56;0
963759;9;16;26;120;0
963946;0;0;0;0;0
964261;0;0;0;0;0
964767;5;11;9;61;0
964954;0;0;0;0;0
965272;0;0;0;0;0
965775;7;24;27;128;0
965961;0;0;0;0;0
966280;9;16;26;110;0
966778;9;16;26;110;0
966976;0;0;0;0;0
967294;6;13;14;67;0
967797;19;31;47;193;0
967985;0;0;0;0;0
968305;2;5;11;71;0
968808;2;5;11;71;0
968993;0;0;0;0;0
969314;2;9;11;57;0
969818;2;9;11;57;0
970006;0;0;0;0;0
970322;4;9;15;59;0
970826;13;28;38;190;0
971014;0;0;0;0;0
971330;21;42;64;317;0
971840;21;42;64;317;0
972028;0;0;0;0;0
972348;1;5;16;65;0
972849;6;20;36;165;0
973036;0;0;0;0;0
973352;13;16;24;127;0
973852;14;24;37;192;0
974038;0;0;0;0;0
974357;2;15;17;69;0
974859;2;15;17;69;0
975045;0;0;0;0;0
975361;3;19;27;74;0
975865;11;39;57;188;0
976051;0;0;0;0;0
976381;0;0;0;0;0
976886;10;8;19;106;0
977053;0;0;0;0;0
977388;0;0;0;0;0
977899;4;4;9;59;0
978070;0;0;0;0;0
978402;5;16;20;88;0
978910;19;48;77;265;0
979079;0;0;0;0;0
979414;0;0;0;0;0
979929;4;8;11;58;0
980086;0;0;0;0;0
980434;13;37;48;234;0
980946;17;62;72;371;0
981100;0;0;0;0;0
981458;12;42;55;245;0
981956;16;54;77;331;0
982112;0;0;0;0;0
982462;0;0;0;0;0
982963;2;19;23;138;0
983119;0;0;0;0;0
983468;24;41;57;236;0
983970;24;41;57;236;0
984129;0;0;0;0;0
984478;10;24;29;134;0
984976;10;24;29;134;0
985131;0;0;0;0;0
985493;7;24;22;109;0
986005;7;24;22;109;0
986146;0;0;0;0;0
986508;4;4;9;59;0
987009;37;61;89;494;0
987148;0;0;0;0;0
987523;6;12;20;94;0
988025;13;24;41;249;0
988149;0;0;0;0;0
988524;0;0;0;0;0
989039;9;5;17;94;0
989160;0;0;0;0;0
989551;15;14;24;119;0
990050;15;14;24;119;0
990176;0;0;0;0;0
990557;15;35;63;230;0
991063;25;67;119;511;0
991187;0;0;0;0;0
991563;0;0;0;0;0
992071;13;25;46;219;0
992196;0;0;0;0;0
992573;10;16;23;105;0
993082;20;41;61;287;0
993206;0;0;0;0;0
993589;5;9;21;94;0
994087;5;9;21;94;0
994211;0;0;0;0;0
994590;12;23;35;167;0
995108;2;36;58;249;0
995214;2;0;0;0;0
995611;2;0;0;0;0
996116;4;7;12;63;0
996222;4;0;0;0;0
996623;4;0;0;0;0
997132;20;43;49;248;0
997223;20;0;0;0;0
997634;29;16;17;128;0
998140;30;51;81;428;0
998229;30;0;0;0;0
998651;35;18;23;135;0
999152;0;18;23;135;0
999243;0;0;0;0;0
999652;8;13;28;135;0
1000156;22;49;79;385;0
1000245;22;0;0;0;0
1000656;31;13;34;133;0
1001155;31;13;34;133;0
1001248;0;0;0;0;0
1001659;3;10;22;76;0
1002159;0;0;22;76;0
1002250;0;0;0;0;0
1002662;20;26;50;266;0
1003160;0;0;50;266;0
1003263;0;0;0;0;0
1003670;7;17;27;77;0
1004170;0;0;0;0;0
1004264;0;0;0;0;0
1004687;11;13;28;129;0
1005187;12;15;27;135;0
1005278;12;15;27;135;0
1005702;21;37;47;236;0
1006201;8;14;10;89;0
1006282;8;14;10;89;0
1006708;8;14;10;89;0
1007211;11;24;31;160;0
1007293;11;24;31;160;0
1007712;17;37;51;242;0
1008212;0;0;0;0;0
1008293;0;0;0;0;0
1008718;5;8;14;61;0
1009220;0;0;14;61;0
1009305;0;0;0;0;0
1009728;13;22;52;223;0
1010228;0;0;0;0;0
1010310;0;0;0;0;0
1010731;13;39;56;240;0
1011230;0;0;0;0;0
1011310;0;0;0;0;0
1011737;27;69;80;427;0
1012237;48;110;137;619;0
1012317;48;110;137;619;0
1012745;74;170;217;941;0
1013245;27;55;82;797;0
1013324;27;55;82;797;0
1013747;27;55;82;797;0
1014249;40;95;147;628;0
1014328;40;95;147;628;0
1014758;67;186;242;1122;0
1015261;43;83;124;1217;0
1015339;43;83;124;1217;0
1015770;87;165;269;1895;0
1016270;0;0;0;1416;0
1016347;0;0;0;1416;0
1016785;38;102;134;2013;0
1017292;18;30;55;1510;0
1017350;18;30;55;1510;0
1017792;18;30;55;1510;0
1018298;34;84;117;1184;0
1018361;34;84;117;1184;0
1018813;69;169;230;1822;0
1019317;0;0;0;1290;0
1019362;0;0;0;1290;0
1019823;45;103;168;1974;0
1020326;40;105;140;1941;0
1020370;40;105;140;1941;0
1020842;65;177;252;2457;0
1021339;0;0;0;1951;0
1021384;0;0;0;1951;0
1021843;33;73;111;2487;0
1022344;0;0;0;1704;0
1022390;0;0;0;1704;0
1022854;23;47;67;2087;0
1023365;57;91;155;1890;0
1023392;57;91;155;1890;0
1023868;109;179;289;2536;0
1024376;40;77;143;2681;0
1024403;40;77;143;2681;0
1024875;56;115;207;2940;0
1025380;48;88;158;3024;0
1025408;48;88;158;3024;0
1025892;51;96;166;3062;0
1026393;46;102;162;3065;0
1026420;46;102;162;3065;0
1026895;94;189;321;3771;0
1027407;45;98;170;4062;0
1027435;45;98;170;4062;0
1027923;91;191;311;4666;0
1028422;52;89;130;4982;0
1028434;52;89;130;4982;0
1028925;84;141;197;5297;0
1029440;0;0;0;4719;0
1029442;39;75;119;5310;0
1029942;39;75;119;5310;0
1030441;0;0;0;4543;0
1030446;26;62;76;5017;0
1030956;76;161;225;5719;0
1031450;0;0;0;5181;0
1031471;48;95;169;5869;0
1031973;117;196;325;6543;0
1032457;0;0;0;6181;0
1032475;32;46;66;6533;0
1032991;78;142;206;7215;0
1033457;0;0;0;6641;0
1033491;0;0;0;6641;0
1033994;43;78;99;7116;0
1034462;0;0;0;6336;0
1034495;0;0;0;6336;0
1035001;43;97;144;6938;0
1035470;0;0;0;6222;0
1035504;0;0;0;6222;0
1036010;21;28;69;6486;0
1036478;0;0;0;5604;0
1036514;30;60;124;6116;0
1037015;30;60;124;6116;0
1037482;0;0;0;5330;0
1037531;35;69;158;5885;0
1038032;54;111;216;6166;0
1038484;0;0;0;5547;0
1038535;18;68;99;6063;0
1039041;39;103;149;6275;0
1039500;0;0;0;5566;0
1039550;0;0;0;5566;0
1040053;21;36;42;5817;0
1040509;0;0;0;4916;0
1040559;34;57;89;5307;0
1041060;34;57;89;5307;0
1041508;0;0;0;4487;0
1041575;50;82;145;5117;0
1042073;50;82;145;5117;0
1042515;0;0;0;4394;0
1042581;24;53;75;4781;0
1043090;24;53;75;4781;0
1043526;0;0;0;3933;0
1043593;24;42;56;4245;0
1044095;63;117;153;4663;0
1044528;0;0;0;3996;0
1044596;0;0;0;3996;0
1045104;34;100;152;4710;0
1045533;0;0;0;3996;0
1045618;55;99;165;4677;0
1046121;102;196;321;5377;0
1046543;0;0;0;4996;0
1046627;34;79;126;5683;0
1047133;85;172;262;6403;0
1047556;0;0;0;5922;0
1047639;1;2;5;5931;0
1048147;38;78;129;6515;0
1048566;0;0;0;5760;0
1048649;54;78;157;6471;0
1049153;111;177;310;7162;0
1049572;0;0;0;6760;0
1049669;43;108;155;7454;0
1050176;88;193;318;8161;0
1050583;0;0;0;7760;0
1050681;22;44;54;8023;0
1051188;41;92;114;8358;0
1051593;0;0;0;7605;0
1051693;42;55;80;8017;0
1052198;82;136;223;8701;0
1052606;0;0;0;8142;0
1052707;34;77;94;8598;0
1053224;92;172;244;9295;0
1053608;0;0;0;8803;0
1053736;8;10;32;8899;0
1054243;31;77;114;9315;0
1054616;0;0;0;8537;0
1054744;38;93;105;9066;0
1055250;84;196;262;9760;0
1055626;0;0;0;9302;0
1055760;56;96;141;10009;0
1056262;104;188;283;10727;0
1056640;0;0;0;10302;0
1056771;53;101;151;10997;0
1057277;107;199;302;11694;0
1057653;0;0;0;11302;0
1057783;50;69;102;11758;0
1058289;92;173;251;12463;0
1058660;0;0;0;11979;0
1058789;39;73;121;12496;0
1059291;39;73;121;12496;0
1059667;0;0;0;11729;0
1059795;24;64;73;12186;0
1060297;69;156;207;12874;0
1060668;0;0;0;12306;0
1060801;47;99;149;13011;0
1061298;61;119;182;13213;0
1061673;0;0;0;12575;0
1061800;33;44;70;12991;0
1062303;68;84;160;13331;0
1062675;0;0;0;12643;0
1062805;0;0;0;12643;0
1063313;27;68;94;13093;0
1063688;0;0;0;12282;0
1063818;41;63;102;12768;0
1064322;41;63;102;12768;0
1064697;0;0;0;11974;0
1064829;38;75;145;12543;0
1065326;38;75;145;12543;0
1065701;0;0;0;11801;0
1065832;36;90;107;12409;0
1066335;58;129;179;12726;0
1066710;0;0;0;12092;0
1066841;24;39;77;12403;0
1067340;24;39;77;12403;0
1067717;0;0;0;11543;0
1067845;49;90;128;12148;0
1068350;104;190;287;12834;0
1068723;0;0;0;12415;0
1068852;62;82;137;13016;0
1069352;104;184;285;13724;0
1069724;0;0;0;13297;0
1069855;53;103;147;13969;0
1070357;73;134;196;14234;0
1070731;0;0;0;13637;0
1070861;37;79;96;14177;0
1071363;62;140;208;14673;0
1071744;0;0;0;14083;0
1071873;21;71;86;14458;0
1072378;64;168;206;15126;0
1072749;0;0;0;14564;0
1072890;0;0;0;14564;0
1073406;14;36;58;14822;0
1073762;0;0;0;13930;0
1073906;28;60;104;14413;0
1074408;63;144;235;14991;0
1074766;0;0;0;14433;0
1074909;0;0;0;14433;0
1075416;46;94;126;15040;0
1075775;0;0;0;14306;0
1075920;32;69;112;14831;0
1076426;32;69;112;14831;0
1076788;0;0;0;14044;0
1076935;35;75;125;14533;0
1077435;81;139;218;14963;0
1077790;0;0;0;14401;0
1077936;43;93;157;15106;0
1078443;74;151;243;15539;0
1078808;0;0;0;15007;0
1078952;12;28;54;15245;0
1079455;12;28;54;15245;0
1079816;0;0;0;14339;0
1079960;37;65;95;14741;0
1080459;37;65;95;14741;0
1080822;0;0;0;13938;0
1080963;57;95;153;14573;0
1081476;57;95;153;14573;0
1081836;0;0;0;13878;0
1081983;50;99;156;14573;0
1082490;95;191;324;15268;0
1082850;0;0;0;14878;0
1082994;37;90;132;15527;0
1083507;93;188;283;16222;0
1083851;0;0;0;15786;0
1083994;27;61;89;16162;0
1084498;83;158;239;16859;0
1084859;0;0;0;16339;0
1085005;46;91;158;17026;0
1085508;87;182;292;17626;0
1085870;0;0;0;17121;66
1086008;0;0;0;17121;66
1086511;37;56;94;17576;66
1086871;0;0;0;16763;66
1087016;26;62;118;17200;66
1087517;26;62;118;17200;66
1087876;0;0;0;16406;66
1088035;29;68;101;16858;66
1088537;94;164;253;17524;66
1088901;0;0;0;16611;490
1089040;25;56;92;16972;490
1089541;72;166;229;17678;490
1089921;0;0;0;16298;1337
1090043;63;110;160;16965;1337
1090554;118;184;323;17673;1337
1090914;0;0;0;16868;1767
1091056;33;71;111;17375;1767
1091557;74;163;260;18016;1767
1091918;0;0;0;17145;2135
1092061;35;69;111;17688;2135
1092561;35;69;111;17688;2135
1092904;0;0;0;16903;2135
1093064;39;109;157;17575;2135
1093575;76;178;268;18081;2135
1093921;0;0;0;17457;2281
1094074;16;35;42;17705;2281
1094588;16;35;42;17705;2281
1094933;0;0;0;16798;2281
1095096;44;104;155;17495;2281
1095597;55;124;189;17651;2281
1095953;0;0;0;16848;2452
1096104;42;99;117;17429;2452
1096605;82;145;204;17811;2452
1096947;0;0;0;17242;2452
1097104;0;0;0;17242;2452
1097606;26;30;43;17485;2452
1097958;0;0;0;16430;2606
1098113;45;84;113;17024;2606
1098623;67;122;160;17240;2606
1098968;0;0;0;16569;2626
1099130;0;0;0;16569;2626
1099636;38;47;84;16925;2626
1099982;0;0;0;16094;2626
1100147;26;46;96;16476;2626
1100646;26;46;96;16476;2626
1100991;0;0;0;15644;2626
1101156;43;86;97;16194;2626
1101656;92;191;252;16885;2626
1102000;0;0;0;16378;2668
1102170;51;109;159;17059;2668
1102684;102;200;316;17760;2668
1103018;0;0;0;16854;3192
1103190;27;78;84;17334;3192
1103693;64;141;176;17835;3192
1104026;0;0;0;16764;3644
1104196;0;0;0;16764;3644
1104699;50;96;138;17480;3644
1105030;0;0;0;16096;4312
1105204;41;100;152;16803;4312
1105706;93;178;305;17520;4312
1106028;0;0;0;16920;4488
1106213;57;104;154;17605;4488
1106715;113;198;295;18314;4488
1107047;0;0;0;17422;4986
1107216;48;107;164;18103;4986
1107722;90;195;289;18677;4986
1108036;0;0;0;18225;5012
1108234;44;88;127;18797;5012
1108734;81;171;235;19290;5012
1109066;0;0;0;18263;5526
1109240;50;80;106;18720;5526
1109757;75;132;188;19216;5526
1110111;0;0;0;17239;6898
1110262;29;61;92;17709;6898
1110770;63;144;206;18175;6898
1111063;0;0;0;17564;6922
1111282;56;96;133;18279;6922
1111796;109;209;265;18981;6922
1112110;0;0;0;17797;7689
1112310;48;74;110;18408;7689
1112816;80;126;184;18765;7689
1113085;0;0;0;18093;7751
1113319;33;83;104;18657;7751
1113828;83;188;241;19365;7751
1114101;0;0;0;18611;8017
1114336;37;49;81;19045;8017
1114837;90;147;233;19734;8017
1115111;0;0;0;18881;8340
1115352;39;96;139;19569;8340
1115865;87;188;296;20272;8340
1116117;0;0;0;19691;8492
1116378;19;31;56;19923;8492
1116883;89;135;211;20594;8492
1117114;0;0;0;20029;8492
1117385;32;54;92;20432;8492
1117892;79;158;218;21113;8492
1118128;0;0;0;20459;8601
1118398;61;102;148;21148;8601
1118904;115;212;294;21838;8601
1119135;0;0;0;21459;8601
1119406;49;88;171;22151;8601
1119915;96;197;323;22843;8601
1120147;0;0;0;22268;8792
1120419;44;80;125;22905;8792
1120925;67;123;177;23196;8792
1121157;0;0;0;22563;8792
1121426;61;96;158;23248;8792
1121925;94;166;261;23722;8792
1122225;0;0;0;22053;9982
1122439;0;0;0;22053;9982
1122954;36;56;113;22551;9982
1123171;0;0;0;21750;9988
1123458;48;97;150;22445;9988
1123974;73;154;225;22838;9988
1124174;0;0;0;22290;9988
1124478;19;28;48;22531;9988
1124980;19;28;48;22531;9988
1125247;0;0;0;20308;11306
1125483;33;57;61;20659;11306
1125985;33;57;61;20659;11306
1126186;0;0;0;19810;11306
1126501;38;64;107;20275;11306
1127001;38;64;107;20275;11306
1127200;0;0;0;18923;11867
1127506;24;41;64;19205;11867
1128011;50;101;179;19653;11867
1128202;0;0;0;18763;12087
1128515;49;104;158;19452;12087
1129017;58;118;173;19561;12087
1129219;0;0;0;18611;12386
1129517;55;96;141;19319;12386
1130020;90;160;253;19809;12386
1130235;0;0;0;18843;12855
1130535;40;62;90;19353;12855
1131038;97;150;267;20031;12855
1131236;0;0;0;18964;13436
1131550;4;8;14;18996;13436
1132053;51;110;169;19692;13436
1132243;0;0;0;18541;13917
1132559;48;78;159;19256;13917
1133064;68;121;239;19640;13917
1133245;0;0;0;18729;14256
1133567;0;0;0;18729;14256
1134070;43;85;153;19448;14256
1134271;0;0;0;18020;14965
1134574;31;95;149;18648;14965
1135077;61;154;234;19040;14965
1135281;0;0;0;17663;15791
1135579;0;0;0;17663;15791
1136095;28;64;106;18102;15791
1136269;0;0;0;17167;15924
1136612;65;101;145;17856;15924
1137111;116;207;293;18551;15924
1137288;0;0;0;17477;16614
1137613;43;106;139;18189;16614
1138112;76;158;231;18677;16614
1138304;0;0;0;16983;17773
1138622;44;110;144;17583;17773
1139125;68;149;207;17888;17773
1139295;0;0;0;16880;18205
1139628;0;0;0;16880;18205
1140131;51;109;157;17563;18205
1140310;0;0;0;16184;18901
1140639;47;109;171;16857;18901
1141141;74;180;289;17403;18901
1141314;0;0;0;16260;19587
1141646;57;84;152;16870;19587
1142152;111;171;307;17560;19587
1142304;0;0;0;17149;19587
1142654;41;81;112;17694;19587
1143159;89;184;272;18348;19587
1143335;0;0;0;17259;20221
1143658;29;48;82;17696;20221
1144158;52;98;143;18070;20221
1144313;0;0;0;17363;20221
1144662;30;62;114;17818;20221
1145166;30;62;114;17818;20221
1145319;0;0;0;17024;20221
1145681;46;68;88;17426;20221
1146195;81;146;209;18005;20221
1146334;0;0;0;17441;20221
1146695;0;0;0;17441;20221
1147200;36;54;96;17814;20221
1147340;0;0;0;17000;20221
1147705;0;0;0;17000;20221
1148209;45;119;143;17693;20221
1148347;0;0;0;17000;20221
1148712;27;39;50;17281;20221
1149220;62;105;153;17750;20221
1149356;0;0;0;17070;20221
1149719;40;75;88;17529;20221
1150223;83;175;243;18213;20221
1150363;0;0;0;17714;20221
1150741;19;31;53;17935;20221
1151241;58;118;176;18473;20221
1151362;0;0;0;17825;20221
1151758;39;87;127;18414;20221
1152260;88;183;258;19138;20221
1152380;0;0;0;18214;20674
1152773;38;96;125;18955;20674
1153274;85;199;258;19672;20674
1153383;0;0;0;18804;21084
1153791;16;30;72;19055;21084
1154292;35;100;207;19649;21084
1154382;35;0;0;18302;21754
1154804;35;0;0;18302;21754
1155304;29;81;104;17866;21754
1155381;29;81;104;17866;21754
1155806;46;116;162;18167;21754
1156309;50;106;148;18159;21754
1156388;50;106;148;18159;21754
1156813;96;184;276;18797;21754
1157315;51;74;171;19501;21754
1157426;51;74;171;18138;22673
1157826;98;178;314;18844;22673
1158328;53;112;130;19139;22673
1158412;53;112;130;18926;22886
1158838;109;196;257;19495;22886
1159339;51;85;146;19744;22886
1159426;51;85;146;19489;23141
1159850;68;128;198;19780;23141
1160354;43;80;147;19880;23141
1160468;43;80;147;18584;24437
1160857;66;130;227;18899;24437
1161359;38;78;130;18824;24437
1161421;38;78;130;18791;24470
1161858;58;112;186;19066;24470
1162360;0;0;0;18422;24470
1162437;0;0;0;17831;25061
1162870;22;30;59;18049;25061
1163374;23;34;58;17396;25061
1163444;23;34;58;17194;25263
1163888;23;34;58;17194;25263
1164404;30;59;120;16854;25263
1164449;30;59;120;16854;25263
1164910;57;108;202;17208;25263
1165412;49;99;148;17274;25263
1165456;49;99;148;17274;25263
1165914;102;169;263;17810;25263
1166417;0;0;0;17344;25263
1166462;0;0;0;17344;25263
1166918;23;48;76;17674;25263
1167418;0;0;0;16821;25263
1167464;0;0;0;16821;25263
1167922;31;86;117;17360;25263
1168423;18;33;60;16835;25263
1168468;18;33;60;16835;25263
1168938;44;84;147;17200;25263
1169438;55;94;157;17169;25263
1169467;55;94;157;17169;25263
1169939;76;118;201;17415;25263
1170444;56;94;148;17480;25263
1170470;56;94;148;17480;25263
1170942;110;182;287;18199;25263
1171445;26;64;88;18150;25263
1171507;26;64;88;17387;26026
1171944;53;128;195;17859;26026
1172446;0;0;0;17235;26026
1172503;0;0;0;16282;26979
1172952;47;99;177;16959;26979
1173468;18;32;46;16451;26979
1173480;18;32;46;16451;26979
1173981;54;125;150;16971;26979
1174487;0;0;0;16198;27081
1174488;25;34;68;16497;27081
1174984;57;114;193;17009;27081
1175481;0;0;0;16373;27081
1175486;47;88;142;17096;27081
1175997;106;200;292;17775;27081
1176502;0;0;0;16913;27541
1176506;60;104;166;17583;27541
1177013;85;146;238;17970;27541
1177543;0;0;0;16152;28828
1177547;0;0;0;16152;28828
1178046;0;0;0;16152;28828
1178502;0;0;0;15058;28922
1178548;0;0;0;15058;28922
1179049;0;0;0;15058;28922
1179508;0;0;0;13961;29019
1179555;0;0;0;13961;29019
1180060;0;0;0;13961;29019
1180519;0;0;0;12961;29019
1180567;0;0;0;12961;29019
1181071;0;0;0;12961;29019
1181527;0;0;0;11961;29019
1181579;0;0;0;11961;29019
1182077;0;0;0;11961;29019
1182532;0;0;0;10961;29019
1182580;0;0;0;10961;29019
1183084;0;0;0;10961;29019
1183534;0;0;0;9961;29019
1183598;0;0;0;9961;29019
1184103;0;0;0;9961;29019
1184537;0;0;0;8961;29019
1184621;0;0;0;8961;29019
1185125;0;0;0;8961;29019
1185547;0;0;0;7961;29019
1185628;0;0;0;7961;29019
1186132;0;0;0;7961;29019
1186546;0;0;0;6961;29019
1186643;0;0;0;6961;29019
1187156;0;0;0;6961;29019
1187561;0;0;0;5961;29019
1187658;0;0;0;5961;29019
1188164;0;0;0;5961;29019
1188568;0;0;0;4961;29019
1188665;0;0;0;4961;29019
1189180;0;0;0;4961;29019
1189570;0;0;0;3961;29019
1189680;0;0;0;3961;29019
1190190;0;0;0;3961;29019
1190579;0;0;0;2961;29019
1190694;0;0;0;2961;29019
1191197;0;0;0;2961;29019
1191591;0;0;0;1961;29019
1191700;0;0;0;1961;29019
1192206;0;0;0;1961;29019
1192598;0;0;0;961;29019
1192710;0;0;0;961;29019
1193225;0;0;0;961;29019
1193602;0;0;0;0;28980
1193732;0;0;0;0;28980
1194239;0;0;0;0;28980
1194613;0;0;0;0;27980
1194744;0;0;0;0;27980
1195246;0;0;0;0;27980
1195624;0;0;0;0;26980
1195749;0;0;0;0;26980
1196251;0;0;0;0;26980
1196627;0;0;0;0;25980
1196755;0;0;0;0;25980
1197255;0;0;0;0;25980
1197633;0;0;0;0;24980
1197765;0;0;0;0;24980
1198267;0;0;0;0;24980
1198642;0;0;0;0;23980
1198770;0;0;0;0;23980
1199286;0;0;0;0;23980
1199643;0;0;0;0;22980
1199788;0;0;0;0;22980
1200291;0;0;0;0;22980
1200654;0;0;0;0;21980
1200796;0;0;0;0;21980
1201302;0;0;0;0;21980
1201661;0;0;0;0;20980
1201807;0;0;0;0;20980
1202310;0;0;0;0;20980
1202669;0;0;0;0;19980
1202815;0;0;0;0;19980
1203316;0;0;0;0;19980
1203675;0;0;0;0;18980
1203832;0;0;0;0;18980
1204334;0;0;0;0;18980
1204675;0;0;0;0;17980
1204834;0;0;0;0;17980
1205348;0;0;0;0;17980
1205677;0;0;0;0;16980
1205854;0;0;0;0;16980
1206353;0;0;0;0;16980
1206683;0;0;0;0;15980
1206859;0;0;0;0;15980
1207372;0;0;0;0;15980
1207698;0;0;0;0;14980
1207873;0;0;0;0;14980
1208388;0;0;0;0;14980
1208711;0;0;0;0;13980
1208900;0;0;0;0;13980
1209400;0;0;0;0;13980
1209710;0;0;0;0;12980
1209915;0;0;0;0;12980
1210416;0;0;0;0;12980
1210713;0;0;0;0;11980
1210933;0;0;0;0;11980
1211436;0;0;0;0;11980
1211714;0;0;0;0;10980
1211948;0;0;0;0;10980
1212462;0;0;0;0;10980
1212724;0;0;0;0;9980
1212961;0;0;0;0;9980
1213477;0;0;0;0;9980
1213724;0;0;0;0;8980
1213979;0;0;0;0;8980
1214484;0;0;0;0;8980
1214735;0;0;0;0;7980
1214993;0;0;0;0;7980
1215507;0;0;0;0;7980
1215736;0;0;0;0;6980
1216019;0;0;0;0;6980
1216528;0;0;0;0;6980
1216751;0;0;0;0;5980
1217044;0;0;0;0;5980
1217556;0;0;0;0;5980
1217759;0;0;0;0;4980
1218057;0;0;0;0;4980
1218567;0;0;0;0;4980
1218767;0;0;0;0;3980
1219063;0;0;0;0;3980
1219578;0;0;0;0;3980
1219782;0;0;0;0;2980
1220089;0;0;0;0;2980
1220594;0;0;0;0;2980
1220794;0;0;0;0;1980
1221095;0;0;0;0;1980
1221603;0;0;0;0;1980
1221804;0;0;0;0;980
1222107;0;0;0;0;980
1222611;0;0;0;0;980
1222813;0;0;0;0;0
1223114;0;0;0;0;0
1223614;0;0;0;0;0
1223815;0;0;0;0;0
1224117;0;0;0;0;0
1224621;0;0;0;0;0
1224826;0;0;0;0;0
1225132;0;0;0;0;0
1225631;0;0;0;0;0
1225835;0;0;0;0;0
1226135;0;0;0;0;0
1226637;0;0;0;0;0
1226838;0;0;0;0;0
1227153;0;0;0;0;0
1227659;0;0;0;0;0
1227844;0;0;0;0;0
1228164;0;0;0;0;0
1228671;0;0;0;0;0
1228857;0;0;0;0;0
1229176;0;0;0;0;0
1229680;0;0;0;0;0
1229865;0;0;0;0;0
1230194;0;0;0;0;0
1230695;0;0;0;0;0
1230864;0;0;0;0;0
1231199;0;0;0;0;0
1231703;0;0;0;0;0
1231872;0;0;0;0;0
1232206;0;0;0;0;0
1232709;0;0;0;0;0
1232876;0;0;0;0;0
1233208;0;0;0;0;0
1233712;0;0;0;0;0
1233884;0;0;0;0;0
1234216;0;0;0;0;0
1234727;0;0;0;0;0
1234897;0;0;0;0;0
1235230;0;0;0;0;0
1235746;0;0;0;0;0
1235899;0;0;0;0;0
1236250;0;0;0;0;0
1236762;0;0;0;0;0
1236906;0;0;0;0;0
1237273;0;0;0;0;0
1237777;0;0;0;0;0
1237916;0;0;0;0;0
1238291;0;0;0;0;0
1238797;0;0;0;0;0
1238918;0;0;0;0;0
1239296;0;0;0;0;0
1239803;0;0;0;0;0
1239926;0;0;0;0;0
1240317;0;0;0;0;0
1240832;0;0;0;0;0
1240939;0;0;0;0;0
1241333;0;0;0;0;0
1241837;0;0;0;0;0
1241944;0;0;0;0;0
1242341;0;0;0;0;0
1242848;0;0;0;0;0
1242956;0;0;0;0;0
1243362;0;0;0;0;0
1243865;0;0;0;0;0
1243958;0;0;0;0;0
1244379;0;0;0;0;0
1244895;0;0;0;0;0
1244973;0;0;0;0;0
1245398;0;0;0;0;0
1245912;0;0;0;0;0
1245974;0;0;0;0;0
1246428;0;0;0;0;0
1246928;0;0;0;0;0
1246989;0;0;0;0;0
1247435;0;0;0;0;0
1247935;0;0;0;0;0
1248001;0;0;0;0;0
1248448;0;0;0;0;0
1248948;0;0;0;0;0
1249014;0;0;0;0;0
1249453;0;0;0;0;0
1249955;0;0;0;0;0
1250020;0;0;0;0;0
1250461;0;0;0;0;0
1250960;0;0;0;0;0
1251023;0;0;0;0;0
1251462;0;0;0;0;0
1251963;0;0;0;0;0
1252035;0;0;0;0;0
1252462;0;0;0;0;0
1252970;0;0;0;0;0
1253045;0;0;0;0;0
1253475;0;0;0;0;0
1253975;0;0;0;0;0
1254053;0;0;0;0;0
1254476;0;0;0;0;0
1254983;0;0;0;0;0
1255058;0;0;0;0;0
1255495;0;0;0;0;0
1255997;0;0;0;0;0
1256067;0;0;0;0;0
1256504;0;0;0;0;0
1257002;0;0;0;0;0
1257076;0;0;0;0;0
1257516;0;0;0;0;0
1258016;0;0;0;0;0
1258083;0;0;0;0;0
1258522;0;0;0;0;0
1259020;0;0;0;0;0
1259100;0;0;0;0;0
1259536;0;0;0;0;0
1260050;0;0;0;0;0
1260111;0;0;0;0;0
1260553;0;0;0;0;0
1261054;0;0;0;0;0
1261114;0;0;0;0;0
1261560;0;0;0;0;0
1262067;0;0;0;0;0
1262130;0;0;0;0;0
1262571;0;0;0;0;0
1263083;0;0;0;0;0
1263144;0;0;0;0;0
1263602;0;0;0;0;0
1264104;0;0;0;0;0
1264148;0;0;0;0;0
1264622;0;0;0;0;0
1265124;0;0;0;0;0
1265155;0;0;0;0;0
1265625;0;0;0;0;0
1266138;0;0;0;0;0
1266169;0;0;0;0;0
1266644;0;0;0;0;0
1267147;0;0;0;0;0
1267177;0;0;0;0;0
1267663;0;0;0;0;0
1268175;0;0;0;0;0
1268177;0;0;0;0;0
1268675;0;0;0;0;0
1269190;0;0;0;0;0
1269192;0;0;0;0;0
1269703;0;0;0;0;0
1270200;0;0;0;0;0
1270205;0;0;0;0;0
1270718;0;0;0;0;0
1271200;0;0;0;0;0
1271217;0;0;0;0;0
1271722;0;0;0;0;0
1272201;0;0;0;0;0
1272235;0;0;0;0;0
1272747;0;0;0;0;0
1273215;0;0;0;0;0
1273249;0;0;0;0;0
1273752;0;0;0;0;0
1274226;0;0;0;0;0
1274261;0;0;0;0;0
1274768;0;0;0;0;0
1275238;0;0;0;0;0
1275271;0;0;0;0;0
1275776;0;0;0;0;0
1276246;0;0;0;0;0
1276278;0;0;0;0;0
1276795;0;0;0;0;0
1277259;0;0;0;0;0
1278266;0;0;0;0;0
